external_id,tema_numero,confianza,modo,seccion_corpus,norma,articulo,referencia_boe,evidencia_caracteres,evidencia_literal,aviso
pn-of37-p01,3,ALTA,norma nombrada,3,Constitución Española,147,BOE-A-1978-31229,144,se ajustara al procedimiento establecido en los mismos y requerira  en todo caso  la aprobacion por las cortes generales  mediante ley organica,
pn-of37-p02,4,BAJA,búsqueda abierta,28,"Real Decreto 1325/2003, de 24 de octubre, por el que se aprueba el Reglamento sobre régimen de protección temporal en caso de afluencia masiva de personas desplazadas. [Inclusión parcial]",21,BOE-A-2003-19714,31,el consejo de la union europea,
pn-of37-p03,9,ALTA,norma nombrada,19,"Ley Orgánica 2/1986, de 13 de marzo, de Fuerzas y Cuerpos de Seguridad",5,BOE-A-1986-6859,112,obligados a revelar las fuentes de informacion salvo que el ejercicio de sus funciones o las disposiciones de l,
pn-of37-p04,16,ALTA,norma nombrada,35,"Ley Orgánica 10/1995, de 23 de noviembre, del Código Penal.",16,BOE-A-1995-25444,265,cuando el sujeto da principio a la ejecucion del delito directamente por hechos exteriores  practicando todos o parte de los actos que objetivamente deberian producir el resultado  y sin embargo este no se produce por causas independientes de la voluntad del autor,
pn-of37-p05,28,SIN TRAZA,búsqueda abierta,,,,,0,,
pn-of37-p06,1,MEDIA,búsqueda abierta,2,Real Decreto de 24 de julio de 1889 por el que se publica el Código Civil. [Inclusión parcial],23,BOE-A-1889-4763,90,la adquisicion de la nacionalidad espanola por opcion  carta de naturaleza o residencia,
pn-of37-p07,35,SIN TRAZA,búsqueda abierta,,,,,0,,
pn-of37-p08,38,SIN TRAZA,búsqueda abierta,,,,,0,,
pn-of37-p09,3,SIN TRAZA,búsqueda abierta,,,,,0,,
pn-of37-p10,39,SIN TRAZA,búsqueda abierta,,,,,0,,
pn-of37-p11,32,SIN TRAZA,búsqueda abierta,,,,,0,,
pn-of37-p12,3,MEDIA,búsqueda abierta,3,Constitución Española,160,BOE-A-1978-31229,101,entre sus miembros por el rey  a propuesta del mismo tribunal en pleno y por un periodo de tres anos,
pn-of37-p13,5,BAJA,norma nombrada,3,Constitución Española,103,BOE-A-1978-31229,46,sirve con objetividad los intereses generales,
pn-of37-p14,8,BAJA,búsqueda abierta,12,"Orden INT/859/2023, de 21 de julio, por la que se desarrolla la estructura orgánica y funciones de los servicios centrales y territoriales de la Dirección General de la Policía",6,BOE-A-2023-17072,55,la unidad adscrita a la fiscalia general del estado  de,
pn-of37-p15,8,BAJA,búsqueda abierta,12,"Orden INT/859/2023, de 21 de julio, por la que se desarrolla la estructura orgánica y funciones de los servicios centrales y territoriales de la Dirección General de la Policía",4,BOE-A-2023-17072,53,la division de operaciones y transformacion digital,
pn-of37-p16,13,BAJA,norma nombrada,30,"Ley 5/2014, de 4 de abril, de Seguridad Privada",29,BOE-A-2014-3649,39,para el personal de seguridad privada,
pn-of37-p17,34,SIN TRAZA,búsqueda abierta,,,,,0,,
pn-of37-p18,38,SIN TRAZA,búsqueda abierta,,,,,0,,
pn-of37-p19,7,BAJA,búsqueda abierta,12,"Orden INT/859/2023, de 21 de julio, por la que se desarrolla la estructura orgánica y funciones de los servicios centrales y territoriales de la Dirección General de la Policía",13,BOE-A-2023-17072,45,cion de la secretaria de estado de seguridad,
pn-of37-p20,8,BAJA,búsqueda abierta,12,"Orden INT/859/2023, de 21 de julio, por la que se desarrolla la estructura orgánica y funciones de los servicios centrales y territoriales de la Dirección General de la Policía",6,BOE-A-2023-17072,55,la unidad central de delincuencia economica y fiscal,
pn-of37-p21,17,SIN TRAZA,norma nombrada,35,"Ley Orgánica 10/1995, de 23 de noviembre, del Código Penal.",147,BOE-A-1995-25444,20,delito de lesiones,
pn-of37-p22,29,SIN TRAZA,búsqueda abierta,,,,,0,,
pn-of37-p23,38,SIN TRAZA,búsqueda abierta,,,,,0,,
pn-of37-p24,1,ALTA,búsqueda abierta,2,Real Decreto de 24 de julio de 1889 por el que se publica el Código Civil. [Inclusión parcial],30,BOE-A-1889-4763,127,la personalidad se adquiere en el momento del nacimiento con vida  una vez producido el entero desprendimiento del seno materno,
pn-of37-p25,0,SIN TRAZA,búsqueda abierta,,,,,0,,
pn-of37-p26,0,SIN TRAZA,búsqueda abierta,,,,,0,,
pn-of37-p27,0,SIN TRAZA,búsqueda abierta,,,,,0,,
pn-of37-p28,4,BAJA,búsqueda abierta,36,"Ley Orgánica 6/1985, de 1 de julio, del Poder Judicial. [Inclusión parcial]",4 bis,BOE-A-1985-12666,44,el tribunal de justicia de la union europea,
pn-of37-p29,5,ALTA,norma nombrada,9,"Ley 50/1997, de 27 de noviembre, del Gobierno",9,BOE-A-1997-25336,149,velar por la correcta y fiel publicacion de las disposiciones y normas emanadas del gobierno que deban insertarse en el  boletin oficial del estado,
pn-of37-p30,0,SIN TRAZA,búsqueda abierta,,,,,0,,
pn-of37-p31,2,SIN TRAZA,búsqueda abierta,,,,,0,,
pn-of37-p32,6,MEDIA,búsqueda abierta,13,"Ley Orgánica 9/2015, de 28 de julio, de Régimen de Personal de la Policía Nacional. [Inclusión parcial]",58,BOE-A-2015-8468,66,subordinada a las necesidades del servicio  debidamente motivadas,
pn-of37-p33,11,ALTA,norma nombrada,22,"Ley Orgánica 4/2000, de 11 de enero, sobre derechos y libertades de los extranjeros en España y su integración social",58,BOE-A-2000-544,109,para el orden publico  la seguridad publica  la seguridad nacional o para la salud publica  podra imponerse,
pn-of37-p34,8,BAJA,búsqueda abierta,12,"Orden INT/859/2023, de 21 de julio, por la que se desarrolla la estructura orgánica y funciones de los servicios centrales y territoriales de la Dirección General de la Policía",4,BOE-A-2023-17072,55,la division de operaciones y transformacion digital,
pn-of37-p35,10,MEDIA,búsqueda abierta,22,"Ley Orgánica 4/2000, de 11 de enero, sobre derechos y libertades de los extranjeros en España y su integración social",25 bis,BOE-A-2000-544,99,habilita para trabajar por cuenta ajena hasta nueve meses en un periodo de doce meses consecutivos,
pn-of37-p36,29,BAJA,búsqueda abierta,35,"Ley Orgánica 10/1995, de 23 de noviembre, del Código Penal.",71,BOE-A-1995-25444,27,en la determinacion de la,
pn-of37-p37,6,MEDIA,búsqueda abierta,10,"Real Decreto Legislativo 5/2015, de 30 de octubre, por el que se aprueba el texto refundido de la Ley del Estatuto Básico del Empleado Público. [Inclusión parcial]",4,BOE-A-2015-11719,113,estatuto solo se aplicaran directamente cuando asi lo disponga su legislacion especifica al siguiente personal,
pn-of37-p38,12,ALTA,norma nombrada,25,"Ley 12/2009, de 30 de octubre, reguladora del derecho de asilo y de la protección subsidiaria",18,BOE-A-2009-17242,203,proporcionar sus impresiones dactilares  permitir ser fotografiados y  en su caso  consentir que sean grabadas sus declaraciones  siempre que hayan sido previamente informados sobre este ultimo extremo,
pn-of37-p39,1,ALTA,búsqueda abierta,2,Real Decreto de 24 de julio de 1889 por el que se publica el Código Civil. [Inclusión parcial],7,BOE-A-1889-4763,432,la ley no ampara el abuso del derecho o el ejercicio antisocial del mismo  todo acto u omision que por la intencion de su autor  por su objeto o por las circunstancias en que se realice sobrepase manifiestamente los limites normales del ejercicio de un derecho  con dano para tercero  dara lugar a la,
pn-of37-p40,29,SIN TRAZA,búsqueda abierta,,,,,0,,
pn-of37-p41,2,SIN TRAZA,norma nombrada,3,Constitución Española,149,BOE-A-1978-31229,23,competencia exclusiva,
pn-of37-p42,27,BAJA,búsqueda abierta,11,"Real Decreto 207/2024, de 27 de febrero, por el que se desarrolla la estructura orgánica básica del Ministerio del Interior",2,BOE-A-2024-3793,51,el comite europeo para la prevencion de la tortura,
pn-of37-p43,41,SIN TRAZA,búsqueda abierta,,,,,0,,
pn-of37-p44,35,SIN TRAZA,búsqueda abierta,,,,,0,,
pn-of37-p45,1,ALTA,búsqueda abierta,2,Real Decreto de 24 de julio de 1889 por el que se publica el Código Civil. [Inclusión parcial],14,BOE-A-1889-4763,198,si al nacer el hijo  o al ser adoptado  los padres tuvieren distinta vecindad civil  el hijo tendra la que corresponda a aquel de los dos respecto del cual la filiacion haya sido determinada antes,
pn-of37-p46,21,MEDIA,búsqueda abierta,37,Real Decreto de 14 de septiembre de 1882 por el que se aprueba la Ley de Enjuiciamiento Criminal.,520,BOE-A-1882-6036,92,do acudira al centro de detencion con la maxima premura  siempre dentro del plazo maximo de,
pn-of37-p47,25,ALTA,norma nombrada,44,"Ley 31/1995, de 8 de noviembre, de Prevención de Riesgos Laborales",9,BOE-A-1995-24292,93,la funcion de la vigilancia y control de la normativa sobre prevencion de riesgos laborales,
pn-of37-p48,33,SIN TRAZA,búsqueda abierta,,,,,0,,
pn-of37-p49,38,BAJA,búsqueda abierta,12,"Orden INT/859/2023, de 21 de julio, por la que se desarrolla la estructura orgánica y funciones de los servicios centrales y territoriales de la Dirección General de la Policía",7,BOE-A-2023-17072,25,la unidad central de pro,
pn-of37-p50,45,BAJA,búsqueda abierta,45,"Real Decreto 2/2006, de 16 de enero, por el que se establecen normas sobre prevención de riesgos laborales en la actividad de los funcionarios del Cuerpo Nacional de Policía",14,BOE-A-2006-624,41,ativa de prevencion de riesgos laborales,
pn-of37-p51,0,SIN TRAZA,búsqueda abierta,,,,,0,,
pn-of37-p52,42,SIN TRAZA,norma nombrada,58,"Instrucciones técnicas complementarias del Reglamento de Armas (ITC 1 a ITC 5), aprobadas por el artículo segundo del Real Decreto 726/2020, de 4 de agosto",ITC 1,BOE-A-2020-9134,24,el reglamento de armas,
pn-of37-p53,8,BAJA,búsqueda abierta,11,"Real Decreto 207/2024, de 27 de febrero, por el que se desarrolla la estructura orgánica básica del Ministerio del Interior",3,BOE-A-2024-3793,45,la comisaria general de seguridad ciudadana,
pn-of37-p54,31,SIN TRAZA,búsqueda abierta,,,,,0,,
pn-of37-p55,43,BAJA,búsqueda abierta,53,"Orden INT/2573/2015, de 30 de noviembre, por la que se determinan las especificaciones técnicas que deben reunir los vehículos destinados a la conducción de detenidos, presos y penados",1,BOE-A-2015-13138,44,l transporte de detenidos  presos y penados,
pn-of37-p56,29,SIN TRAZA,búsqueda abierta,,,,,0,,
pn-of37-p57,0,SIN TRAZA,búsqueda abierta,,,,,0,,
pn-of37-p58,0,SIN TRAZA,búsqueda abierta,,,,,0,,
pn-of37-p59,8,ALTA,norma nombrada,14,"Ley Orgánica 4/2010, de 20 de mayo, del Régimen disciplinario del Cuerpo Nacional de Policía",8,BOE-A-2010-8115,136,dar lugar al extravio  perdida o sustraccion por negligencia inexcusable de los distintivos de identificacion o del arma reglamentaria,
pn-of37-p60,27,SIN TRAZA,búsqueda abierta,,,,,0,,
pn-of37-p61,35,SIN TRAZA,búsqueda abierta,,,,,0,,
pn-of37-p62,42,ALTA,búsqueda abierta,50,"Real Decreto 137/1993, de 29 de enero, por el que se aprueba el Reglamento de Armas",2,BOE-A-1993-6202,190,arma de fuego que se recarga despues de cada disparo  mediante un mecanismo accionado por el tirador que introduce en el canon un cartucho colocado previamente en el deposito de municiones,
pn-of37-p63,3,ALTA,búsqueda abierta,3,Constitución Española,165,BOE-A-1978-31229,133,una ley organica regulara el funcionamiento del tribunal constitucional  el estatuto de sus miembros  el procedimiento ante el mismo,
pn-of37-p64,39,SIN TRAZA,búsqueda abierta,,,,,0,,
pn-of37-p65,4,BAJA,búsqueda abierta,36,"Ley Orgánica 6/1985, de 1 de julio, del Poder Judicial. [Inclusión parcial]",95,BOE-A-1985-12666,52,de reconocimiento mutuo de resoluciones penales en,
pn-of37-p66,4,BAJA,búsqueda abierta,25,"Ley 12/2009, de 30 de octubre, reguladora del derecho de asilo y de la protección subsidiaria",23,BOE-A-2009-17242,40,compuesto por un representante de cada,
pn-of37-p67,32,SIN TRAZA,búsqueda abierta,,,,,0,,
pn-of37-p68,8,BAJA,búsqueda abierta,11,"Real Decreto 207/2024, de 27 de febrero, por el que se desarrolla la estructura orgánica básica del Ministerio del Interior",3,BOE-A-2024-3793,52,la division de operaciones y transformacion digital,
pn-of37-p69,3,ALTA,norma nombrada,3,Constitución Española,86,BOE-A-1978-31229,80,disposiciones legislativas provisionales que tomaran la forma de decretos leyes,
pn-of37-p70,25,ALTA,norma nombrada,45,"Real Decreto 2/2006, de 16 de enero, por el que se establecen normas sobre prevención de riesgos laborales en la actividad de los funcionarios del Cuerpo Nacional de Policía",19,BOE-A-2006-624,166,s por la inspeccion de personal y servicios de seguridad de la secretaria de estado de seguridad  que a dichos efectos podra requerir el asesoramiento y colaboracion,
pn-of37-p71,9,ALTA,norma nombrada,19,"Ley Orgánica 2/1986, de 13 de marzo, de Fuerzas y Cuerpos de Seguridad",48,BOE-A-1986-6859,92,aprobar los planes de coordinacion en materia de seguridad y de infraestructura policial,
pn-of37-p72,13,ALTA,norma nombrada,30,"Ley 5/2014, de 4 de abril, de Seguridad Privada",2,BOE-A-2014-3649,75,el personal habilitado para el ejercicio de funciones de seguridad privada,
pn-of37-p73,6,BAJA,norma nombrada,10,"Real Decreto Legislativo 5/2015, de 30 de octubre, por el que se aprueba el texto refundido de la Ley del Estatuto Básico del Empleado Público. [Inclusión parcial]",7,BOE-A-2015-11719,42,el texto refundido de la ley del estatuto,
pn-of37-p74,38,SIN TRAZA,búsqueda abierta,,,,,0,,
pn-of37-p75,23,BAJA,norma nombrada,42,"Ley Orgánica 3/2007, de 22 de marzo, para la igualdad efectiva de mujeres y hombres. [Inclusión parcial]",3,BOE-A-2007-6115,47,de igualdad de trato entre mujeres y hombres,
pn-of37-p76,28,SIN TRAZA,búsqueda abierta,,,,,0,,
pn-of37-p77,33,SIN TRAZA,búsqueda abierta,,,,,0,,
pn-of37-p78,16,ALTA,norma nombrada,35,"Ley Orgánica 10/1995, de 23 de noviembre, del Código Penal.",11,BOE-A-1995-25444,132,cuando el omitente haya creado una ocasion de riesgo para el bien juridicamente protegido mediante una accion u omision precedente,
pn-of37-p79,8,ALTA,búsqueda abierta,13,"Ley Orgánica 9/2015, de 28 de julio, de Régimen de Personal de la Policía Nacional. [Inclusión parcial]",53,BOE-A-2015-8468,130,el plazo posesorio por cese en un puesto de trabajo al haber obtenido otro mediante el procedimiento de provision correspondiente,
pn-of37-p80,21,BAJA,búsqueda abierta,37,Real Decreto de 14 de septiembre de 1882 por el que se aprueba la Ley de Enjuiciamiento Criminal.,14,BOE-A-1882-6036,48,para el conocimiento y fallo de las causas por,
pn-of37-p81,33,SIN TRAZA,búsqueda abierta,,,,,0,,
pn-of37-p82,4,BAJA,búsqueda abierta,48,"Ley Orgánica 7/2021, de 26 de mayo, de protección de datos personales tratados para fines de prevención, detección, investigación y enjuiciamiento de infracciones penales y de ejecución de sanciones penales. [Inclusión parcial]",12,BOE-A-2021-8806,51,del tratado de funcionamiento de la union europea,
pn-of37-p83,6,BAJA,búsqueda abierta,10,"Real Decreto Legislativo 5/2015, de 30 de octubre, por el que se aprueba el texto refundido de la Ley del Estatuto Básico del Empleado Público. [Inclusión parcial]",10,BOE-A-2015-11719,39,las plazas vacantes desempenadas por,
pn-of37-p84,10,ALTA,norma nombrada,22,"Ley Orgánica 4/2000, de 11 de enero, sobre derechos y libertades de los extranjeros en España y su integración social",5,BOE-A-2000-544,83,n derecho a circular libremente por el territorio espanol y a elegir su residencia,
pn-of37-p85,12,ALTA,norma nombrada,25,"Ley 12/2009, de 30 de octubre, reguladora del derecho de asilo y de la protección subsidiaria",17,BOE-A-2009-17242,207,en todo caso en el plazo maximo de un mes desde la entrada en el territorio espanol o  en todo caso  desde que se produzcan los acontecimientos que justifiquen el temor fundado de persecucion o danos graves,
pn-of37-p86,29,SIN TRAZA,búsqueda abierta,,,,,0,,
pn-of37-p87,14,SIN TRAZA,norma nombrada,40,"Ley 4/2015, de 27 de abril, del Estatuto de la víctima del delito. [Inclusión parcial]",8,BOE-A-2015-4606,21,el incumplimiento de,
pn-of37-p88,3,SIN TRAZA,búsqueda abierta,,,,,0,,
pn-of37-p89,23,BAJA,norma nombrada,41,"Ley Orgánica 1/2004, de 28 de diciembre, de Medidas de Protección Integral contra la Violencia de Género. [Inclusión parcial]",2,BOE-A-2004-21760,35,contra la violencia sobre la mujer,
pn-of37-p90,4,SIN TRAZA,búsqueda abierta,,,,,0,,
pn-of37-p91,44,SIN TRAZA,búsqueda abierta,58,"Instrucciones técnicas complementarias del Reglamento de Armas (ITC 1 a ITC 5), aprobadas por el artículo segundo del Real Decreto 726/2020, de 4 de agosto",ITC 4,BOE-A-2020-9134,16,al menos 1 6 mm,
pn-of37-p92,34,SIN TRAZA,búsqueda abierta,,,,,0,,
pn-of37-p93,21,ALTA,búsqueda abierta,37,Real Decreto de 14 de septiembre de 1882 por el que se aprueba la Ley de Enjuiciamiento Criminal.,283,BOE-A-1882-6036,133,constituiran la policia judicial y seran auxiliares de los jueces y tribunales competentes en materia penal y del ministerio fiscal,
pn-of37-p94,38,SIN TRAZA,búsqueda abierta,,,,,0,,
pn-of37-p95,27,SIN TRAZA,búsqueda abierta,,,,,0,,
pn-of37-p96,42,BAJA,búsqueda abierta,50,"Real Decreto 137/1993, de 29 de enero, por el que se aprueba el Reglamento de Armas",144,BOE-A-1993-6202,46,en la intervencion de armas correspondiente,
pn-of37-p97,3,ALTA,norma nombrada,3,Constitución Española,138,BOE-A-1978-31229,186,por el establecimiento de un equilibrio economico  adecuado y justo entre las diversas partes del territorio espanol  y atendiendo en particular a las circunstancias del hecho insular,
pn-of37-p98,8,BAJA,norma nombrada,13,"Ley Orgánica 9/2015, de 28 de julio, de Régimen de Personal de la Policía Nacional. [Inclusión parcial]",44,BOE-A-2015-8468,34,personal de la policia nacional,
pn-of37-p99,32,SIN TRAZA,búsqueda abierta,,,,,0,,
pn-of37-p100,35,BAJA,búsqueda abierta,36,"Ley Orgánica 6/1985, de 1 de julio, del Poder Judicial. [Inclusión parcial]",23,BOE-A-1985-12666,31,organismo de la union europea,
pn-of38-p01,1,BAJA,búsqueda abierta,37,Real Decreto de 14 de septiembre de 1882 por el que se aprueba la Ley de Enjuiciamiento Criminal.,375,BOE-A-1882-6036,33,nacimiento en el registro civil,
pn-of38-p02,1,MEDIA,búsqueda abierta,2,Real Decreto de 24 de julio de 1889 por el que se publica el Código Civil. [Inclusión parcial],26,BOE-A-1889-4763,97,declarar ante el encargado del registro civil su voluntad de recuperar la nacionalidad espanola,
pn-of38-p03,2,BAJA,norma nombrada,3,Constitución Española,33,BOE-A-1978-31229,52,el derecho a la propiedad privada y a la herencia,
pn-of38-p04,2,SIN TRAZA,búsqueda abierta,,,,,0,,
pn-of38-p05,26,BAJA,norma nombrada,47,"Ley Orgánica 3/2018, de 5 de diciembre, de Protección de Datos Personales y garantía de los derechos digitales. [Inclusión parcial]",7,BOE-A-2018-16673,59,el tratamiento de los datos personales de un menor de edad,
pn-of38-p06,3,MEDIA,búsqueda abierta,3,Constitución Española,2,BOE-A-1978-31229,85,reconoce y garantiza el derecho a la autonomia de las nacionalidades y regiones que,
pn-of38-p07,3,MEDIA,búsqueda abierta,3,Constitución Española,167,BOE-A-1978-31229,62,una decima parte de los miembros de cualquiera de las camaras,
pn-of38-p08,3,ALTA,norma nombrada,3,Constitución Española,73,BOE-A-1978-31229,139,las sesiones extraordinarias deberan convocarse sobre un orden del dia determinado y seran clausuradas una vez que este haya sido agotado,
pn-of38-p09,4,SIN TRAZA,búsqueda abierta,,,,,0,,
pn-of38-p10,4,SIN TRAZA,búsqueda abierta,,,,,0,,
pn-of38-p11,5,ALTA,norma nombrada,9,"Ley 50/1997, de 27 de noviembre, del Gobierno",21,BOE-A-1997-25336,83,presentar proyectos de ley al congreso de los diputados o  en su caso  al senado,
pn-of38-p12,4,SIN TRAZA,búsqueda abierta,,,,,0,,
pn-of38-p13,5,MEDIA,búsqueda abierta,11,"Real Decreto 207/2024, de 27 de febrero, por el que se desarrolla la estructura orgánica básica del Ministerio del Interior",1,BOE-A-2024-3793,67,la propuesta y ejecucion de la politica del gobierno en materia de,
pn-of38-p14,5,ALTA,búsqueda abierta,8,"Ley 40/2015, de 1 de octubre, de Régimen Jurídico del Sector Público. [Inclusión parcial]",73,BOE-A-2015-10566,241,proteger el libre ejercicio de los derechos y libertades y garantizar la seguridad ciudadana  a traves de los subdelegados del gobierno y de las fuerzas y cuerpos de seguridad del estado  cuya jefatura correspondera al delegado del gobierno,
pn-of38-p15,6,SIN TRAZA,búsqueda abierta,18,"Real Decreto 49/2024, de 16 de enero, por el que se aprueba el Reglamento de los centros docentes de la Policía Nacional",12,BOE-A-2024-814,23,a ocupar un puesto de,
pn-of38-p16,6,BAJA,búsqueda abierta,10,"Real Decreto Legislativo 5/2015, de 30 de octubre, por el que se aprueba el texto refundido de la Ley del Estatuto Básico del Empleado Público. [Inclusión parcial]",12,BOE-A-2015-11719,39,de confianza o asesoramiento especial,
pn-of38-p17,6,BAJA,norma nombrada,10,"Real Decreto Legislativo 5/2015, de 30 de octubre, por el que se aprueba el texto refundido de la Ley del Estatuto Básico del Empleado Público. [Inclusión parcial]",89,BOE-A-2015-11719,33,a de los funcionarios de carrera,
pn-of38-p18,7,ALTA,búsqueda abierta,11,"Real Decreto 207/2024, de 27 de febrero, por el que se desarrolla la estructura orgánica básica del Ministerio del Interior",6,BOE-A-2024-3793,153,el real decreto 951 2005  de 29 de julio  por el que se establece el marco general para la mejora de la calidad en la administracion general del estado,imán: el artículo atrae preguntas de 3+ temas — revisar a mano
pn-of38-p19,7,BAJA,búsqueda abierta,11,"Real Decreto 207/2024, de 27 de febrero, por el que se desarrolla la estructura orgánica básica del Ministerio del Interior",9,BOE-A-2024-3793,37,apoyo a las victimas del terrorismo,
pn-of38-p20,8,MEDIA,búsqueda abierta,16,"Orden INT/632/2024, de 20 de junio, por la que se establecen normas para la aplicación y desarrollo del Reglamento de procesos selectivos y formación de la Policía Nacional, aprobado por el Real Decreto 853/2022, de 11 de octubre",64,BOE-A-2024-12811,79,los procesos selectivos de ingreso y promocion interna de la policia nacional,
pn-of38-p21,21,MEDIA,búsqueda abierta,37,Real Decreto de 14 de septiembre de 1882 por el que se aprueba la Ley de Enjuiciamiento Criminal.,283,BOE-A-1882-6036,81,a efectos de la investigacion de los delitos y persecucion de los delincuentes,
pn-of38-p22,8,BAJA,búsqueda abierta,12,"Orden INT/859/2023, de 21 de julio, por la que se desarrolla la estructura orgánica y funciones de los servicios centrales y territoriales de la Dirección General de la Policía",6,BOE-A-2023-17072,59,la unidad central de delincuencia especializada y violenta,
pn-of38-p23,8,MEDIA,búsqueda abierta,19,"Ley Orgánica 2/1986, de 13 de marzo, de Fuerzas y Cuerpos de Seguridad",12,BOE-A-1986-6859,83,el control de entrada y salida del territorio nacional de espanoles y extranjeros,
pn-of38-p24,9,ALTA,norma nombrada,19,"Ley Orgánica 2/1986, de 13 de marzo, de Fuerzas y Cuerpos de Seguridad",48,BOE-A-1986-6859,78,las politicas de seguridad publica del estado y de las comunidades autonomas,
pn-of38-p25,9,BAJA,norma nombrada,19,"Ley Orgánica 2/1986, de 13 de marzo, de Fuerzas y Cuerpos de Seguridad",5,BOE-A-1986-6859,37,adecuacion al ordenamiento juridico,
pn-of38-p26,10,MEDIA,búsqueda abierta,22,"Ley Orgánica 4/2000, de 11 de enero, sobre derechos y libertades de los extranjeros en España y su integración social",4,BOE-A-2000-544,63,para permanecer en espana por un periodo superior a seis meses,
pn-of38-p27,10,SIN TRAZA,norma nombrada,24,"Real Decreto 240/2007, de 16 de febrero, sobre entrada, libre circulación y residencia en España de ciudadanos de los Estados miembros de la Unión Europea y de otros Estados parte en el Acuerdo sobre el Espacio Económico Europeo",6,BOE-A-2007-4184,20,sera de aplicacion,
pn-of38-p28,10,SIN TRAZA,búsqueda abierta,,,,,0,,
pn-of38-p29,10,BAJA,búsqueda abierta,35,"Ley Orgánica 10/1995, de 23 de noviembre, del Código Penal.",311,BOE-A-1995-25444,45,la correspondiente autorizacion de trabajo,
pn-of38-p30,10,BAJA,búsqueda abierta,23,"Real Decreto 1155/2024, de 19 de noviembre, por el que se aprueba el Reglamento de la Ley Orgánica 4/2000, de 11 de enero, sobre derechos y libertades de los extranjeros en España y su integración social",28,BOE-A-2024-24099,32,una prohibicion de entrada por,
pn-of38-p31,11,BAJA,norma nombrada,22,"Ley Orgánica 4/2000, de 11 de enero, sobre derechos y libertades de los extranjeros en España y su integración social",56,BOE-A-2000-544,49,las infracciones muy graves prescribiran a los,
pn-of38-p32,10,SIN TRAZA,búsqueda abierta,,,,,0,,
pn-of38-p33,12,BAJA,búsqueda abierta,27,"Real Decreto 865/2001, de 20 de julio, por el que se aprueba el Reglamento de reconocimiento del estatuto de apátrida",1,BOE-A-2001-14166,52,n la convencion sobre el estatuto de los apatridas,
pn-of38-p34,12,ALTA,búsqueda abierta,22,"Ley Orgánica 4/2000, de 11 de enero, sobre derechos y libertades de los extranjeros en España y su integración social",35,BOE-A-2000-544,159,los cuerpos y fuerzas de seguridad del estado localicen a un extranjero indocumentado cuya minoria de edad no pueda ser establecida con seguridad  se le dara,
pn-of38-p35,12,ALTA,búsqueda abierta,25,"Ley 12/2009, de 30 de octubre, reguladora del derecho de asilo y de la protección subsidiaria",25,BOE-A-2009-17242,120,el ministerio del interior  de oficio o a peticion del interesado  acordara la aplicacion de la tramitacion de urgencia,
pn-of38-p36,13,BAJA,norma nombrada,30,"Ley 5/2014, de 4 de abril, de Seguridad Privada",13,BOE-A-2014-3649,25,de seguridad privada cua,
pn-of38-p37,13,ALTA,norma nombrada,30,"Ley 5/2014, de 4 de abril, de Seguridad Privada",27,BOE-A-2014-3649,226,la habilitacion de todo el personal de seguridad privada correspondera a la direccion general de la policia  excepto la de los guardas rurales y sus especialidades que correspondera a la direccion general de la guardia civil,
pn-of38-p38,14,SIN TRAZA,norma nombrada,40,"Ley 4/2015, de 27 de abril, del Estatuto de la víctima del delito. [Inclusión parcial]",23,BOE-A-2015-4606,16,s personales de,
pn-of38-p39,14,BAJA,norma nombrada,40,"Ley 4/2015, de 27 de abril, del Estatuto de la víctima del delito. [Inclusión parcial]",30,BOE-A-2015-4606,41,de la administracion general del estado,
pn-of38-p40,14,SIN TRAZA,norma nombrada,40,"Ley 4/2015, de 27 de abril, del Estatuto de la víctima del delito. [Inclusión parcial]",24,BOE-A-2015-4606,21,de proteccion de la,
pn-of38-p41,15,ALTA,norma nombrada,33,"Real Decreto 704/2011, de 20 de mayo, por el que se aprueba el Reglamento de protección de las infraestructuras críticas",4,BOE-A-2011-8849,166,el catalogo nacional de infraestructuras estrategicas tiene  conforme a lo dispuesto en la legislacion vigente en materia de secretos oficiales  la calificacion de,
pn-of38-p42,15,ALTA,norma nombrada,32,"Ley 8/2011, de 28 de abril, por la que se establecen medidas para la protección de las infraestructuras críticas",2,BOE-A-2011-7630,159,las instalaciones  redes  sistemas y equipos fisicos y de tecnologia de la informacion sobre las que descansa el funcionamiento de los servicios esenciales,
pn-of38-p43,16,SIN TRAZA,búsqueda abierta,,,,,0,,
pn-of38-p44,16,BAJA,norma nombrada,35,"Ley Orgánica 10/1995, de 23 de noviembre, del Código Penal.",118,BOE-A-1995-25444,32,de la responsabilidad criminal,
pn-of38-p45,16,BAJA,norma nombrada,35,"Ley Orgánica 10/1995, de 23 de noviembre, del Código Penal.",20,BOE-A-1995-25444,44,el que obre impulsado por miedo insuperable,
pn-of38-p46,18,SIN TRAZA,búsqueda abierta,,,,,0,,
pn-of38-p47,17,ALTA,norma nombrada,35,"Ley Orgánica 10/1995, de 23 de noviembre, del Código Penal.",142,BOE-A-1995-25444,67,solo sera perseguible mediante denuncia de la persona agraviada o,
pn-of38-p48,17,SIN TRAZA,norma nombrada,35,"Ley Orgánica 10/1995, de 23 de noviembre, del Código Penal.",576,BOE-A-1995-25444,18,ria o complicidad,
pn-of38-p49,17,BAJA,norma nombrada,35,"Ley Orgánica 10/1995, de 23 de noviembre, del Código Penal.",163,BOE-A-1995-25444,45,privandole de su libertad  sera castigado co,
pn-of38-p50,17,BAJA,norma nombrada,35,"Ley Orgánica 10/1995, de 23 de noviembre, del Código Penal.",167,BOE-A-1995-25444,32,autoridad o funcionario publico,
pn-of38-p51,18,ALTA,norma nombrada,35,"Ley Orgánica 10/1995, de 23 de noviembre, del Código Penal.",245,BOE-A-1995-25444,98,el que ocupare  sin autorizacion debida  un inmueble  vivienda o edificio ajenos que no constituya,
pn-of38-p52,18,SIN TRAZA,búsqueda abierta,35,"Ley Orgánica 10/1995, de 23 de noviembre, del Código Penal.",50,BOE-A-1995-25444,17,o de 5 000 euros,
pn-of38-p53,19,SIN TRAZA,búsqueda abierta,35,"Ley Orgánica 10/1995, de 23 de noviembre, del Código Penal.",382 bis,BOE-A-1995-25444,23,autor de un delito de,
pn-of38-p54,19,BAJA,norma nombrada,35,"Ley Orgánica 10/1995, de 23 de noviembre, del Código Penal.",489,BOE-A-1995-25444,36,con violencia o intimidacion grave,
pn-of38-p55,19,SIN TRAZA,búsqueda abierta,,,,,0,,
pn-of38-p56,20,SIN TRAZA,búsqueda abierta,,,,,0,,
pn-of38-p57,20,BAJA,búsqueda abierta,35,"Ley Orgánica 10/1995, de 23 de noviembre, del Código Penal.",197,BOE-A-1995-25444,47,divulgacion menoscabe gravemente la intimidad,
pn-of38-p58,20,BAJA,norma nombrada,35,"Ley Orgánica 10/1995, de 23 de noviembre, del Código Penal.",197 bis,BOE-A-1995-25444,38,vulnerando las medidas de seguridad,
pn-of38-p59,21,BAJA,búsqueda abierta,38,"Ley Orgánica 6/1984, de 24 de mayo, reguladora del procedimiento de «Habeas Corpus»",4,BOE-A-1984-11620,39,preceptiva la intervencion de abogado,
pn-of38-p60,21,BAJA,búsqueda abierta,12,"Orden INT/859/2023, de 21 de julio, por la que se desarrolla la estructura orgánica y funciones de los servicios centrales y territoriales de la Dirección General de la Policía",4,BOE-A-2023-17072,38,s en el ejercicio de sus funciones de,
pn-of38-p61,21,SIN TRAZA,búsqueda abierta,37,Real Decreto de 14 de septiembre de 1882 por el que se aprueba la Ley de Enjuiciamiento Criminal.,306,BOE-A-1882-6036,23,el tribunal del jurado,
pn-of38-p62,22,ALTA,norma nombrada,40,"Ley 4/2015, de 27 de abril, del Estatuto de la víctima del delito. [Inclusión parcial]",8,BOE-A-2015-4606,102,los abogados y procuradores no podran dirigirse a las victimas directas o indirectas de catastrofes,
pn-of38-p63,22,MEDIA,búsqueda abierta,40,"Ley 4/2015, de 27 de abril, del Estatuto de la víctima del delito. [Inclusión parcial]",23,BOE-A-2015-4606,85,perjuicios relevantes que  de otro modo  pudieran derivar del proceso  se realizara,
pn-of38-p64,23,ALTA,norma nombrada,41,"Ley Orgánica 1/2004, de 28 de diciembre, de Medidas de Protección Integral contra la Violencia de Género. [Inclusión parcial]",20,BOE-A-2004-21760,164,las victimas de violencia de genero tienen derecho a recibir asesoramiento juridico gratuito en el momento inmediatamente previo a la interposicion de la denuncia,
pn-of38-p65,23,BAJA,búsqueda abierta,29,"Real Decreto 220/2022, de 29 de marzo, por el que se aprueba el Reglamento por el que se regula el sistema de acogida en materia de protección internacional",2,BOE-A-2022-4978,34,de violencia contra las mujeres,
pn-of38-p66,23,SIN TRAZA,búsqueda abierta,,,,,0,,
pn-of38-p67,25,ALTA,norma nombrada,44,"Ley 31/1995, de 8 de noviembre, de Prevención de Riesgos Laborales",3,BOE-A-1995-24292,120,no sera de aplicacion en aquellas actividades cuyas particularidades lo impidan en el ambito de las funciones publicas,
pn-of38-p68,14,MEDIA,búsqueda abierta,48,"Ley Orgánica 7/2021, de 26 de mayo, de protección de datos personales tratados para fines de prevención, detección, investigación y enjuiciamiento de infracciones penales y de ejecución de sanciones penales. [Inclusión parcial]",15,BOE-A-2021-8806,67,en la instalacion de sistemas de grabacion de imagenes y sonidos,
pn-of38-p69,25,ALTA,búsqueda abierta,46,"Real Decreto 67/2010, de 29 de enero, de adaptación de la legislación de Prevención de Riesgos Laborales a la Administración General del Estado",10,BOE-A-2010-2161,159,que tiene como mision el analisis y estudio de las condiciones de seguridad y salud en el trabajo  asi como la promocion y apoyo a la mejora de las mismas  es,
pn-of38-p70,26,ALTA,norma nombrada,48,"Ley Orgánica 7/2021, de 26 de mayo, de protección de datos personales tratados para fines de prevención, detección, investigación y enjuiciamiento de infracciones penales y de ejecución de sanciones penales. [Inclusión parcial]",5,BOE-A-2021-8806,146,la persona fisica o juridica  autoridad publica  servicio u otro organismo que trate datos personales por cuenta del responsable del tratamiento,
pn-of38-p71,26,ALTA,norma nombrada,48,"Ley Orgánica 7/2021, de 26 de mayo, de protección de datos personales tratados para fines de prevención, detección, investigación y enjuiciamiento de infracciones penales y de ejecución de sanciones penales. [Inclusión parcial]",1,BOE-A-2021-8806,92,con fines de prevencion  deteccion  investigacion y enjuiciamiento de infracciones penales,
pn-of38-p72,27,BAJA,búsqueda abierta,8,"Ley 40/2015, de 1 de octubre, de Régimen Jurídico del Sector Público. [Inclusión parcial]",15,BOE-A-2015-10566,46,s de las distintas administraciones publicas e,
pn-of38-p73,27,BAJA,búsqueda abierta,3,Constitución Española,10,BOE-A-1978-31229,47,n la declaracion universal de derechos humanos,
pn-of38-p74,28,SIN TRAZA,búsqueda abierta,,,,,0,,
pn-of38-p75,29,SIN TRAZA,búsqueda abierta,,,,,0,,
pn-of38-p76,23,SIN TRAZA,norma nombrada,43,"Ley 4/2023, de 28 de febrero, para la igualdad real y efectiva de las personas trans y para la garantía de los derechos de las personas LGTBI. [Inclusión parcial]",37,BOE-A-2023-5366,11,dentro de l,
pn-of38-p77,31,SIN TRAZA,búsqueda abierta,,,,,0,,
pn-of38-p78,32,SIN TRAZA,búsqueda abierta,,,,,0,,
pn-of38-p79,33,SIN TRAZA,búsqueda abierta,,,,,0,,
pn-of38-p80,34,SIN TRAZA,búsqueda abierta,,,,,0,,
pn-of38-p81,34,SIN TRAZA,búsqueda abierta,,,,,0,,
pn-of38-p82,5,MEDIA,búsqueda abierta,11,"Real Decreto 207/2024, de 27 de febrero, por el que se desarrolla la estructura orgánica básica del Ministerio del Interior",1,BOE-A-2024-3793,67,la propuesta y ejecucion de la politica del gobierno en materia de,
pn-of38-p83,37,SIN TRAZA,búsqueda abierta,,,,,0,,
pn-of38-p84,38,SIN TRAZA,búsqueda abierta,,,,,0,,
pn-of38-p85,38,SIN TRAZA,búsqueda abierta,,,,,0,,
pn-of38-p86,39,SIN TRAZA,búsqueda abierta,,,,,0,,
pn-of38-p87,39,SIN TRAZA,búsqueda abierta,,,,,0,,
pn-of38-p88,40,SIN TRAZA,búsqueda abierta,,,,,0,,
pn-of38-p89,40,SIN TRAZA,búsqueda abierta,,,,,0,,
pn-of38-p90,41,SIN TRAZA,búsqueda abierta,,,,,0,,
pn-of38-p91,41,BAJA,búsqueda abierta,37,Real Decreto de 14 de septiembre de 1882 por el que se aprueba la Ley de Enjuiciamiento Criminal.,588 quater a,BOE-A-1882-6036,46,utilizacion de dispositivos electronicos que,
pn-of38-p92,41,SIN TRAZA,búsqueda abierta,,,,,0,,
pn-of38-p93,42,SIN TRAZA,búsqueda abierta,,,,,0,,
pn-of38-p94,42,BAJA,búsqueda abierta,50,"Real Decreto 137/1993, de 29 de enero, por el que se aprueba el Reglamento de Armas",5,BOE-A-1993-6202,39,funcionalidad por medio de una culata,
pn-of38-p95,43,SIN TRAZA,búsqueda abierta,,,,,0,,
pn-of38-p96,43,ALTA,norma nombrada,52,"Real Decreto 1428/2003, de 21 de noviembre, por el que se aprueba el Reglamento General de Circulación para la aplicación y desarrollo del texto articulado de la Ley sobre tráfico, circulación de vehículos a motor y seguridad vial, aprobado por el Real Decreto Legislativo 339/1990, de 2 de marzo. [Inclusión parcial]",69,BOE-A-2003-23514,206,detenerlo con las debidas precauciones en el lado derecho  delante del vehiculo policial  en un lugar donde no genere mayores riesgos o molestias para el resto de los usuarios  y permanecera en su interior,
pn-of38-p97,44,SIN TRAZA,búsqueda abierta,,,,,0,,
pn-of38-p98,45,BAJA,búsqueda abierta,35,"Ley Orgánica 10/1995, de 23 de noviembre, del Código Penal.",379,BOE-A-1995-25444,29,de alcohol en aire espirado,
pn-of38-p99,44,BAJA,búsqueda abierta,53,"Orden INT/2573/2015, de 30 de noviembre, por la que se determinan las especificaciones técnicas que deben reunir los vehículos destinados a la conducción de detenidos, presos y penados",2,BOE-A-2015-13138,43,caracteristicas tecnicas de los vehiculos,
pn-of38-p100,45,SIN TRAZA,búsqueda abierta,,,,,0,,
pn-of39-p01,20,SIN TRAZA,norma nombrada,35,"Ley Orgánica 10/1995, de 23 de noviembre, del Código Penal.",190,BOE-A-1995-25444,22,s de la aplicacion de,
pn-of39-p02,8,ALTA,búsqueda abierta,13,"Ley Orgánica 9/2015, de 28 de julio, de Régimen de Personal de la Policía Nacional. [Inclusión parcial]",15,BOE-A-2015-8468,260,sera competente para resolver sobre la solicitud de compatibilidad para un segundo puesto o actividad  tanto en el sector publico como en el sector privado  el ministerio de hacienda y administraciones publicas  a propuesta del director general de la policia,
pn-of39-p03,37,SIN TRAZA,búsqueda abierta,,,,,0,,
pn-of39-p04,36,SIN TRAZA,búsqueda abierta,,,,,0,,
pn-of39-p05,15,MEDIA,búsqueda abierta,33,"Real Decreto 704/2011, de 20 de mayo, por el que se aprueba el Reglamento de protección de las infraestructuras críticas",5,BOE-A-2011-8849,78,el proceso de identificacion de una infraestructura como critica se realizara,
pn-of39-p06,27,BAJA,búsqueda abierta,3,Constitución Española,10,BOE-A-1978-31229,47,n la declaracion universal de derechos humanos,
pn-of39-p07,4,SIN TRAZA,búsqueda abierta,,,,,0,,
pn-of39-p08,38,SIN TRAZA,búsqueda abierta,,,,,0,,
pn-of39-p09,8,BAJA,búsqueda abierta,17,"Orden INT/430/2014, de 10 de marzo, por la que se regula la uniformidad en el Cuerpo Nacional de Policía",34,BOE-A-2014-2997,50,encomienda a la dedicacion al servicio policial,
pn-of39-p10,41,SIN TRAZA,búsqueda abierta,,,,,0,,
pn-of39-p11,36,SIN TRAZA,búsqueda abierta,,,,,0,,
pn-of39-p12,22,BAJA,búsqueda abierta,17,"Orden INT/430/2014, de 10 de marzo, por la que se regula la uniformidad en el Cuerpo Nacional de Policía",9,BOE-A-2014-2997,31,lo contrario por la autoridad,
pn-of39-p13,12,ALTA,norma nombrada,28,"Real Decreto 1325/2003, de 24 de octubre, por el que se aprueba el Reglamento sobre régimen de protección temporal en caso de afluencia masiva de personas desplazadas. [Inclusión parcial]",2,BOE-A-2003-19714,160,los nacionales de un tercer pais no miembro de la union europea o apatridas que hayan debido abandonar su pais o region de origen  o que hayan sido evacuados,
pn-of39-p14,23,BAJA,norma nombrada,41,"Ley Orgánica 1/2004, de 28 de diciembre, de Medidas de Protección Integral contra la Violencia de Género. [Inclusión parcial]",27,BOE-A-2004-21760,41,e informe del servicio publico de empleo,
pn-of39-p15,30,SIN TRAZA,búsqueda abierta,,,,,0,,
pn-of39-p16,9,BAJA,búsqueda abierta,19,"Ley Orgánica 2/1986, de 13 de marzo, de Fuerzas y Cuerpos de Seguridad",1,BOE-A-1986-6859,46,la seguridad publica es competencia exclusiva,
pn-of39-p17,3,ALTA,búsqueda abierta,3,Constitución Española,150,BOE-A-1978-31229,252,el estado podra dictar leyes que establezcan los principios necesarios para armonizar las disposiciones normativas de las comunidades autonomas  aun en el caso de materias atribuidas a la competencia de estas  cuando asi lo exija el interes general,
pn-of39-p18,37,SIN TRAZA,búsqueda abierta,,,,,0,,
pn-of39-p19,10,ALTA,norma nombrada,22,"Ley Orgánica 4/2000, de 11 de enero, sobre derechos y libertades de los extranjeros en España y su integración social",31 bis,BOE-A-2000-544,91,podra solicitar una autorizacion de residencia y trabajo por circunstancias excepcionales,
pn-of39-p20,11,BAJA,búsqueda abierta,18,"Real Decreto 49/2024, de 16 de enero, por el que se aprueba el Reglamento de los centros docentes de la Policía Nacional",36,BOE-A-2024-814,30,aquellos casos en los que la,
pn-of39-p21,26,ALTA,norma nombrada,48,"Ley Orgánica 7/2021, de 26 de mayo, de protección de datos personales tratados para fines de prevención, detección, investigación y enjuiciamiento de infracciones penales y de ejecución de sanciones penales. [Inclusión parcial]",2,BOE-A-2021-8806,125,fines de prevencion  deteccion  investigacion y enjuiciamiento de infracciones penales y de ejecucion de sanciones penales,
pn-of39-p22,15,BAJA,búsqueda abierta,55,"Ley 39/2006, de 14 de diciembre, de Promoción de la Autonomía Personal y Atención a las personas en situación de dependencia.",8,BOE-A-2006-21990,40,a traves de la secretaria de estado de,
pn-of39-p23,17,SIN TRAZA,búsqueda abierta,58,"Instrucciones técnicas complementarias del Reglamento de Armas (ITC 1 a ITC 5), aprobadas por el artículo segundo del Real Decreto 726/2020, de 4 de agosto",ITC 2,BOE-A-2020-9134,24,con el fin de obtener,
pn-of39-p24,10,BAJA,búsqueda abierta,24,"Real Decreto 240/2007, de 16 de febrero, sobre entrada, libre circulación y residencia en España de ciudadanos de los Estados miembros de la Unión Europea y de otros Estados parte en el Acuerdo sobre el Espacio Económico Europeo",4,BOE-A-2007-4184,59,el pasaporte o documento de identidad valido y en vigor y,
pn-of39-p25,17,ALTA,norma nombrada,35,"Ley Orgánica 10/1995, de 23 de noviembre, del Código Penal.",140 bis,BOE-A-1995-25444,86,s tuvieran un hijo o hija en comun  la autoridad judicial impondra  respecto de este,
pn-of39-p26,8,SIN TRAZA,búsqueda abierta,,,,,0,,
pn-of39-p27,5,BAJA,norma nombrada,9,"Ley 50/1997, de 27 de noviembre, del Gobierno",5,BOE-A-1997-25336,50,las deliberaciones del consejo de ministros seran,
pn-of39-p28,14,SIN TRAZA,norma nombrada,40,"Ley 4/2015, de 27 de abril, del Estatuto de la víctima del delito. [Inclusión parcial]",24,BOE-A-2015-4606,21,de proteccion de la,
pn-of39-p29,36,SIN TRAZA,búsqueda abierta,,,,,0,,
pn-of39-p30,14,SIN TRAZA,norma nombrada,40,"Ley 4/2015, de 27 de abril, del Estatuto de la víctima del delito. [Inclusión parcial]",21,BOE-A-2015-4606,24,estrictamente necesario,
pn-of39-p31,22,BAJA,búsqueda abierta,17,"Orden INT/430/2014, de 10 de marzo, por la que se regula la uniformidad en el Cuerpo Nacional de Policía",4,BOE-A-2014-2997,38,de denuncias y atencion al ciudadano,
pn-of39-p32,21,MEDIA,búsqueda abierta,37,Real Decreto de 14 de septiembre de 1882 por el que se aprueba la Ley de Enjuiciamiento Criminal.,490,BOE-A-1882-6036,62,al que se fugare estando detenido o preso por causa pendiente,
pn-of39-p33,34,SIN TRAZA,búsqueda abierta,,,,,0,,
pn-of39-p34,24,SIN TRAZA,búsqueda abierta,,,,,0,,
pn-of39-p35,10,BAJA,búsqueda abierta,22,"Ley Orgánica 4/2000, de 11 de enero, sobre derechos y libertades de los extranjeros en España y su integración social",25,BOE-A-2000-544,38,la entrada en territorio nacional de,
pn-of39-p36,16,BAJA,norma nombrada,35,"Ley Orgánica 10/1995, de 23 de noviembre, del Código Penal.",130,BOE-A-1995-25444,41,la responsabilidad criminal se extingue,
pn-of39-p37,37,SIN TRAZA,búsqueda abierta,,,,,0,,
pn-of39-p38,42,BAJA,búsqueda abierta,50,"Real Decreto 137/1993, de 29 de enero, por el que se aprueba el Reglamento de Armas",141,BOE-A-1993-6202,58,autorizacion de la direccion general de la guardia civil,
pn-of39-p39,21,BAJA,búsqueda abierta,37,Real Decreto de 14 de septiembre de 1882 por el que se aprueba la Ley de Enjuiciamiento Criminal.,284,BOE-A-1882-6036,27,el juez de instruccion de,
pn-of39-p40,32,SIN TRAZA,búsqueda abierta,,,,,0,,
pn-of39-p41,14,SIN TRAZA,norma nombrada,40,"Ley 4/2015, de 27 de abril, del Estatuto de la víctima del delito. [Inclusión parcial]",4,BOE-A-2015-4606,17,llevarse a cabo,
pn-of39-p42,4,BAJA,búsqueda abierta,11,"Real Decreto 207/2024, de 27 de febrero, por el que se desarrolla la estructura orgánica básica del Ministerio del Interior",6,BOE-A-2024-3793,30,a agencia de la union europea,imán: el artículo atrae preguntas de 3+ temas — revisar a mano
pn-of39-p43,17,SIN TRAZA,búsqueda abierta,,,,,0,,
pn-of39-p44,30,SIN TRAZA,búsqueda abierta,,,,,0,,
pn-of39-p45,16,ALTA,norma nombrada,35,"Ley Orgánica 10/1995, de 23 de noviembre, del Código Penal.",17,BOE-A-1995-25444,70,se conciertan para la ejecucion de un delito y resuelven ejecutarlo,
pn-of39-p46,38,SIN TRAZA,búsqueda abierta,,,,,0,,
pn-of39-p47,22,SIN TRAZA,norma nombrada,40,"Ley 4/2015, de 27 de abril, del Estatuto de la víctima del delito. [Inclusión parcial]",26,BOE-A-2015-4606,21,victima del delito,
pn-of39-p48,16,BAJA,búsqueda abierta,40,"Ley 4/2015, de 27 de abril, del Estatuto de la víctima del delito. [Inclusión parcial]",24,BOE-A-2015-4606,25,responsabilidad penal de,
pn-of39-p49,18,SIN TRAZA,búsqueda abierta,,,,,0,,
pn-of39-p50,25,SIN TRAZA,búsqueda abierta,41,"Ley Orgánica 1/2004, de 28 de diciembre, de Medidas de Protección Integral contra la Violencia de Género. [Inclusión parcial]",64,BOE-A-2004-21760,23,a su lugar de trabajo,
pn-of39-p51,22,BAJA,búsqueda abierta,37,Real Decreto de 14 de septiembre de 1882 por el que se aprueba la Ley de Enjuiciamiento Criminal.,433,BOE-A-1882-6036,40,n el estatuto de la victima del delito,
pn-of39-p52,23,ALTA,norma nombrada,41,"Ley Orgánica 1/2004, de 28 de diciembre, de Medidas de Protección Integral contra la Violencia de Género. [Inclusión parcial]",23,BOE-A-2004-21760,101,las situaciones de violencia de genero que dan lugar al reconocimiento de los derechos regulados en e,
pn-of39-p53,27,BAJA,búsqueda abierta,11,"Real Decreto 207/2024, de 27 de febrero, por el que se desarrolla la estructura orgánica básica del Ministerio del Interior",6,BOE-A-2024-3793,54,de las fuerzas y cuerpos de seguridad del estado en e,imán: el artículo atrae preguntas de 3+ temas — revisar a mano
pn-of39-p54,25,ALTA,norma nombrada,45,"Real Decreto 2/2006, de 16 de enero, por el que se establecen normas sobre prevención de riesgos laborales en la actividad de los funcionarios del Cuerpo Nacional de Policía",14,BOE-A-2006-624,78,por las organizaciones sindicales con representacion en el consejo de policia,
pn-of39-p55,1,BAJA,norma nombrada,3,Constitución Española,11,BOE-A-1978-31229,26,la nacionalidad espanola,
pn-of39-p56,43,MEDIA,búsqueda abierta,52,"Real Decreto 1428/2003, de 21 de noviembre, por el que se aprueba el Reglamento General de Circulación para la aplicación y desarrollo del texto articulado de la Ley sobre tráfico, circulación de vehículos a motor y seguridad vial, aprobado por el Real Decreto Legislativo 339/1990, de 2 de marzo. [Inclusión parcial]",68,BOE-A-2003-23514,110,cuando circulen por autopista o autovia en servicio urgente y no comprometan la seguridad de ningun usuario,
pn-of39-p57,18,BAJA,búsqueda abierta,37,Real Decreto de 14 de septiembre de 1882 por el que se aprueba la Ley de Enjuiciamiento Criminal.,545,BOE-A-1882-6036,27,entrar en el domicilio de,
pn-of39-p58,41,SIN TRAZA,búsqueda abierta,,,,,0,,
pn-of39-p59,11,ALTA,norma nombrada,22,"Ley Orgánica 4/2000, de 11 de enero, sobre derechos y libertades de los extranjeros en España y su integración social",50,BOE-A-2000-544,109,el ejercicio de la potestad sancionadora por la comision de las infracciones administrativas previstas en la,
pn-of39-p60,41,SIN TRAZA,búsqueda abierta,,,,,0,,
pn-of39-p61,2,BAJA,búsqueda abierta,47,"Ley Orgánica 3/2018, de 5 de diciembre, de Protección de Datos Personales y garantía de los derechos digitales. [Inclusión parcial]",22,BOE-A-2018-16673,34,desde que se tuviera conocimiento,
pn-of39-p62,13,ALTA,búsqueda abierta,30,"Ley 5/2014, de 4 de abril, de Seguridad Privada",25,BOE-A-2014-3649,261,facilitar de forma inmediata a la autoridad judicial o a las fuerzas y cuerpos de seguridad competentes las informaciones sobre hechos delictivos de que tuvieren conocimiento en relacion con su trabajo o con las investigaciones que estos esten llevando a cabo,
pn-of39-p63,6,BAJA,búsqueda abierta,10,"Real Decreto Legislativo 5/2015, de 30 de octubre, por el que se aprueba el texto refundido de la Ley del Estatuto Básico del Empleado Público. [Inclusión parcial]",68,BOE-A-2015-11719,46,rehabilitacion de la condicion de funcionario,
pn-of39-p64,39,SIN TRAZA,búsqueda abierta,,,,,0,,
pn-of39-p65,12,BAJA,búsqueda abierta,23,"Real Decreto 1155/2024, de 19 de noviembre, por el que se aprueba el Reglamento de la Ley Orgánica 4/2000, de 11 de enero, sobre derechos y libertades de los extranjeros en España y su integración social",263,BOE-A-2024-24099,59,el ministerio de inclusion  seguridad social y migraciones,
pn-of39-p66,17,SIN TRAZA,búsqueda abierta,,,,,0,,
pn-of39-p67,3,SIN TRAZA,norma nombrada,3,Constitución Española,94,BOE-A-1978-31229,23,territorial del estado,
pn-of39-p68,28,SIN TRAZA,búsqueda abierta,,,,,0,,
pn-of39-p69,14,BAJA,norma nombrada,40,"Ley 4/2015, de 27 de abril, del Estatuto de la víctima del delito. [Inclusión parcial]",7,BOE-A-2015-4606,25,garantizar la seguridad,
pn-of39-p70,43,SIN TRAZA,búsqueda abierta,,,,,0,,
pn-of39-p71,18,SIN TRAZA,norma nombrada,35,"Ley Orgánica 10/1995, de 23 de noviembre, del Código Penal.",127 quinquies,BOE-A-1995-25444,17,el codigo penal,
pn-of39-p72,17,SIN TRAZA,búsqueda abierta,,,,,0,,
pn-of39-p73,43,SIN TRAZA,búsqueda abierta,,,,,0,,
pn-of39-p74,20,ALTA,norma nombrada,35,"Ley Orgánica 10/1995, de 23 de noviembre, del Código Penal.",197,BOE-A-1995-25444,64,que se hallen registrados en ficheros o soportes informaticos,
pn-of39-p75,42,SIN TRAZA,búsqueda abierta,,,,,0,,
pn-of39-p76,8,BAJA,norma nombrada,14,"Ley Orgánica 4/2010, de 20 de mayo, del Régimen disciplinario del Cuerpo Nacional de Policía",30,BOE-A-2010-8115,34,la incoacion de un procedimiento,
pn-of39-p77,17,SIN TRAZA,norma nombrada,35,"Ley Orgánica 10/1995, de 23 de noviembre, del Código Penal.",20,BOE-A-1995-25444,24,estado de intoxicacion,
pn-of39-p78,19,BAJA,búsqueda abierta,31,"Ley Orgánica 4/2015, de 30 de marzo, de protección de la seguridad ciudadana",15,BOE-A-2015-3442,34,a entrada y registro en domicilio,
pn-of39-p79,8,MEDIA,búsqueda abierta,11,"Real Decreto 207/2024, de 27 de febrero, por el que se desarrolla la estructura orgánica básica del Ministerio del Interior",4,BOE-A-2024-3793,94,de acuerdo con las directrices emanadas de la persona titular de la direccion general de la,
pn-of39-p80,45,MEDIA,búsqueda abierta,51,"Real Decreto 2822/1998, de 23 de diciembre, por el que se aprueba el Reglamento General de Vehículos.",32,BOE-A-1999-1826,85,de la legislacion sobre trafico  circulacion de vehiculos a motor y seguridad vial,
pn-of39-p81,1,MEDIA,búsqueda abierta,2,Real Decreto de 24 de julio de 1889 por el que se publica el Código Civil. [Inclusión parcial],19,BOE-A-1889-4763,67,en el plazo de dos anos a partir de la constitucion de la adopcion,
pn-of39-p82,26,BAJA,norma nombrada,47,"Ley Orgánica 3/2018, de 5 de diciembre, de Protección de Datos Personales y garantía de los derechos digitales. [Inclusión parcial]",7,BOE-A-2018-16673,59,el tratamiento de los datos personales de un menor de edad,
pn-of39-p83,25,ALTA,norma nombrada,44,"Ley 31/1995, de 8 de noviembre, de Prevención de Riesgos Laborales",4,BOE-A-1995-24292,84,la posibilidad de que un trabajador sufra un determinado dano derivado del trabajo,
pn-of39-p84,21,BAJA,búsqueda abierta,36,"Ley Orgánica 6/1985, de 1 de julio, del Poder Judicial. [Inclusión parcial]",65,BOE-A-1985-12666,49,delitos cometidos fuera del territorio nacional,
pn-of39-p85,8,ALTA,norma nombrada,13,"Ley Orgánica 9/2015, de 28 de julio, de Régimen de Personal de la Policía Nacional. [Inclusión parcial]",93,BOE-A-2015-8468,89,an derecho a que se les facilite un local adecuado para el ejercicio de sus actividades,
pn-of39-p86,40,SIN TRAZA,búsqueda abierta,,,,,0,,
pn-of39-p87,34,SIN TRAZA,búsqueda abierta,,,,,0,,
pn-of39-p88,19,BAJA,norma nombrada,35,"Ley Orgánica 10/1995, de 23 de noviembre, del Código Penal.",550,BOE-A-1995-25444,32,funciones propias de su cargo,
pn-of39-p89,8,BAJA,búsqueda abierta,12,"Orden INT/859/2023, de 21 de julio, por la que se desarrolla la estructura orgánica y funciones de los servicios centrales y territoriales de la Dirección General de la Policía",4,BOE-A-2023-17072,54,y aquellas otras contrarias a la etica profesional de,
pn-of39-p90,13,ALTA,búsqueda abierta,30,"Ley 5/2014, de 4 de abril, de Seguridad Privada",32,BOE-A-2014-3649,297,ejercer la vigilancia y proteccion de bienes  establecimientos  lugares y eventos  tanto privados como publicos  asi como la proteccion de las personas que puedan encontrarse en los mismos  llevando a cabo las comprobaciones  registros y prevenciones necesarias para el cumplimiento de su mision,
pn-of39-p91,42,BAJA,norma nombrada,50,"Real Decreto 137/1993, de 29 de enero, por el que se aprueba el Reglamento de Armas",1,BOE-A-1993-6202,29,son componentes esenciales,
pn-of39-p92,31,SIN TRAZA,búsqueda abierta,,,,,0,,
pn-of39-p93,23,MEDIA,búsqueda abierta,11,"Real Decreto 207/2024, de 27 de febrero, por el que se desarrolla la estructura orgánica básica del Ministerio del Interior",6,BOE-A-2024-3793,70,sistema de seguimiento integral de los casos de violencia de genero,imán: el artículo atrae preguntas de 3+ temas — revisar a mano
pn-of39-p94,18,BAJA,búsqueda abierta,37,Real Decreto de 14 de septiembre de 1882 por el que se aprueba la Ley de Enjuiciamiento Criminal.,792,BOE-A-1882-6036,25,que se encontraba en el,
pn-of39-p95,11,BAJA,norma nombrada,35,"Ley Orgánica 10/1995, de 23 de noviembre, del Código Penal.",177 bis,BOE-A-1995-25444,26,con fines de explotacion,
pn-of39-p96,12,MEDIA,búsqueda abierta,25,"Ley 12/2009, de 30 de octubre, reguladora del derecho de asilo y de la protección subsidiaria",8,BOE-A-2009-17242,62,alto comisionado de las naciones unidas para los refugiados,
pn-of39-p97,26,ALTA,norma nombrada,48,"Ley Orgánica 7/2021, de 26 de mayo, de protección de datos personales tratados para fines de prevención, detección, investigación y enjuiciamiento de infracciones penales y de ejecución de sanciones penales. [Inclusión parcial]",2,BOE-A-2021-8806,127,fines de prevencion  deteccion  investigacion y enjuiciamiento de infracciones penales y de ejecucion de sanciones penales  in,
pn-of39-p98,8,SIN TRAZA,búsqueda abierta,,,,,0,,
pn-of39-p99,2,SIN TRAZA,norma nombrada,3,Constitución Española,93,BOE-A-1978-31229,22,s de la constitucion,
pn-of39-p100,8,ALTA,norma nombrada,15,"Real Decreto 853/2022, de 11 de octubre, por el que se aprueba el Reglamento de procesos selectivos y formación de la Policía Nacional",14,BOE-A-2022-16582,144,en los procesos selectivos por promocion interna  el orden de realizacion de las pruebas comenzara por las correspondientes a la modalidad de,
pn-of40-p01,14,SIN TRAZA,norma nombrada,40,"Ley 4/2015, de 27 de abril, del Estatuto de la víctima del delito. [Inclusión parcial]",3,BOE-A-2015-4606,21,de los servicios de,
pn-of40-p02,16,ALTA,norma nombrada,35,"Ley Orgánica 10/1995, de 23 de noviembre, del Código Penal.",33,BOE-A-1995-25444,62,la responsabilidad personal subsidiaria por impago de multa,
pn-of40-p03,8,ALTA,norma nombrada,14,"Ley Orgánica 4/2010, de 20 de mayo, del Régimen disciplinario del Cuerpo Nacional de Policía",9,BOE-A-2010-8115,136,cualquier clase de juego que se lleve a cabo en las dependencias policiales  siempre que perjudique la prestacion del servicio o menos,
pn-of40-p04,10,MEDIA,búsqueda abierta,23,"Real Decreto 1155/2024, de 19 de noviembre, por el que se aprueba el Reglamento de la Ley Orgánica 4/2000, de 11 de enero, sobre derechos y libertades de los extranjeros en España y su integración social",57,BOE-A-2024-24099,89,siempre que esta actividad laboral sea compatible con la realizacion de esos estudios,
pn-of40-p05,8,BAJA,búsqueda abierta,11,"Real Decreto 207/2024, de 27 de febrero, por el que se desarrolla la estructura orgánica básica del Ministerio del Interior",6,BOE-A-2024-3793,55,la direccion general de coordinacion y estudios depend,imán: el artículo atrae preguntas de 3+ temas — revisar a mano
pn-of40-p06,7,MEDIA,búsqueda abierta,11,"Real Decreto 207/2024, de 27 de febrero, por el que se desarrolla la estructura orgánica básica del Ministerio del Interior",15,BOE-A-2024-3793,84,con las delegaciones y subdelegaciones del gobierno en cuestiones relacionadas con,
pn-of40-p07,17,MEDIA,búsqueda abierta,35,"Ley Orgánica 10/1995, de 23 de noviembre, del Código Penal.",404,BOE-A-1995-25444,118,funcionario publico que  a sabiendas de su injusticia  dictare una resolucion arbitraria en un asunto administrativo,
pn-of40-p08,16,ALTA,búsqueda abierta,35,"Ley Orgánica 10/1995, de 23 de noviembre, del Código Penal.",20,BOE-A-1995-25444,145,el que  por sufrir alteraciones en la percepcion desde el nacimiento o desde la infancia  tenga alterada gravemente la conciencia de la realidad,
pn-of40-p09,8,BAJA,búsqueda abierta,12,"Orden INT/859/2023, de 21 de julio, por la que se desarrolla la estructura orgánica y funciones de los servicios centrales y territoriales de la Dirección General de la Policía",20,BOE-A-2023-17072,48,la unidad de coordinacion operativa provincial,
pn-of40-p10,41,SIN TRAZA,búsqueda abierta,,,,,0,,
pn-of40-p11,35,SIN TRAZA,búsqueda abierta,,,,,0,,
pn-of40-p12,40,SIN TRAZA,búsqueda abierta,,,,,0,,
pn-of40-p13,29,SIN TRAZA,búsqueda abierta,,,,,0,,
pn-of40-p14,16,BAJA,búsqueda abierta,22,"Ley Orgánica 4/2000, de 11 de enero, sobre derechos y libertades de los extranjeros en España y su integración social",35,BOE-A-2000-544,30,s sobre proteccion de menores,
pn-of40-p15,3,MEDIA,búsqueda abierta,4,"Ley Orgánica 2/1979, de 3 de octubre, del Tribunal Constitucional",43,BOE-A-1979-23709,68,dias siguientes a la notificacion de la resolucion recaida en el pr,
pn-of40-p16,4,BAJA,búsqueda abierta,36,"Ley Orgánica 6/1985, de 1 de julio, del Poder Judicial. [Inclusión parcial]",4 bis,BOE-A-1985-12666,47,del tribunal de justicia de la union europea,
pn-of40-p17,10,MEDIA,búsqueda abierta,24,"Real Decreto 240/2007, de 16 de febrero, sobre entrada, libre circulación y residencia en España de ciudadanos de los Estados miembros de la Unión Europea y de otros Estados parte en el Acuerdo sobre el Espacio Económico Europeo",2,BOE-A-2007-4184,66,a la pareja con la que mantenga una union analoga a la conyugal,
pn-of40-p18,41,SIN TRAZA,búsqueda abierta,,,,,0,,
pn-of40-p19,13,ALTA,norma nombrada,30,"Ley 5/2014, de 4 de abril, de Seguridad Privada",35,BOE-A-2014-3649,81,la supervision de la observancia de la normativa de seguridad privada aplicable,
pn-of40-p20,3,ALTA,búsqueda abierta,3,Constitución Española,74,BOE-A-1978-31229,152,las camaras se reuniran en sesion conjunta para ejercer las competencias no legislativas que el titulo ii atribuye expresamente a las cortes generales,
pn-of40-p21,5,MEDIA,búsqueda abierta,8,"Ley 40/2015, de 1 de octubre, de Régimen Jurídico del Sector Público. [Inclusión parcial]",55,BOE-A-2015-10566,71,en la organizacion territorial de la administracion general del estado,
pn-of40-p22,9,ALTA,norma nombrada,19,"Ley Orgánica 2/1986, de 13 de marzo, de Fuerzas y Cuerpos de Seguridad",5,BOE-A-1986-6859,149,impedir  en el ejercicio de su actuacion profesional  cualquier practica abusiva  arbitraria o discriminatoria que entrane violencia fisica o moral,
pn-of40-p23,36,SIN TRAZA,búsqueda abierta,,,,,0,,
pn-of40-p24,17,SIN TRAZA,búsqueda abierta,,,,,0,,
pn-of40-p25,28,SIN TRAZA,búsqueda abierta,,,,,0,,
pn-of40-p26,39,SIN TRAZA,búsqueda abierta,,,,,0,,
pn-of40-p27,42,SIN TRAZA,norma nombrada,50,"Real Decreto 137/1993, de 29 de enero, por el que se aprueba el Reglamento de Armas",único,BOE-A-1993-6202,23,el reglamento de armas,
pn-of40-p28,13,BAJA,búsqueda abierta,30,"Ley 5/2014, de 4 de abril, de Seguridad Privada",3,BOE-A-2014-3649,37,a disponer de medidas de seguridad,
pn-of40-p29,8,MEDIA,búsqueda abierta,11,"Real Decreto 207/2024, de 27 de febrero, por el que se desarrolla la estructura orgánica básica del Ministerio del Interior",5,BOE-A-2024-3793,77,de la direccion general de relaciones internacionales y extranjeria depende,
pn-of40-p30,8,SIN TRAZA,norma nombrada,40,"Ley 4/2015, de 27 de abril, del Estatuto de la víctima del delito. [Inclusión parcial]",2,BOE-A-2015-4606,15,representacion,
pn-of40-p31,16,SIN TRAZA,búsqueda abierta,,,,,0,,
pn-of40-p32,8,BAJA,norma nombrada,13,"Ley Orgánica 9/2015, de 28 de julio, de Régimen de Personal de la Policía Nacional. [Inclusión parcial]",52,BOE-A-2015-8468,47,de las siguientes situaciones administrativas,
pn-of40-p33,23,ALTA,norma nombrada,43,"Ley 4/2023, de 28 de febrero, para la igualdad real y efectiva de las personas trans y para la garantía de los derechos de las personas LGTBI. [Inclusión parcial]",3,BOE-A-2023-5366,87,vivencia interna e individual del sexo tal y como cada persona la siente y autodefine,
pn-of40-p34,31,SIN TRAZA,búsqueda abierta,,,,,0,,
pn-of40-p35,10,BAJA,búsqueda abierta,18,"Real Decreto 49/2024, de 16 de enero, por el que se aprueba el Reglamento de los centros docentes de la Policía Nacional",30,BOE-A-2024-814,31,estara sometido al regimen de,
pn-of40-p36,44,SIN TRAZA,búsqueda abierta,,,,,0,,
pn-of40-p37,6,SIN TRAZA,búsqueda abierta,,,,,0,,
pn-of40-p38,1,BAJA,búsqueda abierta,2,Real Decreto de 24 de julio de 1889 por el que se publica el Código Civil. [Inclusión parcial],14,BOE-A-1889-4763,43,el matrimonio no altera la vecindad civil,
pn-of40-p39,26,ALTA,norma nombrada,48,"Ley Orgánica 7/2021, de 26 de mayo, de protección de datos personales tratados para fines de prevención, detección, investigación y enjuiciamiento de infracciones penales y de ejecución de sanciones penales. [Inclusión parcial]",2,BOE-A-2021-8806,125,fines de prevencion  deteccion  investigacion y enjuiciamiento de infracciones penales y de ejecucion de sanciones penales,
pn-of40-p40,21,SIN TRAZA,búsqueda abierta,,,,,0,,
pn-of40-p41,42,ALTA,búsqueda abierta,50,"Real Decreto 137/1993, de 29 de enero, por el que se aprueba el Reglamento de Armas",2,BOE-A-1993-6202,209,arma de repeticion  arma de fuego que se recarga despues de cada disparo  mediante un mecanismo accionado por el tirador que introduce en el canon un cartucho colocado previamente en el deposito de municiones,
pn-of40-p42,2,ALTA,norma nombrada,5,"Ley Orgánica 3/1981, de 6 de abril, del Defensor del Pueblo",15,BOE-A-1981-10325,120,en el plazo maximo de un ano  contado a partir del momento en que tuviera conocimiento de los hechos objeto de la misma,
pn-of40-p43,19,BAJA,norma nombrada,35,"Ley Orgánica 10/1995, de 23 de noviembre, del Código Penal.",127 bis,BOE-A-1995-25444,27,de los siguientes delitos,
pn-of40-p44,2,BAJA,búsqueda abierta,3,Constitución Española,55,BOE-A-1978-31229,47,declaracion del estado de excepcion o de sitio,
pn-of40-p45,13,MEDIA,búsqueda abierta,30,"Ley 5/2014, de 4 de abril, de Seguridad Privada",35,BOE-A-2014-3649,85,organizacion  direccion e inspeccion del personal y servicios de seguridad privada,
pn-of40-p46,37,SIN TRAZA,búsqueda abierta,,,,,0,,
pn-of40-p47,26,ALTA,norma nombrada,47,"Ley Orgánica 3/2018, de 5 de diciembre, de Protección de Datos Personales y garantía de los derechos digitales. [Inclusión parcial]",12,BOE-A-2018-16673,113,los derechos de acceso  rectificacion  cancelacion  oposicion o cualesquiera otros que pudieran corresponderles,
pn-of40-p48,18,BAJA,búsqueda abierta,35,"Ley Orgánica 10/1995, de 23 de noviembre, del Código Penal.",245,BOE-A-1995-25444,35,contra la voluntad de su titular,
pn-of40-p49,20,SIN TRAZA,búsqueda abierta,,,,,0,,
pn-of40-p50,9,ALTA,norma nombrada,19,"Ley Orgánica 2/1986, de 13 de marzo, de Fuerzas y Cuerpos de Seguridad",50,BOE-A-1986-6859,139,la mision de coordinar la actuacion de las fuerzas y cuerpos de seguridad del estado y de los cuerpos de policia de la comunidad autonoma,
pn-of40-p51,8,MEDIA,búsqueda abierta,15,"Real Decreto 853/2022, de 11 de octubre, por el que se aprueba el Reglamento de procesos selectivos y formación de la Policía Nacional",45,BOE-A-2022-16582,118,la estructura organica y funciones de los servicios centrales y territoriales de la direccion general de la policia,
pn-of40-p52,18,ALTA,norma nombrada,35,"Ley Orgánica 10/1995, de 23 de noviembre, del Código Penal.",235,BOE-A-1995-25444,80,cuando se sustraigan cosas de valor artistico  historico  cultural o cientifico,
pn-of40-p53,2,BAJA,búsqueda abierta,5,"Ley Orgánica 3/1981, de 6 de abril, del Defensor del Pueblo",5,BOE-A-1981-10325,36,expiracion del plazo del mandato  e,
pn-of40-p54,10,ALTA,búsqueda abierta,22,"Ley Orgánica 4/2000, de 11 de enero, sobre derechos y libertades de los extranjeros en España y su integración social",36,BOE-A-2000-544,198,la carencia de la autorizacion de residencia y trabajo  sin perjuicio de las responsabilidades del empresario a que de lugar  incluidas las de seguridad social  no invalidara el contrato de trabajo,
pn-of40-p55,14,SIN TRAZA,norma nombrada,40,"Ley 4/2015, de 27 de abril, del Estatuto de la víctima del delito. [Inclusión parcial]",16,BOE-A-2015-4606,22,de la administracion,
pn-of40-p56,39,BAJA,búsqueda abierta,4,"Ley Orgánica 2/1979, de 3 de octubre, del Tribunal Constitucional",33,BOE-A-1979-23709,28,con la finalidad de evitar,
pn-of40-p57,20,ALTA,búsqueda abierta,35,"Ley Orgánica 10/1995, de 23 de noviembre, del Código Penal.",197,BOE-A-1995-25444,141,artificios tecnicos de escucha  transmision  grabacion o reproduccion del sonido o de la imagen  o de cualquier otra senal de comunicacion,
pn-of40-p58,13,SIN TRAZA,búsqueda abierta,,,,,0,,
pn-of40-p59,4,BAJA,búsqueda abierta,36,"Ley Orgánica 6/1985, de 1 de julio, del Poder Judicial. [Inclusión parcial]",4 bis,BOE-A-1985-12666,44,el tribunal de justicia de la union europea,
pn-of40-p60,32,BAJA,búsqueda abierta,13,"Ley Orgánica 9/2015, de 28 de julio, de Régimen de Personal de la Policía Nacional. [Inclusión parcial]",95,BOE-A-2015-8468,26,e de dividir el numero de,
pn-of40-p61,7,BAJA,búsqueda abierta,11,"Real Decreto 207/2024, de 27 de febrero, por el que se desarrolla la estructura orgánica básica del Ministerio del Interior",6,BOE-A-2024-3793,57,la coordinacion de los centros de cooperacion policial y,imán: el artículo atrae preguntas de 3+ temas — revisar a mano
pn-of40-p62,20,BAJA,búsqueda abierta,35,"Ley Orgánica 10/1995, de 23 de noviembre, del Código Penal.",235,BOE-A-1995-25444,50,o de almacenamiento masivo de informacion digital,
pn-of40-p63,23,ALTA,norma nombrada,43,"Ley 4/2023, de 28 de febrero, para la igualdad real y efectiva de las personas trans y para la garantía de los derechos de las personas LGTBI. [Inclusión parcial]",3,BOE-A-2023-5366,269,cuando una persona o grupo en que se integra  debido a su relacion con otra sobre la que concurra alguna de las causas de discriminacion por razon de orientacion e identidad sexual  expresion de genero o caracteristicas sexuales  es objeto de un trato discriminatorio,
pn-of40-p64,9,ALTA,norma nombrada,19,"Ley Orgánica 2/1986, de 13 de marzo, de Fuerzas y Cuerpos de Seguridad",47,BOE-A-1986-6859,83,podran solicitar del gobierno de la nacion  a traves del ministerio del interior,
pn-of40-p65,33,SIN TRAZA,búsqueda abierta,,,,,0,,
pn-of40-p66,17,MEDIA,búsqueda abierta,35,"Ley Orgánica 10/1995, de 23 de noviembre, del Código Penal.",445,BOE-A-1995-25444,62,la provocacion  la conspiracion y la proposicion para cometer,
pn-of40-p67,15,MEDIA,búsqueda abierta,32,"Ley 8/2011, de 28 de abril, por la que se establecen medidas para la protección de las infraestructuras críticas",14,BOE-A-2011-7630,63,las medidas de vigilancia  prevencion  proteccion o reaccion a,
pn-of40-p68,5,BAJA,norma nombrada,9,"Ley 50/1997, de 27 de noviembre, del Gobierno",21,BOE-A-1997-25336,43,el presidente del gobierno en funciones no,
pn-of40-p69,9,BAJA,norma nombrada,19,"Ley Orgánica 2/1986, de 13 de marzo, de Fuerzas y Cuerpos de Seguridad",31,BOE-A-1986-6859,42,organicamente del ministerio del interior,
pn-of40-p70,23,SIN TRAZA,búsqueda abierta,,,,,0,,
pn-of40-p71,7,ALTA,búsqueda abierta,11,"Real Decreto 207/2024, de 27 de febrero, por el que se desarrolla la estructura orgánica básica del Ministerio del Interior",2,BOE-A-2024-3793,194,la direccion y coordinacion de las actuaciones relacionadas con los precursores de drogas  los precursores de explosivos y el tratamiento de los datos del sistema de registro de pasajeros  pnr,
pn-of40-p72,25,ALTA,norma nombrada,46,"Real Decreto 67/2010, de 29 de enero, de adaptación de la legislación de Prevención de Riesgos Laborales a la Administración General del Estado",4,BOE-A-2010-2161,132,el organo especifico de participacion y negociacion de las organizaciones sindicales en materia de prevencion de riesgos laborales,
pn-of40-p73,34,SIN TRAZA,búsqueda abierta,,,,,0,,
pn-of40-p74,21,BAJA,búsqueda abierta,37,Real Decreto de 14 de septiembre de 1882 por el que se aprueba la Ley de Enjuiciamiento Criminal.,261,BOE-A-1882-6036,41,e cuando se trate de un delito contra la,
pn-of40-p75,21,BAJA,norma nombrada,37,Real Decreto de 14 de septiembre de 1882 por el que se aprueba la Ley de Enjuiciamiento Criminal.,258 bis,BOE-A-1882-6036,38,la ley de enjuiciamiento criminal  de,
pn-of40-p76,6,MEDIA,búsqueda abierta,10,"Real Decreto Legislativo 5/2015, de 30 de octubre, por el que se aprueba el texto refundido de la Ley del Estatuto Básico del Empleado Público. [Inclusión parcial]",12,BOE-A-2015-11719,111,asesoramiento especial  siendo retribuido con cargo a los creditos presupuestarios consignados para este fin,
pn-of40-p77,1,BAJA,búsqueda abierta,2,Real Decreto de 24 de julio de 1889 por el que se publica el Código Civil. [Inclusión parcial],22,BOE-A-1889-4763,47,s que hayan obtenido la condicion de refugiado,
pn-of40-p78,6,BAJA,búsqueda abierta,5,"Ley Orgánica 3/1981, de 6 de abril, del Defensor del Pueblo",7,BOE-A-1981-10325,38,permanencia en el servicio activo de,
pn-of40-p79,8,MEDIA,búsqueda abierta,14,"Ley Orgánica 4/2010, de 20 de mayo, del Régimen disciplinario del Cuerpo Nacional de Policía",11,BOE-A-2010-8115,114,destino por ningun procedimiento en el centro  unidad o plantilla de la que fueron trasladados  en el periodo de,
pn-of40-p80,26,ALTA,norma nombrada,48,"Ley Orgánica 7/2021, de 26 de mayo, de protección de datos personales tratados para fines de prevención, detección, investigación y enjuiciamiento de infracciones penales y de ejecución de sanciones penales. [Inclusión parcial]",1,BOE-A-2021-8806,77,de los datos de caracter personal por parte de las autoridades competentes,
pn-of40-p81,14,SIN TRAZA,norma nombrada,40,"Ley 4/2015, de 27 de abril, del Estatuto de la víctima del delito. [Inclusión parcial]",24,BOE-A-2015-4606,21,de proteccion de la,
pn-of40-p82,27,BAJA,búsqueda abierta,49,"Reglamento de Organización y Funcionamiento del Defensor del Pueblo, aprobado por las Mesas del Congreso y del Senado, a propuesta del Defensor del Pueblo, en su reunión conjunta de 6 de abril de 1983. [Inclusión parcial]",21,BOE-A-1983-10613,55,el consejo asesor del mecanismo nacional de prevencion,
pn-of40-p83,25,BAJA,norma nombrada,44,"Ley 31/1995, de 8 de noviembre, de Prevención de Riesgos Laborales",15,BOE-A-1995-24292,45,evaluar los riesgos que no se puedan evitar,
pn-of40-p84,45,MEDIA,búsqueda abierta,11,"Real Decreto 207/2024, de 27 de febrero, por el que se desarrolla la estructura orgánica básica del Ministerio del Interior",12,BOE-A-2024-3793,72,del consejo superior de trafico  seguridad vial y movilidad sostenible,
pn-of40-p85,42,MEDIA,búsqueda abierta,50,"Real Decreto 137/1993, de 29 de enero, por el que se aprueba el Reglamento de Armas",3,BOE-A-1993-6202,115,reglamentadas  cuya adquisicion  tenencia y uso pueden ser autorizados o permitidos con arreglo a lo dispuesto en,
pn-of40-p86,22,ALTA,norma nombrada,40,"Ley 4/2015, de 27 de abril, del Estatuto de la víctima del delito. [Inclusión parcial]",1,BOE-A-2015-4606,203,a las victimas de delitos cometidos en espana o que puedan ser perseguidos en espana  con independencia de su nacionalidad  de si son mayores o menores de edad o de si disfrutan o no de residencia legal,
pn-of40-p87,25,BAJA,norma nombrada,45,"Real Decreto 2/2006, de 16 de enero, por el que se establecen normas sobre prevención de riesgos laborales en la actividad de los funcionarios del Cuerpo Nacional de Policía",10,BOE-A-2006-624,55,los responsables de la direccion general de la policia,
pn-of40-p88,11,ALTA,norma nombrada,22,"Ley Orgánica 4/2000, de 11 de enero, sobre derechos y libertades de los extranjeros en España y su integración social",52,BOE-A-2000-544,104,trabajando en espana sin haber solicitado autorizacion administrativa para trabajar por cuenta propia,
pn-of40-p89,1,MEDIA,búsqueda abierta,2,Real Decreto de 24 de julio de 1889 por el que se publica el Código Civil. [Inclusión parcial],20,BOE-A-1889-4763,83,a  las personas que esten o hayan estado sujetas a la patria potestad de un espanol,
pn-of40-p90,8,BAJA,búsqueda abierta,13,"Ley Orgánica 9/2015, de 28 de julio, de Régimen de Personal de la Policía Nacional. [Inclusión parcial]",65,BOE-A-2015-8468,45,un expediente disciplinario por falta grave,
pn-of40-p91,22,ALTA,norma nombrada,40,"Ley 4/2015, de 27 de abril, del Estatuto de la víctima del delito. [Inclusión parcial]",8,BOE-A-2015-4606,109,as de catastrofes  calamidades publicas u otros sucesos que hubieran producido un numero elevado de victimas,
pn-of40-p92,21,SIN TRAZA,búsqueda abierta,,,,,0,,
pn-of40-p93,14,SIN TRAZA,norma nombrada,40,"Ley 4/2015, de 27 de abril, del Estatuto de la víctima del delito. [Inclusión parcial]",20,BOE-A-2015-4606,18,las dependencias,
pn-of40-p94,10,SIN TRAZA,búsqueda abierta,,,,,0,,
pn-of40-p95,17,SIN TRAZA,norma nombrada,35,"Ley Orgánica 10/1995, de 23 de noviembre, del Código Penal.",576,BOE-A-1995-25444,24,r  por imprudencia grave,
pn-of40-p96,18,BAJA,búsqueda abierta,44,"Ley 31/1995, de 8 de noviembre, de Prevención de Riesgos Laborales",21,BOE-A-1995-24292,29,ponerse en contacto con su s,
pn-of40-p97,8,BAJA,norma nombrada,12,"Orden INT/859/2023, de 21 de julio, por la que se desarrolla la estructura orgánica y funciones de los servicios centrales y territoriales de la Dirección General de la Policía",7,BOE-A-2023-17072,45,el interlocutor policial nacional sanitario,
pn-of40-p98,2,ALTA,búsqueda abierta,3,Constitución Española,1,BOE-A-1978-31229,134,espana se constituye en un estado social y democratico de derecho  que propugna como valores superiores de su ordenamiento juridico,
pn-of40-p99,11,ALTA,norma nombrada,22,"Ley Orgánica 4/2000, de 11 de enero, sobre derechos y libertades de los extranjeros en España y su integración social",58,BOE-A-2000-544,217,la expulsion llevara consigo la prohibicion de entrada en territorio espanol  la duracion de la prohibicion se determinara en consideracion a las circunstancias que concurran en cada caso y su vigencia no excedera de,
pn-of40-p100,37,SIN TRAZA,búsqueda abierta,,,,,0,,
pn-of41-p01,4,BAJA,búsqueda abierta,3,Constitución Española,135,BOE-A-1978-31229,49,el tratado de funcionamiento de la union europea,
pn-of41-p02,28,SIN TRAZA,búsqueda abierta,31,"Ley Orgánica 4/2015, de 30 de marzo, de protección de la seguridad ciudadana",2,BOE-A-2015-3442,19,en el marco de la,
pn-of41-p03,3,BAJA,búsqueda abierta,48,"Ley Orgánica 7/2021, de 26 de mayo, de protección de datos personales tratados para fines de prevención, detección, investigación y enjuiciamiento de infracciones penales y de ejecución de sanciones penales. [Inclusión parcial]",25,BOE-A-2021-8806,34,o  en virtud de lo establecido en,
pn-of41-p04,30,SIN TRAZA,búsqueda abierta,,,,,0,,
pn-of41-p05,25,BAJA,norma nombrada,45,"Real Decreto 2/2006, de 16 de enero, por el que se establecen normas sobre prevención de riesgos laborales en la actividad de los funcionarios del Cuerpo Nacional de Policía",19,BOE-A-2006-624,51,la inspeccion de personal y servicios de seguridad,
pn-of41-p06,22,ALTA,norma nombrada,40,"Ley 4/2015, de 27 de abril, del Estatuto de la víctima del delito. [Inclusión parcial]",25,BOE-A-2015-4606,148,el contacto visual entre la victima y el supuesto autor de los hechos  incluso durante la practica de la prueba  para lo cual podra hacerse uso de,
pn-of41-p07,9,ALTA,norma nombrada,19,"Ley Orgánica 2/1986, de 13 de marzo, de Fuerzas y Cuerpos de Seguridad",5,BOE-A-1986-6859,68,de actuacion de los miembros de las fuerzas y cuerpos de seguridad,
pn-of41-p08,3,ALTA,norma nombrada,3,Constitución Española,78,BOE-A-1978-31229,79,un minimo de veintiun miembros  que representaran a los grupos parlamentarios,
pn-of41-p09,16,ALTA,norma nombrada,35,"Ley Orgánica 10/1995, de 23 de noviembre, del Código Penal.",21,BOE-A-1995-25444,128,obrar por causas o estimulos tan poderosos que hayan producido arrebato  obcecacion u otro estado pasional de entidad semejante,
pn-of41-p10,8,BAJA,norma nombrada,12,"Orden INT/859/2023, de 21 de julio, por la que se desarrolla la estructura orgánica y funciones de los servicios centrales y territoriales de la Dirección General de la Policía",6,BOE-A-2023-17072,45,la brigada central de fraudes informaticos,
pn-of41-p11,2,ALTA,norma nombrada,3,Constitución Española,116,BOE-A-1978-31229,90,por la mayoria absoluta del congreso de los diputados  a propuesta exclusiva del gobierno,
pn-of41-p12,44,BAJA,búsqueda abierta,30,"Ley 5/2014, de 4 de abril, de Seguridad Privada",36,BOE-A-2014-3649,31,o de los sistemas de seguridad,
pn-of41-p13,13,ALTA,norma nombrada,30,"Ley 5/2014, de 4 de abril, de Seguridad Privada",13,BOE-A-2014-3649,128,inspeccion y sancion de los centros de formacion del personal de seguridad privada que tengan su sede en la comunidad autonoma,
pn-of41-p14,5,ALTA,norma nombrada,9,"Ley 50/1997, de 27 de noviembre, del Gobierno",29,BOE-A-1997-25336,129,s que constituyan una via de hecho del gobierno y de los organos y autoridades regulados en la presente ley son impugnables ante,
pn-of41-p15,18,ALTA,búsqueda abierta,35,"Ley Orgánica 10/1995, de 23 de noviembre, del Código Penal.",247,BOE-A-1995-25444,147,el que  sin hallarse autorizado  distrajere las aguas de uso publico o privativo de su curso  o de su embalse natural o artificial  sera castigado,
pn-of41-p16,13,ALTA,norma nombrada,30,"Ley 5/2014, de 4 de abril, de Seguridad Privada",18,BOE-A-2014-3649,78,las empresas de seguridad privada deberan obtener autorizacion administrativa,
pn-of41-p17,7,MEDIA,búsqueda abierta,11,"Real Decreto 207/2024, de 27 de febrero, por el que se desarrolla la estructura orgánica básica del Ministerio del Interior",6,BOE-A-2024-3793,94,la coordinacion de los centros de cooperacion policial y de cooperacion policial y aduanera,imán: el artículo atrae preguntas de 3+ temas — revisar a mano
pn-of41-p18,41,SIN TRAZA,búsqueda abierta,,,,,0,,
pn-of41-p19,30,BAJA,búsqueda abierta,22,"Ley Orgánica 4/2000, de 11 de enero, sobre derechos y libertades de los extranjeros en España y su integración social",71,BOE-A-2000-544,51,el observatorio espanol del racismo y la xenofobia,
pn-of41-p20,25,ALTA,norma nombrada,44,"Ley 31/1995, de 8 de noviembre, de Prevención de Riesgos Laborales",15,BOE-A-1995-24292,80,el empresario aplicara las medidas que integran el deber general de prevencion,
pn-of41-p21,7,ALTA,norma nombrada,11,"Real Decreto 207/2024, de 27 de febrero, por el que se desarrolla la estructura orgánica básica del Ministerio del Interior",6,BOE-A-2024-3793,300,es el organo de apoyo y asesoramiento a traves del cual la persona titular de la secretaria de estado de seguridad ejerce su funcion de coordinacion y supervision de la actuacion de las fuerzas y cuerpos de seguridad del estado y de colaboracion con las policias autonomicas y las policias locales,imán: el artículo atrae preguntas de 3+ temas — revisar a mano
pn-of41-p22,34,SIN TRAZA,búsqueda abierta,,,,,0,,
pn-of41-p23,42,ALTA,norma nombrada,50,"Real Decreto 137/1993, de 29 de enero, por el que se aprueba el Reglamento de Armas",4,BOE-A-1993-6202,137,prohibe la fabricacion  importacion  circulacion  publicidad  compraventa  tenencia y uso de las siguientes armas o de sus imitaciones,
pn-of41-p24,6,BAJA,norma nombrada,10,"Real Decreto Legislativo 5/2015, de 30 de octubre, por el que se aprueba el texto refundido de la Ley del Estatuto Básico del Empleado Público. [Inclusión parcial]",7,BOE-A-2015-11719,42,el texto refundido de la ley del estatuto,
pn-of41-p25,8,BAJA,búsqueda abierta,12,"Orden INT/859/2023, de 21 de julio, por la que se desarrolla la estructura orgánica y funciones de los servicios centrales y territoriales de la Dirección General de la Policía",16,BOE-A-2023-17072,42,la oficina de marca de la policia nacional,
pn-of41-p26,14,SIN TRAZA,norma nombrada,40,"Ley 4/2015, de 27 de abril, del Estatuto de la víctima del delito. [Inclusión parcial]",24,BOE-A-2015-4606,21,de proteccion de la,
pn-of41-p27,25,ALTA,norma nombrada,54,"Real Decreto 39/1997, de 17 de enero, por el que se aprueba el Reglamento de los Servicios de Prevención.",14,BOE-A-1997-1853,74,el empresario debera constituir un servicio de prevencion propio cuando,
pn-of41-p28,15,MEDIA,búsqueda abierta,32,"Ley 8/2011, de 28 de abril, por la que se establecen medidas para la protección de las infraestructuras críticas",11,BOE-A-2011-7630,73,la comision nacional para la proteccion de las infraestructuras criticas,
pn-of41-p29,18,BAJA,búsqueda abierta,35,"Ley Orgánica 10/1995, de 23 de noviembre, del Código Penal.",238,BOE-A-1995-25444,39,delito de robo con fuerza en las cosas,
pn-of41-p30,7,MEDIA,búsqueda abierta,11,"Real Decreto 207/2024, de 27 de febrero, por el que se desarrolla la estructura orgánica básica del Ministerio del Interior",6,BOE-A-2024-3793,99,actuar como unidad nacional de la agencia de la union europea para la formacion policial  cepol,imán: el artículo atrae preguntas de 3+ temas — revisar a mano
pn-of41-p31,42,ALTA,norma nombrada,50,"Real Decreto 137/1993, de 29 de enero, por el que se aprueba el Reglamento de Armas",2,BOE-A-1993-6202,66,arma de fuego cuyo modelo o cuyo ano de fabricacion es anterior a,
pn-of41-p32,2,BAJA,norma nombrada,3,Constitución Española,54,BOE-A-1978-31229,50,para la defensa de los derechos comprendidos en e,
pn-of41-p33,40,SIN TRAZA,búsqueda abierta,,,,,0,,
pn-of41-p34,8,ALTA,búsqueda abierta,12,"Orden INT/859/2023, de 21 de julio, por la que se desarrolla la estructura orgánica y funciones de los servicios centrales y territoriales de la Dirección General de la Policía",11,BOE-A-2023-17072,135,la gestion  asesoramiento y apoyo  a traves de la oficina del policia  del personal adscrito a la direccion general de la policia  la,
pn-of41-p35,41,BAJA,búsqueda abierta,16,"Orden INT/632/2024, de 20 de junio, por la que se establecen normas para la aplicación y desarrollo del Reglamento de procesos selectivos y formación de la Policía Nacional, aprobado por el Real Decreto 853/2022, de 11 de octubre",17,BOE-A-2024-12811,37,con el fin de obtener informacion p,
pn-of41-p36,25,ALTA,norma nombrada,45,"Real Decreto 2/2006, de 16 de enero, por el que se establecen normas sobre prevención de riesgos laborales en la actividad de los funcionarios del Cuerpo Nacional de Policía",10,BOE-A-2006-624,64,a la prevencion de los riesgos inherentes a la funcion policial,
pn-of41-p37,6,BAJA,norma nombrada,10,"Real Decreto Legislativo 5/2015, de 30 de octubre, por el que se aprueba el texto refundido de la Ley del Estatuto Básico del Empleado Público. [Inclusión parcial]",62,BOE-A-2015-11719,53,toma de posesion dentro del plazo que se establezca,
pn-of41-p38,8,MEDIA,búsqueda abierta,13,"Ley Orgánica 9/2015, de 28 de julio, de Régimen de Personal de la Policía Nacional. [Inclusión parcial]",18,BOE-A-2015-8468,74,a la escala de subinspeccion  la supervision de los servicios policiales,
pn-of41-p39,35,SIN TRAZA,búsqueda abierta,,,,,0,,
pn-of41-p40,15,MEDIA,búsqueda abierta,33,"Real Decreto 704/2011, de 20 de mayo, por el que se aprueba el Reglamento de protección de las infraestructuras críticas",4,BOE-A-2011-8849,111,el catalogo nacional de infraestructuras estrategicas tiene  conforme a lo dispuesto en la legislacion vigente,
pn-of41-p41,12,MEDIA,búsqueda abierta,29,"Real Decreto 220/2022, de 29 de marzo, por el que se aprueba el Reglamento por el que se regula el sistema de acogida en materia de protección internacional",11,BOE-A-2022-4978,82,se desarrolla en tres fases  valoracion inicial y derivacion  acogida y autonomia,
pn-of41-p42,16,SIN TRAZA,búsqueda abierta,,,,,0,,
pn-of41-p43,10,BAJA,búsqueda abierta,22,"Ley Orgánica 4/2000, de 11 de enero, sobre derechos y libertades de los extranjeros en España y su integración social",25 bis,BOE-A-2000-544,52,a para trabajar por cuenta ajena hasta nueve meses e,
pn-of41-p44,13,ALTA,norma nombrada,30,"Ley 5/2014, de 4 de abril, de Seguridad Privada",25,BOE-A-2014-3649,244,a  formalizar por escrito un contrato por cada servicio de investigacion que les sea encargado  comunicando su celebracion al ministerio del interior o  en su caso  al organo autonomico competente en la forma que reglamentariamente se determine,
pn-of41-p45,18,ALTA,búsqueda abierta,35,"Ley Orgánica 10/1995, de 23 de noviembre, del Código Penal.",249,BOE-A-1995-25444,145,a manipulacion informatica o artificio semejante  consigan una transferencia no consentida de cualquier activo patrimonial en perjuicio de otro,
pn-of41-p46,10,BAJA,búsqueda abierta,23,"Real Decreto 1155/2024, de 19 de noviembre, por el que se aprueba el Reglamento de la Ley Orgánica 4/2000, de 11 de enero, sobre derechos y libertades de los extranjeros en España y su integración social",160,BOE-A-2024-24099,48,podran obtener una autorizacion de residencia,
pn-of41-p47,9,ALTA,norma nombrada,19,"Ley Orgánica 2/1986, de 13 de marzo, de Fuerzas y Cuerpos de Seguridad",7,BOE-A-1986-6859,208,cuando se cometa delito de atentado  empleando en su ejecucion armas de fuego  explosivos u otros medios de agresion de analoga peligrosidad  que puedan poner en peligro grave la integridad fisica de los mi,
pn-of41-p48,17,ALTA,norma nombrada,35,"Ley Orgánica 10/1995, de 23 de noviembre, del Código Penal.",140,BOE-A-1995-25444,100,el asesinato sera castigado con pena de prision permanente revisable cuando concurra alguna de las,
pn-of41-p49,8,ALTA,búsqueda abierta,12,"Orden INT/859/2023, de 21 de julio, por la que se desarrolla la estructura orgánica y funciones de los servicios centrales y territoriales de la Dirección General de la Policía",4,BOE-A-2023-17072,120,en los supuestos de vacante  ausencia o enfermedad de la persona titular de la direccion adjunta operativa  corresponde,
pn-of41-p50,43,BAJA,norma nombrada,53,"Orden INT/2573/2015, de 30 de noviembre, por la que se determinan las especificaciones técnicas que deben reunir los vehículos destinados a la conducción de detenidos, presos y penados",1,BOE-A-2015-13138,44,l transporte de detenidos  presos y penados,
pn-of41-p51,8,BAJA,búsqueda abierta,11,"Real Decreto 207/2024, de 27 de febrero, por el que se desarrolla la estructura orgánica básica del Ministerio del Interior",3,BOE-A-2024-3793,49,division de operaciones y transformacion digital,
pn-of41-p52,8,BAJA,norma nombrada,14,"Ley Orgánica 4/2010, de 20 de mayo, del Régimen disciplinario del Cuerpo Nacional de Policía",15,BOE-A-2010-8115,41,nario del cuerpo nacional de policia  la,
pn-of41-p53,4,SIN TRAZA,búsqueda abierta,,,,,0,,
pn-of41-p54,19,ALTA,búsqueda abierta,35,"Ley Orgánica 10/1995, de 23 de noviembre, del Código Penal.",554,BOE-A-1995-25444,124,que estuvieran interviniendo con ocasion de un siniestro  calamidad publica o situacion de emergencia  con la finalidad de,
pn-of41-p55,28,SIN TRAZA,búsqueda abierta,,,,,0,,
pn-of41-p56,12,ALTA,norma nombrada,25,"Ley 12/2009, de 30 de octubre, reguladora del derecho de asilo y de la protección subsidiaria",23,BOE-A-2009-17242,89,el organo competente para la tramitacion de las solicitudes de proteccion internacional,
pn-of41-p57,27,MEDIA,búsqueda abierta,11,"Real Decreto 207/2024, de 27 de febrero, por el que se desarrolla la estructura orgánica básica del Ministerio del Interior",6,BOE-A-2024-3793,76,contra la tortura y otros tratos o penas crueles  inhumanos o degradantes,imán: el artículo atrae preguntas de 3+ temas — revisar a mano
pn-of41-p58,8,BAJA,norma nombrada,14,"Ley Orgánica 4/2010, de 20 de mayo, del Régimen disciplinario del Cuerpo Nacional de Policía",15,BOE-A-2010-8115,38,nario del cuerpo nacional de policia,
pn-of41-p59,8,BAJA,búsqueda abierta,11,"Real Decreto 207/2024, de 27 de febrero, por el que se desarrolla la estructura orgánica básica del Ministerio del Interior",3,BOE-A-2024-3793,45,la comisaria general de policia cientifica,
pn-of41-p60,3,BAJA,búsqueda abierta,37,Real Decreto de 14 de septiembre de 1882 por el que se aprueba la Ley de Enjuiciamiento Criminal.,412,BOE-A-1882-6036,45,o el presidente del tribunal constitucional,
pn-of41-p61,23,ALTA,norma nombrada,42,"Ley Orgánica 3/2007, de 22 de marzo, para la igualdad efectiva de mujeres y hombres. [Inclusión parcial]",6,BOE-A-2007-6115,155,que se encuentra una persona que sea  haya sido o pudiera ser tratada  en atencion a su sexo  de manera menos favorable que otra en situacion comparable,
pn-of41-p62,18,MEDIA,búsqueda abierta,35,"Ley Orgánica 10/1995, de 23 de noviembre, del Código Penal.",250,BOE-A-1995-25444,74,penas de prision de uno a seis anos y multa de seis a doce meses  cuando,
pn-of41-p63,17,MEDIA,búsqueda abierta,35,"Ley Orgánica 10/1995, de 23 de noviembre, del Código Penal.",379,BOE-A-1995-25444,65,a velocidad superior en sesenta kilometros por hora en via urbana,
pn-of41-p64,19,MEDIA,búsqueda abierta,35,"Ley Orgánica 10/1995, de 23 de noviembre, del Código Penal.",564,BOE-A-1995-25444,112,la tenencia de armas de fuego reglamentadas  careciendo de las licencias o permisos necesarios  sera castigada,
pn-of41-p65,12,ALTA,norma nombrada,27,"Real Decreto 865/2001, de 20 de julio, por el que se aprueba el Reglamento de reconocimiento del estatuto de apátrida",único,BOE-A-2001-14166,72,se aprueba el reglamento de reconocimiento del estatuto de apatrida  cu,
pn-of41-p66,37,SIN TRAZA,búsqueda abierta,,,,,0,,
pn-of41-p67,43,BAJA,norma nombrada,53,"Orden INT/2573/2015, de 30 de noviembre, por la que se determinan las especificaciones técnicas que deben reunir los vehículos destinados a la conducción de detenidos, presos y penados",1,BOE-A-2015-13138,44,l transporte de detenidos  presos y penados,
pn-of41-p68,14,SIN TRAZA,norma nombrada,40,"Ley 4/2015, de 27 de abril, del Estatuto de la víctima del delito. [Inclusión parcial]",23,BOE-A-2015-4606,18,de proteccion de,
pn-of41-p69,9,MEDIA,búsqueda abierta,13,"Ley Orgánica 9/2015, de 28 de julio, de Régimen de Personal de la Policía Nacional. [Inclusión parcial]",94,BOE-A-2015-8468,87,la emision de informes en los expedientes disciplinarios que se instruyan por faltas,
pn-of41-p70,34,SIN TRAZA,búsqueda abierta,,,,,0,,
pn-of41-p71,5,BAJA,norma nombrada,8,"Ley 40/2015, de 1 de octubre, de Régimen Jurídico del Sector Público. [Inclusión parcial]",55,BOE-A-2015-10566,46,de la administracion general del estado  los,
pn-of41-p72,3,ALTA,norma nombrada,3,Constitución Española,162,BOE-A-1978-31229,238,para interponer el recurso de inconstitucionalidad  el presidente del gobierno  el defensor del pueblo  50 diputados  50 senadores  los organos colegiados ejecutivos de las comunidades autonomas y  en su caso  las asambleas de las mismas,
pn-of41-p73,27,MEDIA,búsqueda abierta,49,"Reglamento de Organización y Funcionamiento del Defensor del Pueblo, aprobado por las Mesas del Congreso y del Senado, a propuesta del Defensor del Pueblo, en su reunión conjunta de 6 de abril de 1983. [Inclusión parcial]",19,BOE-A-1983-10613,62,funciones del mecanismo nacional de prevencion de la tortura,
pn-of41-p74,1,BAJA,búsqueda abierta,2,Real Decreto de 24 de julio de 1889 por el que se publica el Código Civil. [Inclusión parcial],14,BOE-A-1889-4763,58,siempre que el interesado manifieste ser esa su voluntad,
pn-of41-p75,1,ALTA,búsqueda abierta,2,Real Decreto de 24 de julio de 1889 por el que se publica el Código Civil. [Inclusión parcial],29,BOE-A-1889-4763,179,el nacimiento determina la personalidad  pero el concebido se tiene por nacido para todos los efectos que le sean favorables  siempre que nazca con las condiciones que expresa el,
pn-of41-p76,25,ALTA,norma nombrada,45,"Real Decreto 2/2006, de 16 de enero, por el que se establecen normas sobre prevención de riesgos laborales en la actividad de los funcionarios del Cuerpo Nacional de Policía",15,BOE-A-2006-624,159,promover iniciativas sobre metodos y procedimientos para la efectiva prevencion de los riesgos  proponiendo la mejora de las condiciones o la correccion de la,
pn-of41-p77,27,MEDIA,búsqueda abierta,11,"Real Decreto 207/2024, de 27 de febrero, por el que se desarrolla la estructura orgánica básica del Ministerio del Interior",6,BOE-A-2024-3793,76,contra la tortura y otros tratos o penas crueles  inhumanos o degradantes,imán: el artículo atrae preguntas de 3+ temas — revisar a mano
pn-of41-p78,21,BAJA,norma nombrada,35,"Ley Orgánica 10/1995, de 23 de noviembre, del Código Penal.",573,BOE-A-1995-25444,29,los delitos tipificados en e,
pn-of41-p79,14,SIN TRAZA,norma nombrada,40,"Ley 4/2015, de 27 de abril, del Estatuto de la víctima del delito. [Inclusión parcial]",19,BOE-A-2015-4606,18,del desarrollo de,
pn-of41-p80,23,ALTA,norma nombrada,55,"Ley 39/2006, de 14 de diciembre, de Promoción de la Autonomía Personal y Atención a las personas en situación de dependencia.",1,BOE-A-2006-21990,91,promocion de la autonomia personal y atencion a las personas en situacion de dependencia,
pn-of41-p81,1,MEDIA,búsqueda abierta,2,Real Decreto de 24 de julio de 1889 por el que se publica el Código Civil. [Inclusión parcial],22,BOE-A-1889-4763,61,el que no haya ejercitado oportunamente la facultad de optar,
pn-of41-p82,4,BAJA,búsqueda abierta,36,"Ley Orgánica 6/1985, de 1 de julio, del Poder Judicial. [Inclusión parcial]",4 bis,BOE-A-1985-12666,44,el tribunal de justicia de la union europea,
pn-of41-p83,29,SIN TRAZA,búsqueda abierta,,,,,0,,
pn-of41-p84,14,BAJA,norma nombrada,40,"Ley 4/2015, de 27 de abril, del Estatuto de la víctima del delito. [Inclusión parcial]",2,BOE-A-2015-4606,27,r la comision de un delito,
pn-of41-p85,38,SIN TRAZA,búsqueda abierta,,,,,0,,
pn-of41-p86,37,SIN TRAZA,búsqueda abierta,,,,,0,,
pn-of41-p87,11,ALTA,norma nombrada,22,"Ley Orgánica 4/2000, de 11 de enero, sobre derechos y libertades de los extranjeros en España y su integración social",53,BOE-A-2000-544,199,consentir la inscripcion de un extranjero en el padron municipal por parte del titular de una vivienda habilitado para tal fin  cuando dicha vivienda no constituya el domicilio real del extranjero,
pn-of41-p88,40,SIN TRAZA,búsqueda abierta,,,,,0,,
pn-of41-p89,20,MEDIA,búsqueda abierta,35,"Ley Orgánica 10/1995, de 23 de noviembre, del Código Penal.",197,BOE-A-1995-25444,115,encargadas o responsables de los ficheros  soportes informaticos  electronicos o telematicos  archivos o registros,
pn-of41-p90,9,BAJA,norma nombrada,19,"Ley Orgánica 2/1986, de 13 de marzo, de Fuerzas y Cuerpos de Seguridad",53,BOE-A-1986-6859,35,de acuerdo con lo establecido en la,
pn-of41-p91,20,ALTA,norma nombrada,37,Real Decreto de 14 de septiembre de 1882 por el que se aprueba la Ley de Enjuiciamiento Criminal.,588 septies a,BOE-A-1882-6036,216,el juez competente podra autorizar la utilizacion de datos de identificacion y codigos  asi como la instalacion de un software  que permitan  de forma remota y telematica  el examen a distancia y sin conocimiento de,
pn-of41-p92,12,ALTA,norma nombrada,25,"Ley 12/2009, de 30 de octubre, reguladora del derecho de asilo y de la protección subsidiaria",21,BOE-A-2009-17242,74,que no reuna los requisitos necesarios para entrar en territorio espanol,
pn-of41-p93,40,SIN TRAZA,búsqueda abierta,,,,,0,,
pn-of41-p94,1,BAJA,búsqueda abierta,2,Real Decreto de 24 de julio de 1889 por el que se publica el Código Civil. [Inclusión parcial],22,BOE-A-1889-4763,38,para la concesion de la nacionalidad,
pn-of41-p95,8,MEDIA,búsqueda abierta,12,"Orden INT/859/2023, de 21 de julio, por la que se desarrolla la estructura orgánica y funciones de los servicios centrales y territoriales de la Dirección General de la Policía",7,BOE-A-2023-17072,86,de todas las funciones relacionadas con la prevencion de la violencia en el deporte,
pn-of41-p96,2,MEDIA,búsqueda abierta,3,Constitución Española,21,BOE-A-1978-31229,105,de reuniones en lugares de transito publico y manifestaciones se dara comunicacion previa a la autoridad,
pn-of41-p97,4,BAJA,búsqueda abierta,12,"Orden INT/859/2023, de 21 de julio, por la que se desarrolla la estructura orgánica y funciones de los servicios centrales y territoriales de la Dirección General de la Policía",3,BOE-A-2023-17072,43,s relacionados con la cooperacion policial,
pn-of41-p98,3,ALTA,norma nombrada,3,Constitución Española,167,BOE-A-1978-31229,68,los proyectos de reforma constitucional deberan ser aprobados por,
pn-of41-p99,21,MEDIA,búsqueda abierta,19,"Ley Orgánica 2/1986, de 13 de marzo, de Fuerzas y Cuerpos de Seguridad",31,BOE-A-1986-6859,104,en el cumplimiento de sus funciones  los funcionarios adscritos a unidades de policia judicial dependen,
pn-of41-p100,8,ALTA,norma nombrada,12,"Orden INT/859/2023, de 21 de julio, por la que se desarrolla la estructura orgánica y funciones de los servicios centrales y territoriales de la Dirección General de la Policía",3,BOE-A-2023-17072,92,designado para el intercambio de datos post hit de perfiles de adn y datos dactiloscopicos,
pn-of42-p01,9,ALTA,norma nombrada,19,"Ley Orgánica 2/1986, de 13 de marzo, de Fuerzas y Cuerpos de Seguridad",6,BOE-A-1986-6859,174,los poderes publicos promoveran las condiciones mas favorables para una adecuada promocion profesional  social y humana de los miembros de las fuerzas y cuerpos de seguridad,
pn-of42-p02,9,ALTA,norma nombrada,19,"Ley Orgánica 2/1986, de 13 de marzo, de Fuerzas y Cuerpos de Seguridad",1,BOE-A-1986-6859,87,la seguridad publica es competencia exclusiva del estado  su mantenimiento corresponde,
pn-of42-p03,2,ALTA,búsqueda abierta,3,Constitución Española,23,BOE-A-1978-31229,164,los ciudadanos tienen el derecho a participar en los asuntos publicos  directamente o por medio de representantes  libremente elegidos en elecciones periodicas por,
pn-of42-p04,20,SIN TRAZA,búsqueda abierta,,,,,0,,
pn-of42-p05,12,BAJA,norma nombrada,25,"Ley 12/2009, de 30 de octubre, reguladora del derecho de asilo y de la protección subsidiaria",21,BOE-A-2009-17242,53,los requisitos necesarios para entrar en territorio,
pn-of42-p06,16,SIN TRAZA,búsqueda abierta,37,Real Decreto de 14 de septiembre de 1882 por el que se aprueba la Ley de Enjuiciamiento Criminal.,478,BOE-A-1882-6036,22,de la persona o cosa,
pn-of42-p07,16,BAJA,norma nombrada,35,"Ley Orgánica 10/1995, de 23 de noviembre, del Código Penal.",14,BOE-A-1995-25444,29,una circunstancia agravante,
pn-of42-p08,28,SIN TRAZA,búsqueda abierta,,,,,0,,
pn-of42-p09,14,BAJA,norma nombrada,40,"Ley 4/2015, de 27 de abril, del Estatuto de la víctima del delito. [Inclusión parcial]",30,BOE-A-2015-4606,32,fuerzas y cuerpos de seguridad,
pn-of42-p10,4,SIN TRAZA,búsqueda abierta,,,,,0,,
pn-of42-p11,22,BAJA,búsqueda abierta,40,"Ley 4/2015, de 27 de abril, del Estatuto de la víctima del delito. [Inclusión parcial]",4,BOE-A-2015-4606,48,a su representante o a la persona que le asista,
pn-of42-p12,9,BAJA,norma nombrada,19,"Ley Orgánica 2/1986, de 13 de marzo, de Fuerzas y Cuerpos de Seguridad",38,BOE-A-1986-6859,41,las autoridades de la comunidad autonoma,
pn-of42-p13,26,BAJA,norma nombrada,47,"Ley Orgánica 3/2018, de 5 de diciembre, de Protección de Datos Personales y garantía de los derechos digitales. [Inclusión parcial]",3,BOE-A-2018-16673,57,acceder a los datos de caracter patrimonial del causante,
pn-of42-p14,26,ALTA,norma nombrada,48,"Ley Orgánica 7/2021, de 26 de mayo, de protección de datos personales tratados para fines de prevención, detección, investigación y enjuiciamiento de infracciones penales y de ejecución de sanciones penales. [Inclusión parcial]",2,BOE-A-2021-8806,125,fines de prevencion  deteccion  investigacion y enjuiciamiento de infracciones penales y de ejecucion de sanciones penales,
pn-of42-p15,3,BAJA,norma nombrada,4,"Ley Orgánica 2/1979, de 3 de octubre, del Tribunal Constitucional",2,BOE-A-1979-23709,30,del tribunal constitucional,
pn-of42-p16,21,BAJA,norma nombrada,38,"Ley Orgánica 6/1984, de 24 de mayo, reguladora del procedimiento de «Habeas Corpus»",7,BOE-A-1984-11620,45,desde que sea dictado el auto de incoacion,
pn-of42-p17,21,BAJA,norma nombrada,37,Real Decreto de 14 de septiembre de 1882 por el que se aprueba la Ley de Enjuiciamiento Criminal.,258 bis,BOE-A-1882-6036,39,de la ley de enjuiciamiento criminal,
pn-of42-p18,8,BAJA,norma nombrada,14,"Ley Orgánica 4/2010, de 20 de mayo, del Régimen disciplinario del Cuerpo Nacional de Policía",15,BOE-A-2010-8115,41,nario del cuerpo nacional de policia  la,
pn-of42-p19,30,SIN TRAZA,búsqueda abierta,,,,,0,,
pn-of42-p20,14,SIN TRAZA,norma nombrada,40,"Ley 4/2015, de 27 de abril, del Estatuto de la víctima del delito. [Inclusión parcial]",24,BOE-A-2015-4606,21,de proteccion de la,
pn-of42-p21,14,SIN TRAZA,norma nombrada,40,"Ley 4/2015, de 27 de abril, del Estatuto de la víctima del delito. [Inclusión parcial]",10,BOE-A-2015-4606,21,en los terminos que,
pn-of42-p22,8,BAJA,búsqueda abierta,12,"Orden INT/859/2023, de 21 de julio, por la que se desarrolla la estructura orgánica y funciones de los servicios centrales y territoriales de la Dirección General de la Policía",7,BOE-A-2023-17072,50,la jefatura de unidades de intervencion policial,
pn-of42-p23,8,ALTA,norma nombrada,14,"Ley Orgánica 4/2010, de 20 de mayo, del Régimen disciplinario del Cuerpo Nacional de Policía",9,BOE-A-2010-8115,119,l extravio  perdida o sustraccion por simple negligencia  de los distintivos de identificacion  del arma reglamentaria,
pn-of42-p24,11,ALTA,norma nombrada,22,"Ley Orgánica 4/2000, de 11 de enero, sobre derechos y libertades de los extranjeros en España y su integración social",53,BOE-A-2000-544,80,e solicitado la renovacion de la misma en el plazo previsto reglamentariamente,
pn-of42-p25,1,BAJA,búsqueda abierta,2,Real Decreto de 24 de julio de 1889 por el que se publica el Código Civil. [Inclusión parcial],17,BOE-A-1889-4763,40,los nacidos de padre o madre espanoles,
pn-of42-p26,8,BAJA,búsqueda abierta,16,"Orden INT/632/2024, de 20 de junio, por la que se establecen normas para la aplicación y desarrollo del Reglamento de procesos selectivos y formación de la Policía Nacional, aprobado por el Real Decreto 853/2022, de 11 de octubre",12,BOE-A-2024-12811,28,de la policia nacional  la,
pn-of42-p27,9,SIN TRAZA,norma nombrada,19,"Ley Orgánica 2/1986, de 13 de marzo, de Fuerzas y Cuerpos de Seguridad",48,BOE-A-1986-6859,20,el consejo de poli,
pn-of42-p28,28,SIN TRAZA,búsqueda abierta,,,,,0,,
pn-of42-p29,13,BAJA,norma nombrada,30,"Ley 5/2014, de 4 de abril, de Seguridad Privada",6,BOE-A-2014-3649,36,funciones de seguridad privada que,
pn-of42-p30,21,SIN TRAZA,búsqueda abierta,,,,,0,,
pn-of42-p31,13,MEDIA,búsqueda abierta,30,"Ley 5/2014, de 4 de abril, de Seguridad Privada",26,BOE-A-2014-3649,69,o guardapesca maritimo sera necesario haberlo hecho previamente como,
pn-of42-p32,6,SIN TRAZA,búsqueda abierta,,,,,0,,
pn-of42-p33,7,BAJA,búsqueda abierta,11,"Real Decreto 207/2024, de 27 de febrero, por el que se desarrolla la estructura orgánica básica del Ministerio del Interior",2,BOE-A-2024-3793,50,titular de la secretaria de estado de seguridad e,
pn-of42-p34,20,SIN TRAZA,búsqueda abierta,,,,,0,,
pn-of42-p35,8,BAJA,búsqueda abierta,12,"Orden INT/859/2023, de 21 de julio, por la que se desarrolla la estructura orgánica y funciones de los servicios centrales y territoriales de la Dirección General de la Policía",3,BOE-A-2023-17072,44,el centro de comunicaciones internacionales,
pn-of42-p36,5,BAJA,norma nombrada,9,"Ley 50/1997, de 27 de noviembre, del Gobierno",21,BOE-A-1997-25336,41,el presidente del gobierno en funciones,
pn-of42-p37,4,SIN TRAZA,búsqueda abierta,,,,,0,,
pn-of42-p38,23,SIN TRAZA,búsqueda abierta,,,,,0,,
pn-of42-p39,5,BAJA,búsqueda abierta,3,Constitución Española,107,BOE-A-1978-31229,42,el supremo organo consultivo del gobierno,
pn-of42-p40,27,BAJA,búsqueda abierta,37,Real Decreto de 14 de septiembre de 1882 por el que se aprueba la Ley de Enjuiciamiento Criminal.,954,BOE-A-1882-6036,43,del tribunal europeo de derechos humanos,
pn-of42-p41,17,BAJA,búsqueda abierta,35,"Ley Orgánica 10/1995, de 23 de noviembre, del Código Penal.",83,BOE-A-1995-25444,35,delito contra la seguridad vial y,
pn-of42-p42,10,BAJA,norma nombrada,23,"Real Decreto 1155/2024, de 19 de noviembre, por el que se aprueba el Reglamento de la Ley Orgánica 4/2000, de 11 de enero, sobre derechos y libertades de los extranjeros en España y su integración social",130,BOE-A-2024-24099,50,ion de la autorizacion de residencia temporal por,
pn-of42-p43,8,MEDIA,búsqueda abierta,12,"Orden INT/859/2023, de 21 de julio, por la que se desarrolla la estructura orgánica y funciones de los servicios centrales y territoriales de la Dirección General de la Policía",11,BOE-A-2023-17072,107,le compete gestionar las retribuciones correspondientes al personal de la direccion general de la policia,
pn-of42-p44,17,SIN TRAZA,búsqueda abierta,,,,,0,,
pn-of42-p45,14,BAJA,norma nombrada,40,"Ley 4/2015, de 27 de abril, del Estatuto de la víctima del delito. [Inclusión parcial]",11,BOE-A-2015-4606,32,conforme a lo dispuesto en la l,
pn-of42-p46,16,SIN TRAZA,búsqueda abierta,,,,,0,,
pn-of42-p47,38,SIN TRAZA,búsqueda abierta,2,Real Decreto de 24 de julio de 1889 por el que se publica el Código Civil. [Inclusión parcial],12,BOE-A-1889-4763,21,un estado en el que,
pn-of42-p48,16,BAJA,norma nombrada,35,"Ley Orgánica 10/1995, de 23 de noviembre, del Código Penal.",177 bis,BOE-A-1995-25444,25,las infracciones penales,
pn-of42-p49,2,SIN TRAZA,norma nombrada,3,Constitución Española,168,BOE-A-1978-31229,20,titulo preliminar,
pn-of42-p50,40,SIN TRAZA,búsqueda abierta,,,,,0,,
pn-of42-p51,43,MEDIA,búsqueda abierta,52,"Real Decreto 1428/2003, de 21 de noviembre, por el que se aprueba el Reglamento General de Circulación para la aplicación y desarrollo del texto articulado de la Ley sobre tráfico, circulación de vehículos a motor y seguridad vial, aprobado por el Real Decreto Legislativo 339/1990, de 2 de marzo. [Inclusión parcial]",67,BOE-A-2003-23514,102,la instalacion de aparatos emisores de luces y senales acusticas especiales en vehiculos prioritarios,
pn-of42-p52,35,BAJA,búsqueda abierta,55,"Ley 39/2006, de 14 de diciembre, de Promoción de la Autonomía Personal y Atención a las personas en situación de dependencia.",1,BOE-A-2006-21990,54,participacion de todas las administraciones publicas,
pn-of42-p53,32,SIN TRAZA,búsqueda abierta,,,,,0,,
pn-of42-p54,42,ALTA,búsqueda abierta,50,"Real Decreto 137/1993, de 29 de enero, por el que se aprueba el Reglamento de Armas",2,BOE-A-1993-6202,155,arma de fuego que despues de cada disparo se recarga automaticamente y con la que solo es posible efectuar un disparo al accionar el disparador cada vez,
pn-of42-p55,14,SIN TRAZA,norma nombrada,40,"Ley 4/2015, de 27 de abril, del Estatuto de la víctima del delito. [Inclusión parcial]",25,BOE-A-2015-4606,22,2 de la ley organica,
pn-of42-p56,27,MEDIA,búsqueda abierta,11,"Real Decreto 207/2024, de 27 de febrero, por el que se desarrolla la estructura orgánica básica del Ministerio del Interior",6,BOE-A-2024-3793,77,contra la tortura y otros tratos o penas crueles  inhumanos o degradantes  e,imán: el artículo atrae preguntas de 3+ temas — revisar a mano
pn-of42-p57,37,SIN TRAZA,búsqueda abierta,,,,,0,,
pn-of42-p58,16,SIN TRAZA,búsqueda abierta,,,,,0,,
pn-of42-p59,9,ALTA,norma nombrada,19,"Ley Orgánica 2/1986, de 13 de marzo, de Fuerzas y Cuerpos de Seguridad",49,BOE-A-1986-6859,110,comite de expertos integrado por ocho representantes  cuatro del estado y cuatro de las comunidades autonomas,
pn-of42-p60,10,ALTA,norma nombrada,23,"Real Decreto 1155/2024, de 19 de noviembre, por el que se aprueba el Reglamento de la Ley Orgánica 4/2000, de 11 de enero, sobre derechos y libertades de los extranjeros en España y su integración social",43,BOE-A-2024-24099,174,los visados para la busqueda de empleo autorizaran a la persona extranjera a desplazarse al territorio espanol para la busqueda de empleo durante un periodo de residencia de,
pn-of42-p61,43,BAJA,búsqueda abierta,53,"Orden INT/2573/2015, de 30 de noviembre, por la que se determinan las especificaciones técnicas que deben reunir los vehículos destinados a la conducción de detenidos, presos y penados",1,BOE-A-2015-13138,44,l transporte de detenidos  presos y penados,
pn-of42-p62,3,BAJA,búsqueda abierta,3,Constitución Española,152,BOE-A-1978-31229,40,a la organizacion judicial en el ambito,
pn-of42-p63,1,SIN TRAZA,búsqueda abierta,,,,,0,,
pn-of42-p64,29,SIN TRAZA,búsqueda abierta,,,,,0,,
pn-of42-p65,8,BAJA,norma nombrada,12,"Orden INT/859/2023, de 21 de julio, por la que se desarrolla la estructura orgánica y funciones de los servicios centrales y territoriales de la Dirección General de la Policía",14,BOE-A-2023-17072,45,iales de la direccion general de la policia,
pn-of42-p66,15,ALTA,norma nombrada,32,"Ley 8/2011, de 28 de abril, por la que se establecen medidas para la protección de las infraestructuras críticas",14,BOE-A-2011-7630,64,el plan nacional de proteccion de las infraestructuras criticas,
pn-of42-p67,6,BAJA,norma nombrada,10,"Real Decreto Legislativo 5/2015, de 30 de octubre, por el que se aprueba el texto refundido de la Ley del Estatuto Básico del Empleado Público. [Inclusión parcial]",59,BOE-A-2015-11719,29,el real decreto legislativo,
pn-of42-p68,18,SIN TRAZA,búsqueda abierta,,,,,0,,
pn-of42-p69,39,SIN TRAZA,búsqueda abierta,,,,,0,,
pn-of42-p70,3,BAJA,norma nombrada,3,Constitución Española,112,BOE-A-1978-31229,43,a otorgada cuando vote a favor de la misma,
pn-of42-p71,3,BAJA,búsqueda abierta,3,Constitución Española,124,BOE-A-1978-31229,47,el fiscal general del estado sera nombrado por,
pn-of42-p72,41,SIN TRAZA,búsqueda abierta,,,,,0,,
pn-of42-p73,26,ALTA,norma nombrada,48,"Ley Orgánica 7/2021, de 26 de mayo, de protección de datos personales tratados para fines de prevención, detección, investigación y enjuiciamiento de infracciones penales y de ejecución de sanciones penales. [Inclusión parcial]",2,BOE-A-2021-8806,125,fines de prevencion  deteccion  investigacion y enjuiciamiento de infracciones penales y de ejecucion de sanciones penales,
pn-of42-p74,21,SIN TRAZA,norma nombrada,38,"Ley Orgánica 6/1984, de 24 de mayo, reguladora del procedimiento de «Habeas Corpus»",2,BOE-A-1984-11620,20,de la ley organica,
pn-of42-p75,27,SIN TRAZA,búsqueda abierta,,,,,0,,
pn-of42-p76,17,SIN TRAZA,búsqueda abierta,,,,,0,,
pn-of42-p77,7,BAJA,búsqueda abierta,11,"Real Decreto 207/2024, de 27 de febrero, por el que se desarrolla la estructura orgánica básica del Ministerio del Interior",6,BOE-A-2024-3793,52,la inspeccion de personal y servicios de seguridad,imán: el artículo atrae preguntas de 3+ temas — revisar a mano
pn-of42-p78,8,MEDIA,búsqueda abierta,11,"Real Decreto 207/2024, de 27 de febrero, por el que se desarrolla la estructura orgánica básica del Ministerio del Interior",2,BOE-A-2024-3793,74,la unidad nacional de retirada de contenidos ilicitos en internet  uneci,
pn-of42-p79,29,SIN TRAZA,búsqueda abierta,36,"Ley Orgánica 6/1985, de 1 de julio, del Poder Judicial. [Inclusión parcial]",26,BOE-A-1985-12666,24,s a los que se atribuye,
pn-of42-p80,37,SIN TRAZA,búsqueda abierta,,,,,0,,
pn-of42-p81,8,ALTA,búsqueda abierta,12,"Orden INT/859/2023, de 21 de julio, por la que se desarrolla la estructura orgánica y funciones de los servicios centrales y territoriales de la Dirección General de la Policía",12,BOE-A-2023-17072,190,el area de innovacion formativa  se encarga de la realizacion de los planes y proyectos relacionados con el campus virtual de formacion de la policia nacional  la gestion de las tecnologias,
pn-of42-p82,45,SIN TRAZA,búsqueda abierta,,,,,0,,
pn-of42-p83,8,BAJA,búsqueda abierta,12,"Orden INT/859/2023, de 21 de julio, por la que se desarrolla la estructura orgánica y funciones de los servicios centrales y territoriales de la Dirección General de la Policía",4,BOE-A-2023-17072,55,la unidad de planificacion estrategica y coordinacion,
pn-of42-p84,9,BAJA,norma nombrada,19,"Ley Orgánica 2/1986, de 13 de marzo, de Fuerzas y Cuerpos de Seguridad",5,BOE-A-1986-6859,42,integridad fisica de las personas a quien,
pn-of42-p85,38,SIN TRAZA,búsqueda abierta,,,,,0,,
pn-of42-p86,45,BAJA,búsqueda abierta,54,"Real Decreto 39/1997, de 17 de enero, por el que se aprueba el Reglamento de los Servicios de Prevención.",10,BOE-A-1997-1853,45,los servicios de prevencion tendran caracter,
pn-of42-p87,8,MEDIA,búsqueda abierta,12,"Orden INT/859/2023, de 21 de julio, por la que se desarrolla la estructura orgánica y funciones de los servicios centrales y territoriales de la Dirección General de la Policía",10,BOE-A-2023-17072,75,la unidad de prevencion de riesgos laborales y proteccion socio sanitaria,
pn-of42-p88,29,SIN TRAZA,búsqueda abierta,,,,,0,,
pn-of42-p89,41,BAJA,búsqueda abierta,11,"Real Decreto 207/2024, de 27 de febrero, por el que se desarrolla la estructura orgánica básica del Ministerio del Interior",4,BOE-A-2024-3793,32,de los sistemas de informacion,
pn-of42-p90,8,MEDIA,búsqueda abierta,12,"Orden INT/859/2023, de 21 de julio, por la que se desarrolla la estructura orgánica y funciones de los servicios centrales y territoriales de la Dirección General de la Policía",23,BOE-A-2023-17072,75,son las unidades basicas de la organizacion policial en las grandes urbes,
pn-of42-p91,5,ALTA,norma nombrada,9,"Ley 50/1997, de 27 de noviembre, del Gobierno",5,BOE-A-1997-25336,68,proponer al congreso de los diputados la declaracion del estado de,
pn-of42-p92,12,ALTA,búsqueda abierta,27,"Real Decreto 865/2001, de 20 de julio, por el que se aprueba el Reglamento de reconocimiento del estatuto de apátrida",10,BOE-A-2001-14166,196,concluida la instruccion por la oficina de asilo y refugio  esta elevara la correspondiente propuesta de resolucion debidamente motivada e individualizada al ministro del interior  a traves de la,
pn-of42-p93,18,SIN TRAZA,búsqueda abierta,,,,,0,,
pn-of42-p94,34,SIN TRAZA,búsqueda abierta,,,,,0,,
pn-of42-p95,40,SIN TRAZA,búsqueda abierta,,,,,0,,
pn-of42-p96,11,BAJA,norma nombrada,22,"Ley Orgánica 4/2000, de 11 de enero, sobre derechos y libertades de los extranjeros en España y su integración social",29,BOE-A-2000-544,32,es de los extranjeros en espana,
pn-of42-p97,5,BAJA,búsqueda abierta,3,Constitución Española,141,BOE-A-1978-31229,34,el gobierno y la administracion,
pn-of42-p98,30,SIN TRAZA,búsqueda abierta,,,,,0,,
pn-of42-p99,31,SIN TRAZA,búsqueda abierta,,,,,0,,
pn-of42-p100,45,ALTA,norma nombrada,45,"Real Decreto 2/2006, de 16 de enero, por el que se establecen normas sobre prevención de riesgos laborales en la actividad de los funcionarios del Cuerpo Nacional de Policía",14,BOE-A-2006-624,101,de acuerdo con el censo de electores de cada escala para representantes en el consejo de la policia,
