external_id,tema_numero,tema_confianza,enunciado,opcion_a,opcion_b,opcion_c,opcion_d,respuesta_correcta,estado,fuente_tipo,verificacion,origen,revisada,explicacion,fuente_normativa,nota_interna
pn-of37-p01,3,ALTA,"Según el art. 147 de la Constitución Española, la reforma de los Estatutos de Autonomía se ajustará al procedimiento establecido en los mismos y requerirá:","En todo caso, la aprobación por las Cortes Generales, mediante Ley Ordinaria.","En todo caso, la aprobación por las Cortes Generales, mediante Ley Orgánica.","Dependiendo de lo establecido en el Estatuto, necesitará o no la aprobación de Las Cortes Generales.",,B,verificada,oficial,oficial,examen_oficial,False,,"Examen oficial PN Escala Básica 37a promoción (2020), pregunta 1. T3 - Org. territorial (CE art.147): reforma de Estatutos","Procedencia: examen oficial PN 37a promoción (2020), pregunta 1. [Verificación profunda 37a promoción: revisada una a una está sesión.]"
pn-of37-p02,4,ALTA,El Consejo de la Unión Europea se pronunciará.,"Por mayoría simple, excepto cuando los Tratados dispongan otra cosa.","Por mayoría cualificada, excepto cuando los Tratados dispongan otra cosa.",Siempre por mayoría simple.,,B,borrador,oficial,oficial,examen_oficial,False,,"Examen oficial PN Escala Básica 37a promoción (2020), pregunta 2. T4 - UE: Consejo de la Unión Europea","Examen oficial. IMPUGNADA en el examen oficial - NO PUBLICAR (anulada por el tribunal). Procedencia: examen oficial PN 37a promoción (2020), pregunta 2. MAPA vigencia=impugnada. PDF la marca IMPUGNADA. Obs.ma"
pn-of37-p03,9,ALTA,"En relación a la Ley Orgánica 2/1986 de 13 de marzo de las Fuerzas y Cuerpos de Seguridad, cuáles son las implicaciones del secreto profesional para el personal funcionario:","Deberán guardar riguroso secreto respecto de todas las informaciones que conozcan por razón o con ocasión del desempeño de sus funciones, no estando obligados a revelar las fuentes de información salvo que el ejercicio de sus funciones o las disposiciones de Ley les impongan actuar de otra manera.","Deberán guardar riguroso secreto respecto de todas las informaciones que conozcan por razón o con ocasión del desempeño de sus funciones, no estando obligados a revelar las fuentes de información salvo que en el ejercicio de sus funciones y conjuntamente con las disposiciones de Ley les impongan actuar de otra manera.","Deberán guardar riguroso secreto respecto de todas las informaciones que conozcan por razón o con ocasión del desempeño de sus funciones, estando obligados a revelar las fuentes de información salvo que el ejercicio de sus funciones o las disposiciones de Ley les impongan actuar de otra manera.",,A,verificada,oficial,oficial,examen_oficial,False,,"Examen oficial PN Escala Básica 37a promoción (2020), pregunta 3. T9 - LO 2/1986: secreto profesional","Procedencia: examen oficial PN 37a promoción (2020), pregunta 3. [Verificación profunda 37a promoción: revisada una a una está sesión.]"
pn-of37-p04,16,ALTA,"Según del Código Penal, ¿hay tentativa de delito?:","Cuando el sujeto da principio a la ejecución del delito directamente por hechos exteriores, practicando todos o parte de los actos que objetivamente deberían producir el resultado, y sin embargo éste no se produce por la voluntad del autor.","Cuando el sujeto da principio a la ejecución del delito directamente por hechos exteriores, practicando solo parte de los actos que objetivamente deberían producir el resultado, y sin embargo éste no se produce por causas independientes de la voluntad del autor.","Cuando el sujeto da principio a la ejecución del delito directamente por hechos exteriores, practicando todos o parte de los actos que objetivamente deberían producir el resultado, y sin embargo éste no se produce por causas independientes de la voluntad del autor. ",,C,verificada,oficial,oficial,examen_oficial,False,,"Examen oficial PN Escala Básica 37a promoción (2020), pregunta 4. T16 - DP general: tentativa (CP)","Procedencia: examen oficial PN 37a promoción (2020), pregunta 4. [Verificación profunda 37a promoción: revisada una a una está sesión.]"
pn-of37-p05,28,ALTA,El segundo Foro Social Mundial de realizó en:,"Bombay, India, del 16 al 21 de enero de 2004.","Porto Alegre, Brasil del 31 de enero al 05 de febrero de 2002.",Nairobi (Kenia) del 20 al 25 de enero de 2007.,,B,verificada,oficial,oficial,examen_oficial,False,,"Examen oficial PN Escala Básica 37a promoción (2020), pregunta 5. T28 - Foro Social Mundial (II edición)","Procedencia: examen oficial PN 37a promoción (2020), pregunta 5. [Verificación profunda 37a promoción: revisada una a una está sesión.]"
pn-of37-p06,1,ALTA,"Para la adquisición de la nacionalidad española por opción, carta de naturaleza o residencia, es necesario:","Que el mayor de edad y capaz para prestar una declaración por sí, jure o prometa fidelidad al Rey y obediencia a la Constitución y a las leyes.","Que el mayor de catorce años y capaz para prestar una declaración por sí, jure o prometa fidelidad al Rey y obediencia a la Constitución y a las leyes.","Que el mayor de dieciséis años y capaz para prestar una declaración por sí, jure o prometa fidelidad al Rey y obediencia a la Constitución y a las leyes.",,B,verificada,oficial,BOE,examen_oficial,False,,CC art. 23.a (mayor de catorce años),"Procedencia: examen oficial PN 37a promoción (2020), pregunta 6. ERRATA DE PLANTILLA confirmada (BOE-600): plantilla daba A (""mayor de edad""); el art.23.a CC dice ""mayor de catorce años"" -> correcta B. [Verificación profunda 37a promoción: revisada una a una está sesión.]"
pn-of37-p07,35,ALTA,"¿Cuál de los siguientes no es uno de los diecisiete objetivos de desarrollo sostenible de Naciones Unidas, recogidos en la Agenda 2030?",Acción por el clima.,Energía asequible y no contaminante.,Educación en el voluntariado.,,C,verificada,oficial,oficial,examen_oficial,False,,"Examen oficial PN Escala Básica 37a promoción (2020), pregunta 7. T35 - Desarrollo sostenible: ODS Agenda 2030","Procedencia: examen oficial PN 37a promoción (2020), pregunta 7. [Verificación profunda 37a promoción: revisada una a una está sesión.]"
pn-of37-p08,38,ALTA,"De acuerdo a Microsoft y respecto al funcionamiento de su S.O. Windows ¿qué sistema de archivos es la mejor opción para volúmenes de unos 400 MB o más, dado que su rendimiento no se degrada con volúmenes grandes?",FAT.,HPFS.,NTFS.,,C,verificada,oficial,oficial,examen_oficial,False,,"Examen oficial PN Escala Básica 37a promoción (2020), pregunta 8. T38 - Sistemas operativos: sistemas de archivos","Procedencia: examen oficial PN 37a promoción (2020), pregunta 8. [Verificación profunda 37a promoción: revisada una a una está sesión.]"
pn-of37-p09,3,ALTA,"Presentada una moción de censura, ¿Cuánto tiempo tiene que transcurrir desde esta presentación para que pueda ser votada?:",3 días.,5 días.,7 días.,,B,verificada,oficial,BOE,examen_oficial,False,,CE art. 113.3 (5 días moción de censura),"Procedencia: examen oficial PN 37a promoción (2020), pregunta 9. [Verificación profunda 37a promoción: revisada una a una está sesión.]"
pn-of37-p10,39,ALTA,¿Cuál de las siguientes es una dirección IP válida para identificar una conexión a internet?,85.256.0.119.,335d:1db8:85a3::8a2e:0370:7332.,Las dos son válidas.,,B,verificada,oficial,oficial,examen_oficial,False,,"Examen oficial PN Escala Básica 37a promoción (2020), pregunta 10. T39 - Redes: direccionamiento IP","Procedencia: examen oficial PN 37a promoción (2020), pregunta 10. [Verificación profunda 37a promoción: revisada una a una está sesión.]"
pn-of37-p11,32,ALTA,Cuando hablamos de un plano basado en el sistema hipodámico nos estamos refiriendo a un plano de tipo:,Ortogonal.,Radiocéntrico.,Irregular.,,A,verificada,oficial,oficial,examen_oficial,False,,"Examen oficial PN Escala Básica 37a promoción (2020), pregunta 11. T32 - Geografia urbana: planos","Procedencia: examen oficial PN 37a promoción (2020), pregunta 11. [Verificación profunda 37a promoción: revisada una a una está sesión.]"
pn-of37-p12,3,ALTA,"El Presidente del Tribunal Constitucional, será nombrado:","Entre sus miembros por el Rey, a propuesta del mismo Tribunal en pleno y por un período de tres años.","Entre sus miembros por el Rey, a propuesta del Gobierno y por un período de tres años.","Entre sus miembros por el Rey, a propuesta del Gobierno y por un período de 4 años. ",,A,verificada,oficial,oficial,examen_oficial,False,,"Examen oficial PN Escala Básica 37a promoción (2020), pregunta 12. T3 - Tribunal Constitucional: Presidente","Procedencia: examen oficial PN 37a promoción (2020), pregunta 12. [Verificación profunda 37a promoción: revisada una a una está sesión.]"
pn-of37-p13,5,ALTA,El art. 103 de la Constitución Española establece que la Administración:,Está sujeta al control parlamentario.,Sirve con objetividad los intereses generales.,Se encuentra bajo la dependencia del Gobierno.,,B,verificada,oficial,oficial,examen_oficial,False,,"Examen oficial PN Escala Básica 37a promoción (2020), pregunta 13. T5 - AGE (CE art.103): principios","Procedencia: examen oficial PN 37a promoción (2020), pregunta 13. [Verificación profunda 37a promoción: revisada una a una está sesión.]"
pn-of37-p14,8,ALTA,"La Unidad Adscrita a la Fiscalía General del Estado, depende de:",La Unidad Central de Delincuencia Económica y Fiscal.,La Unidad Central de Drogas y Crimen Organizado.,La Unidad Central de Delincuencia Especializada y Violenta.,,A,verificada,oficial,oficial,examen_oficial,False,,"Examen oficial PN Escala Básica 37a promoción (2020), pregunta 14. T8 - DGP: estructura (Unidad adscrita a la FGE)","Procedencia: examen oficial PN 37a promoción (2020), pregunta 14. [Verificación profunda 37a promoción: revisada una a una está sesión.]"
pn-of37-p15,8,ALTA,¿Tiene su dependencia directa de la Dirección Adjunta Operativa?:,El Área de control de Gastos.,El GOE.,La División de Operaciones y Transformación Digital.,,C,verificada,oficial,oficial,examen_oficial,False,,"Examen oficial PN Escala Básica 37a promoción (2020), pregunta 15. T8 - DGP: dependencia de la DAO","Procedencia: examen oficial PN 37a promoción (2020), pregunta 15. [Verificación profunda 37a promoción: revisada una a una está sesión.]"
pn-of37-p16,13,ALTA,"Los requisitos generales para la obtención de la habilitación profesional para el personal de seguridad privada, señale la respuesta correcta:","No haber sido sancionado en los dos o cuatro años anteriores por infracción grave o muy grave, respectivamente, en materia de seguridad privada.","No haber sido condenado por intromisión ilegítima en el ámbito de la protección del derecho al honor, a la intimidad personal y familiar o a la propia imagen, vulneración del secreto de las comunicaciones o de otros derechos fundamentales en los dos años anteriores.",Ninguna es correcta.,,C,verificada,oficial,oficial,examen_oficial,False,,"Examen oficial PN Escala Básica 37a promoción (2020), pregunta 16. T13 - Seguridad privada (Ley 5/2014): habilitación","Procedencia: examen oficial PN 37a promoción (2020), pregunta 16. [Verificación profunda 37a promoción: revisada una a una está sesión.]"
pn-of37-p17,34,ALTA,"En España, el desarrollo y mantenimiento de un sistema rápido para la detección, intercambio de información, evaluación y respuesta frente a la aparición de las nuevas sustancias psicoactivas corresponde a:",Sistema Español de Alerta Temprana (SEAT).,Observatorio Español de las Drogas y las Adicciones (DGPNSD).,Delegación del Gobierno para el Plan Nacional sobre Drogas.,,A,verificada,oficial,oficial,examen_oficial,False,,"Examen oficial PN Escala Básica 37a promoción (2020), pregunta 17. T34 - Drogodependencias: alerta temprana","Procedencia: examen oficial PN 37a promoción (2020), pregunta 17. [Verificación profunda 37a promoción: revisada una a una está sesión.]"
pn-of37-p18,38,ALTA,"En el Open Office, para generar desde simples diagramas hasta ilustraciones 3D dinámicas, es necesario utilizar:",Calc.,Writer.,Draw.,,B,verificada,oficial,oficial,examen_oficial,False,,"Examen oficial PN Escala Básica 37a promoción (2020), pregunta 18. T38 - Ofimatica: OpenOffice","Procedencia: examen oficial PN 37a promoción (2020), pregunta 18. [Verificación profunda 37a promoción: revisada una a una está sesión.]"
pn-of37-p19,7,ALTA,"De acuerdo al Real Decreto 734/2020, de 4 de agosto, ¿Cuál no es una función de la Secretaría de Estado de Seguridad?",La dirección del sistema Nacional de Protección de Infraestructuras críticas.,La coordinación del ejercicio de las competencias de las Delegaciones y Subdelegaciones del Gobierno en materia de seguridad ciudadana.,La coordinación y supervisión de las Policías Autonómicas.,,C,verificada,oficial,oficial,examen_oficial,False,,"Examen oficial PN Escala Básica 37a promoción (2020), pregunta 19. T7 - SES (RD 734/2020): funciones","Procedencia: examen oficial PN 37a promoción (2020), pregunta 19. [Verificación profunda 37a promoción: revisada una a una está sesión.]"
pn-of37-p20,8,ALTA,No depende de la Unidad Central de Delincuencia Económica y Fiscal:,El Servicio de Control de Juegos de Azar.,La Unidad Adscrita a la Fiscalía especial contra la Corrupción y la Criminalidad Organizada.,La Brigada de Investigación del Banco de España. ,,A,verificada,oficial,oficial,examen_oficial,False,,"Examen oficial PN Escala Básica 37a promoción (2020), pregunta 20. T8 - DGP: estructura (UCDEF)","Procedencia: examen oficial PN 37a promoción (2020), pregunta 20. [Verificación profunda 37a promoción: revisada una a una está sesión.]"
pn-of37-p21,17,ALTA,"Si un hombre agrede a su ex novia causándole lesiones que necesitan intervención quirúrgica, es autor de:",Un delito especial de violencia doméstica tipificado en el artículo 153.2 del Código Penal.,Un delito de lesiones agravado por violencia de género del artículo 148.4 del Código Penal.,Un delito de violencia de género tipificado en el artículo 153.1 del Código Penal.,,B,verificada,oficial,BOE,examen_oficial,False,,CP art. 147.1/148.4 (lesión con tratamiento quirurgico = lesiones agravadas por VG),"Procedencia: examen oficial PN 37a promoción (2020), pregunta 21. Obs.mapa: Reverificar (lesiones que requieren cirugia podrian ir a art.148/150); roza T23 (VG) ERRATA DE PLANTILLA confirmada (BOE-600): plantilla daba C (art.153); una lesión que requiere cirugia es art.147.1 + agravada por VG art.148.4, no art.153 -> correcta B. [Verificación profunda 37a promoción: revisada una a una está sesión.]"
pn-of37-p22,29,ALTA,"El modelo de interacción cuya principal finalidad consiste en explicar el origen de la diferenciación intergrupal mediante la integración de dos perspectivas: la interdependencia y la identidad social, las cuales aparentemente tienden a estar en conflicto, pertenece a:",De Rabbie.,De Worchel.,De Chinoy.,,A,verificada,oficial,oficial,examen_oficial,False,,"Examen oficial PN Escala Básica 37a promoción (2020), pregunta 22. T29 - Psicologia social: diferenciación intergrupal","Procedencia: examen oficial PN 37a promoción (2020), pregunta 22. [Verificación profunda 37a promoción: revisada una a una está sesión.]"
pn-of37-p23,38,ALTA,¿Cómo se abre el Explorador de Archivos en Windows?,[Ctrl] + [Bloq. Mayús].,[Símbolo de Windows] + [e].,[Ctrl] + [Símbolo de Windows].,,B,verificada,oficial,oficial,examen_oficial,False,,"Examen oficial PN Escala Básica 37a promoción (2020), pregunta 23. T38 - Sistemas operativos: atajos de teclado","Procedencia: examen oficial PN 37a promoción (2020), pregunta 23. [Verificación profunda 37a promoción: revisada una a una está sesión.]"
pn-of37-p24,1,ALTA,El artículo 30 del Código Civil dice:,El nacimiento determina la personalidad.,"La personalidad se adquiere en el momento del nacimiento con vida, una vez producido el entero desprendimiento del seno materno.",La personalidad civil se extingue con la muerte de la personas.,,B,verificada,oficial,oficial,examen_oficial,False,,"Examen oficial PN Escala Básica 37a promoción (2020), pregunta 24. T1 - La persona (CC art.30)","Procedencia: examen oficial PN 37a promoción (2020), pregunta 24. [Verificación profunda 37a promoción: revisada una a una está sesión.]"
pn-of37-p25,0,ALTA,¿Cuál de los siguientes no es un pasivo financiero?,Créditos por operaciones comerciales.,Deudas con entidades de crédito.,Obligaciones y otros valores negociables emitidos.,,A,verificada,oficial,oficial,examen_oficial,False,,"Examen oficial PN Escala Básica 37a promoción (2020), pregunta 25. CG - Contabilidad: pasivo financiero","Procedencia: examen oficial PN 37a promoción (2020), pregunta 25. Obs.mapa: Fuera del temario de 45 (conocimientos generales/aptitud) Fuera del temario de 45 (aptitud/conocimientos generales). [Verificación profunda 37a promoción: revisada una a una está sesión.]"
pn-of37-p26,0,ALTA,¿Cuál de los siguientes documentos no integra las cuentas anuales?,La cuenta de pérdidas y ganancias.,El libro mayor.,El balance de situación.,,B,verificada,oficial,oficial,examen_oficial,False,,"Examen oficial PN Escala Básica 37a promoción (2020), pregunta 26. CG - Contabilidad: cuentas anuales","Procedencia: examen oficial PN 37a promoción (2020), pregunta 26. Obs.mapa: Fuera del temario de 45 (conocimientos generales/aptitud) Fuera del temario de 45 (aptitud/conocimientos generales). [Verificación profunda 37a promoción: revisada una a una está sesión.]"
pn-of37-p27,0,ALTA,¿Cuál no es una unidad de energía?,El julio.,El electronvoltio.,El newton.,,C,verificada,oficial,oficial,examen_oficial,False,,"Examen oficial PN Escala Básica 37a promoción (2020), pregunta 27. CG - Física: unidades","Procedencia: examen oficial PN 37a promoción (2020), pregunta 27. Obs.mapa: Fuera del temario de 45 (conocimientos generales/aptitud) Fuera del temario de 45 (aptitud/conocimientos generales). [Verificación profunda 37a promoción: revisada una a una está sesión.]"
pn-of37-p28,4,ALTA,El Tribunal de Justicia de la Unión Europea estará compuesto por:,Al menos de un juez y asistido por abogados.,Al menos de un juez de cada país miembro y asistido por abogados generales.,"Doce jueces, designados por la Comisión Europea y asistido por abogados. ",,B,verificada,oficial,oficial,examen_oficial,False,,"Examen oficial PN Escala Básica 37a promoción (2020), pregunta 28. T4 - UE: composición del TJUE","Procedencia: examen oficial PN 37a promoción (2020), pregunta 28. [Verificación profunda 37a promoción: revisada una a una está sesión.]"
pn-of37-p29,5,ALTA,"El Secretariado del Gobierno, como órgano de apoyo del Consejo de Ministros, de las Comisiones delegadas del Gobierno y de las Comisión General de Secretarios de Estado y Subsecretarios, ejercerá una de las siguientes funciones:","Estudiar aquellos asuntos que, afectando a varios Ministerios, requieran la elaboración de una propuesta conjunta previa a su resolución por el Consejo de Ministros.",Velar por la correcta y fiel publicación de las disposiciones y normas emanadas del Gobierno que deban insertarse en el «Boletín Oficial del Estado».,Examinar las cuestiones de carácter general que tengan relación con varios de los Departamentos Ministeriales.,,B,verificada,oficial,oficial,examen_oficial,False,,"Examen oficial PN Escala Básica 37a promoción (2020), pregunta 29. T5 - El Gobierno (Ley 50/1997): Secretariado del Gobierno","Procedencia: examen oficial PN 37a promoción (2020), pregunta 29. [Verificación profunda 37a promoción: revisada una a una está sesión.]"
pn-of37-p30,0,ALTA,El satélite cuyo periodo orbital es similar a la velocidad de rotación de la tierra se denomina:,Heliosíncrono.,Geoestacionario.,Ninguna de las anteriores es correcta.,,B,verificada,oficial,oficial,examen_oficial,False,,"Examen oficial PN Escala Básica 37a promoción (2020), pregunta 30. CG - Astronomia/física: satelites","Procedencia: examen oficial PN 37a promoción (2020), pregunta 30. Obs.mapa: Fuera del temario de 45 (conocimientos generales/aptitud) Fuera del temario de 45 (aptitud/conocimientos generales). [Verificación profunda 37a promoción: revisada una a una está sesión.]"
pn-of37-p31,2,ALTA,¿Cuántas personas forman parte de la Junta de Coordinación y Régimen Interior del Defensor del Pueblo?,Dos.,Tres.,Cuatro.,,B,verificada,oficial,oficial,examen_oficial,False,,"Examen oficial PN Escala Básica 37a promoción (2020), pregunta 31. T2 - CE: Defensor del Pueblo (organización)","Procedencia: examen oficial PN 37a promoción (2020), pregunta 31. [Verificación profunda 37a promoción: revisada una a una está sesión.]"
pn-of37-p32,6,ALTA,"¿Cuál de las siguientes respuestas relativa a la excedencia voluntaria por interés particular de un funcionario público, es correcta?",Podrá declararse cuando al funcionario se le instruya un expediente disciplinario.,"La concesión quedará subordinada a las necesidades del servicio, debidamente motivadas.",El funcionario devengará retribuciones y será compatible el tiempo que permanezca en esta situación a efectos de trienios y derechos en el régimen de Seguridad Social que les sea de aplicación.,,B,verificada,oficial,oficial,examen_oficial,False,,"Examen oficial PN Escala Básica 37a promoción (2020), pregunta 32. T6 - Funcionarios: excedencia voluntaria por interés particular","Procedencia: examen oficial PN 37a promoción (2020), pregunta 32. [Verificación profunda 37a promoción: revisada una a una está sesión.]"
pn-of37-p33,11,ALTA,"Cuando un extranjero sea expulsado y suponga una amenaza para el orden público, la seguridad pública, la seguridad nacional o para la salud pública, podrá imponerse excepcionalmente un periodo de prohibición de entrada no superior a:",Cinco años.,Siete años.,Diez años.,,C,verificada,oficial,BOE,examen_oficial,False,,"LO 4/2000, art. 58 (amenaza orden público: hasta 10 años)","Procedencia: examen oficial PN 37a promoción (2020), pregunta 33. [Verificación profunda 37a promoción: revisada una a una está sesión.]"
pn-of37-p34,8,ALTA,"Según el Real Decreto 734/2020, de 4 de agosto por el que se desarrolla la estructura orgánica básica del Ministerio del Interior, La División de Operaciones y Transformación Digital.","Depende de la Dirección General de la Policía, con nivel orgánico que se determine en el catálogo de puestos de trabajo.",Depende de la Dirección Adjunta Operativa con nivel orgánico de Subdirección General.,Depende de la Dirección Adjunta Operativa con nivel orgánico que se determine en el catálogo de puestos de trabajo.,,C,verificada,oficial,oficial,examen_oficial,False,,"Examen oficial PN Escala Básica 37a promoción (2020), pregunta 34. T8 - DGP (RD 734/2020): estructura","Procedencia: examen oficial PN 37a promoción (2020), pregunta 34. [Verificación profunda 37a promoción: revisada una a una está sesión.]"
pn-of37-p35,10,ALTA,El Visado de residencia y trabajo de temporada de un extranjero:,Habilita para trabajar por cuenta ajena hasta nueve meses en un período de doce meses consecutivos.,Habilita para trabajar por cuenta ajena hasta seis meses en un período de doce meses consecutivos.,Habilita para trabajar por cuenta propia hasta seis meses en un período de doce meses consecutivos. ,,A,verificada,oficial,BOE,examen_oficial,False,,Reglam. extranjería (trabajo de temporada: 9 meses),"Procedencia: examen oficial PN 37a promoción (2020), pregunta 35. [Verificación profunda 37a promoción: revisada una a una está sesión.]"
pn-of37-p36,29,ALTA,"Según Boninger, Krosnick, & Berent, existen tres factores que pueden jugar un papel clave en la determinación de la importancia de la actitud:","El interés propio, la identificación social y la conexión entre actitudes y los valores.","El interés del grupo social, la identificación social y la conexión entre actitudes y los valores","El interés propio, la identificación con los valores y la conexión entre actitudes y los estereotipos.",,A,verificada,oficial,oficial,examen_oficial,False,,"Examen oficial PN Escala Básica 37a promoción (2020), pregunta 36. T29 - Actitudes: importancia de la actitud (Boninger et al.)","Procedencia: examen oficial PN 37a promoción (2020), pregunta 36. [Verificación profunda 37a promoción: revisada una a una está sesión.]"
pn-of37-p37,6,ALTA,"Según el Texto refundido de la Ley del Estatuto Básico del Empleado Público, las disposiciones de dicho Estatuto sólo se aplicarán directamente cuando así lo disponga su legislación específica al siguiente personal:","Personal del Centro Nacional de Inteligencia, Personal militar de las Fuerzas Armadas, Personal de las Fuerzas y Cuerpos de Seguridad y Personal no retribuido por arancel.","Personal del Centro Nacional de Inteligencia, Personal militar de las Fuerzas Armadas y Personal de las Fuerzas y Cuerpos de Seguridad.","Personal del Centro Nacional de Inteligencia, Personal militar de las Fuerzas Armadas, Personal de las Fuerzas y Cuerpos de Seguridad y Personal funcionario las Delegaciones y Subdelegaciones del Gobierno de las Comunidades Autónomas.",,B,verificada,oficial,oficial,examen_oficial,False,,"Examen oficial PN Escala Básica 37a promoción (2020), pregunta 37. T6 - Empleados públicos (TREBEP): ambito de aplicación","Procedencia: examen oficial PN 37a promoción (2020), pregunta 37. [Verificación profunda 37a promoción: revisada una a una está sesión.]"
pn-of37-p38,12,ALTA,"Según el artículo 18 de la Ley 12/2009, de 30 de octubre, reguladora del derecho de asilo y de la protección subsidiaria, serán obligaciones de los solicitantes de protección internacional:","Proporcionar sus impresiones dactilares, permitir ser fotografiados y, en su caso, consentir que sean grabadas sus declaraciones, siempre que hayan sido previamente informados sobre este último extremo.","Proporcionar sus impresiones dactilares, permitir ser fotografiados y, en su caso, consentir que sean grabadas sus declaraciones, sin necesidad de haber sido previamente informados sobre este último extremo.","Informar sobre sus datos de contacto, incluyendo teléfono y correo electrónico.",,A,verificada,oficial,oficial,examen_oficial,False,,"Examen oficial PN Escala Básica 37a promoción (2020), pregunta 38. T12 - Protección internacional (Ley 12/2009, art.18): obligaciones","Procedencia: examen oficial PN 37a promoción (2020), pregunta 38. [Verificación profunda 37a promoción: revisada una a una está sesión.]"
pn-of37-p39,1,ALTA,Conforme al artículo 6 del Código Civil:,La ignorancia de las leyes no excusa de su cumplimiento. El error de derecho producirá únicamente aquellos efectos que las leyes determinen.,"Las leyes penales, las de policía y las de seguridad pública obligan a todos los que se hallen en territorio español.","La Ley no ampara el abuso del derecho o el ejercicio antisocial del mismo. Todo acto u omisión que por la intención de su autor, por su objeto o por las circunstancias en que se realice sobrepase manifiestamente los límites normales del ejercicio de un derecho, con daño para tercero, dará lugar a la correspondiente indemnización y a la adopción de las medidas judiciales o administrativas que impidan la persistencia en el abuso.",,C,verificada,oficial,oficial,examen_oficial,False,,"Examen oficial PN Escala Básica 37a promoción (2020), pregunta 39. T1 - Derecho: el Código Civil (art.6)","Procedencia: examen oficial PN 37a promoción (2020), pregunta 39. [Verificación profunda 37a promoción: revisada una a una está sesión.]"
pn-of37-p40,29,ALTA,"Según la Teoría del Aprendizaje Social de Bandura, la exposición a un modelo puede producir uno de los siguientes efectos:","Modelado, inhibición o desinhibición de respuestas aprendidas previamente y facilitación o provocación de respuestas existentes en nuestro repertorio de conductas.","Imitación, inhibición o desinhibición y evitación.","Imitación, inhibición o desinhibición de respuestas aprendidas previamente, y evitación de respuestas existentes en nuestro repertorio de conductas.",,A,verificada,oficial,oficial,examen_oficial,False,,"Examen oficial PN Escala Básica 37a promoción (2020), pregunta 40. T29 - Psicologia social: aprendizaje (Bandura)","Procedencia: examen oficial PN 37a promoción (2020), pregunta 40. [Verificación profunda 37a promoción: revisada una a una está sesión.]"
pn-of37-p41,2,ALTA,A lo largo del texto de la Constitución Española se hace referencia al término seguridad con distintas acepciones en los siguientes artículos:,Seguridad jurídica garantizada en el artículo 104.,Seguridad ciudadana garantizada en el artículo 9.,Seguridad pública como competencia exclusiva del Estado en el artículo 149.1.29. ,,C,verificada,oficial,oficial,examen_oficial,False,,"Examen oficial PN Escala Básica 37a promoción (2020), pregunta 41. T2 - CE: acepciones de 'seguridad'","Procedencia: examen oficial PN 37a promoción (2020), pregunta 41. Obs.mapa: También encaja en T33 (concepto de seguridad); decidir criterio [Verificación profunda 37a promoción: revisada una a una está sesión.]"
pn-of37-p42,27,ALTA,"Los miembros del Comité Europeo para la prevención de la Tortura, son elegidos por:",Parlamento Europeo.,Comisión Europea.,Comité de Ministros del Consejo de Europa.,,C,verificada,oficial,oficial,examen_oficial,False,,"Examen oficial PN Escala Básica 37a promoción (2020), pregunta 42. T27 - DDHH: Comite Europeo para la Prevención de la Tortura","Procedencia: examen oficial PN 37a promoción (2020), pregunta 42. [Verificación profunda 37a promoción: revisada una a una está sesión.]"
pn-of37-p43,41,ALTA,Entre todos los ataques posibles que puede sufrir un usuario a través del navegador web nos encontramos:,"Mediante un exploit, el atacante se aprovecha de determinada vulnerabilidad para inyectar código dañino en el equipo.","Malvertising: esta vía de infección consiste en ejecutar código dañino por medio de anuncios, aparentemente inofensivos, distribuidos en un gran número de páginas.",Ambas son correctas.,,C,verificada,oficial,oficial,examen_oficial,False,,"Examen oficial PN Escala Básica 37a promoción (2020), pregunta 43. T41 - Ciberdelincuencia: ataques vía navegador","Procedencia: examen oficial PN 37a promoción (2020), pregunta 43. [Verificación profunda 37a promoción: revisada una a una está sesión.]"
pn-of37-p44,35,ALTA,"Según señala el Informe Brundtland de 1987, la satisfacción de las necesidades del presente sin comprometer las necesidades de las futuras generaciones, es la definición de:",El desarrollo de la economía internacional.,El desarrollo sostenible.,La lucha nacional por el medio ambiente.,,B,verificada,oficial,oficial,examen_oficial,False,,"Examen oficial PN Escala Básica 37a promoción (2020), pregunta 44. T35 - Desarrollo sostenible: Informe Brundtland (1987)","Procedencia: examen oficial PN 37a promoción (2020), pregunta 44. [Verificación profunda 37a promoción: revisada una a una está sesión.]"
pn-of37-p45,1,ALTA,Con respecto a la vecindad civil señale la afirmación correcta:,"Se adquiere por residencia continuada durante tres años, siempre que el interesado manifieste ser esa su voluntad.","Si al nacer el hijo, o al ser adoptado, los padres tuvieren distinta vecindad civil, el hijo tendrá la que corresponda a aquél de los dos respecto del cual la filiación haya sido determinada antes.","En todo caso, el hijo desde que cumpla dieciséis años y hasta que transcurra un año después de su emancipación podrá optar bien por la vecindad civil del lugar de su nacimiento, bien por la última vecindad de cualquiera de sus padres.",,B,verificada,oficial,oficial,examen_oficial,False,,"Examen oficial PN Escala Básica 37a promoción (2020), pregunta 45. T1 - Vecindad civil (CC): atribución","Procedencia: examen oficial PN 37a promoción (2020), pregunta 45. [Verificación profunda 37a promoción: revisada una a una está sesión.]"
pn-of37-p46,21,ALTA,"El abogado designado para asistir a un detenido acudirá al centro de detención con la máxima premura, siempre dentro del plazo máximo de:",Cinco horas desde la recepción del encargo.,Ocho horas desde que se efectúe la comunicación al Colegio de Abogados.,Tres horas desde la recepción del encargo.,,C,verificada,oficial,BOE,examen_oficial,False,,LECrim art. 520.5 (abogado en 3 horas),"Procedencia: examen oficial PN 37a promoción (2020), pregunta 46. [Verificación profunda 37a promoción: revisada una a una está sesión.]"
pn-of37-p47,25,ALTA,"El artículo 9 de la Ley 31/1995, de 8 de noviembre, de prevención de Riesgos Laborales determina que la función de la vigilancia y control de la normativa sobre prevención de riesgos laborales corresponde:",Al Instituto Nacional de Seguridad e Higiene en el Trabajo.,A la Inspección de Trabajo y Seguridad Social.,A la Comisión Nacional de Seguridad y Salud en el Trabajo.,,B,verificada,oficial,BOE,examen_oficial,False,,"Ley 31/1995, art. 9 (Inspección de Trabajo y SS)","Procedencia: examen oficial PN 37a promoción (2020), pregunta 47. [Verificación profunda 37a promoción: revisada una a una está sesión.]"
pn-of37-p48,33,ALTA,"La teoría social formulada por R.E.Park y E.Burgess en la denominada Escuela de Chicago, se incluye en:",Las teorías subculturales.,Las teorías del proceso social.,Las teorías ecológicas. ,,C,verificada,oficial,oficial,examen_oficial,False,,"Examen oficial PN Escala Básica 37a promoción (2020), pregunta 48. T33 - Teorias de la delincuencia: Escuela de Chicago","Procedencia: examen oficial PN 37a promoción (2020), pregunta 48. [Verificación profunda 37a promoción: revisada una a una está sesión.]"
pn-of37-p49,38,ALTA,Se denomina periféricos a los aparatos y/o dispositivos auxiliares e independientes conectados a la unidad central de procesamiento de un ordenador. Son periféricos de entrada:,Impresora y el módem,Escáner y lector de tarjetas,Grabadora y lápiz óptico,,B,borrador,oficial,oficial,examen_oficial,False,,"Examen oficial PN Escala Básica 37a promoción (2020), pregunta 49. T38 - Informatica: perifericos","Examen oficial. IMPUGNADA en el examen oficial - NO PUBLICAR (anulada por el tribunal). Procedencia: examen oficial PN 37a promoción (2020), pregunta 49. MAPA vigencia=impugnada. PDF la marca IMPUGNADA. Obs.m"
pn-of37-p50,45,ALTA,"De acuerdo con lo contemplado en la Instrucción Operativa de Prevención de Riesgos Laborales 003 de la Dirección General de la Policía, ¿Cuál de los siguientes supondrá que el vehículo en cuestión no es apto para el servicio en tanto no se solucionen los fallos?:","Niveles del aceite del motor, líquido refrigerante, líquido de frenos y líquido de dirección, comprobando que se encuentran dentro de los márgenes de mínimo y máximo.",Higiene y desinfección de los vehículos policiales.,"Comprobación de la existencia, funcionamiento y buen estado general de los complementos y herramientas del vehículo de dotación policial.",,A,verificada,oficial,oficial,examen_oficial,False,,"Examen oficial PN Escala Básica 37a promoción (2020), pregunta 50. T45 - PRL seguridad vial: mantenimiento preventivo (IO PRL 003)","Procedencia: examen oficial PN 37a promoción (2020), pregunta 50. [Verificación profunda 37a promoción: revisada una a una está sesión.]"
pn-of37-p51,0,ALTA,"En relación a los sensores, según el principio de funcionamiento, se consideran captadores activos:",El radar y el lidar.,Los sistemas fotográficos.,Los espectrómetros de imagen.,,A,verificada,oficial,oficial,examen_oficial,False,,"Examen oficial PN Escala Básica 37a promoción (2020), pregunta 51. CG - Teledetección: sensores","Procedencia: examen oficial PN 37a promoción (2020), pregunta 51. Obs.mapa: Fuera del temario de 45 (conocimientos generales/aptitud) Fuera del temario de 45 (aptitud/conocimientos generales). [Verificación profunda 37a promoción: revisada una a una está sesión.]"
pn-of37-p52,42,ALTA,"Según el Real Decreto 726/2020 de 4 de agosto, por el que se modifica el Reglamento de Armas, se entiende por “Desmilitarización”?:",La actividad fabril cuyo objetivo es transformar en civil o desbaratar un arma de guerra.,La actividad cuyo objetivo principal es la regularización administrativa de un arma de guerra.,La actividad ejercida por los armeros en la modificación y manipulación de armas de guerra históricas.,,A,verificada,oficial,oficial,examen_oficial,False,,"Examen oficial PN Escala Básica 37a promoción (2020), pregunta 52. T42 - Armas (RD 726/2020): definiciones","Procedencia: examen oficial PN 37a promoción (2020), pregunta 52. [Verificación profunda 37a promoción: revisada una a una está sesión.]"
pn-of37-p53,8,ALTA,"Dentro de la Comisaría General de Seguridad Ciudadana se encuentra la Oficina Nacional del Deporte, ¿Dónde se encuentra adscrita?",Jefatura de Unidades Especiales.,Unidad Central de Participación Ciudadana.,Secretaría General.,,C,verificada,oficial,oficial,examen_oficial,False,,"Examen oficial PN Escala Básica 37a promoción (2020), pregunta 53. T8 - DGP: CG de Seguridad Ciudadana (OND)","Procedencia: examen oficial PN 37a promoción (2020), pregunta 53. [Verificación profunda 37a promoción: revisada una a una está sesión.]"
pn-of37-p54,31,ALTA,El proceso de integración de un individuo o grupo en la cultura y en la sociedad con las que entra en contacto se denomina:,Enculturación.,Transculturación.,Aculturación.,,C,verificada,oficial,oficial,examen_oficial,False,,"Examen oficial PN Escala Básica 37a promoción (2020), pregunta 54. T31 - Inmigración: integración","Procedencia: examen oficial PN 37a promoción (2020), pregunta 54. [Verificación profunda 37a promoción: revisada una a una está sesión.]"
pn-of37-p55,43,ALTA,"En relación con las normas técnicas que deben reunir los vehículos celulares para el transporte de detenidos, presos y penados de más de nueve plazas, incluido el conductor y escolta, sabe que, en el compartimento central las celdas:","Dispondrán de una ventana en sentido horizontal no practicable, protegida por rejilla metálica y sin visibilidad del exterior al interior.","Dispondrán de una ventana, protegida por rejilla metálica y en cualquier caso sus dimensiones mínimas serán de 15 centímetros en altura y 40 centímetros en longitud.","Dispondrán de una ventana en sentido vertical no practicable, protegida por rejilla metálica, sin visibilidad del exterior al interior, cuyas dimensiones no permitan el paso de una persona. ",,C,verificada,oficial,oficial,examen_oficial,False,,"Examen oficial PN Escala Básica 37a promoción (2020), pregunta 55. T43 - Vehículos: vehículo celular (>9 plazas)","Procedencia: examen oficial PN 37a promoción (2020), pregunta 55. [Verificación profunda 37a promoción: revisada una a una está sesión.]"
pn-of37-p56,29,ALTA,"La actitud definida como la tendencia o predisposición adquirida y relativamente duradera a evaluar de determinado modo a una persona, suceso o situación, y actuar en consonancia con dicha evaluación, fue dada por:",Jiménez Burillo.,Vander Zanden.,Zanjonc.,,B,verificada,oficial,oficial,examen_oficial,False,,"Examen oficial PN Escala Básica 37a promoción (2020), pregunta 56. T29 - Actitudes: definición (Vander Zanden)","Procedencia: examen oficial PN 37a promoción (2020), pregunta 56. [Verificación profunda 37a promoción: revisada una a una está sesión.]"
pn-of37-p57,0,ALTA,"En concreto, los instrumentos topográficos se limitan a la medida de coordenadas polares, ángulos y distancias, por lo que:",Las coordenadas polares deben deducirse por cálculo a partir de las absolutas. Con ayuda de estos instrumentos podemos determinar distancias reducidas y acimutes.,Las coordenadas cartesianas deben deducirse por cálculo a partir de las polares.,Las coordenadas relativas deben deducirse por cálculo a partir de las cartesianas.,,A,verificada,oficial,oficial,examen_oficial,False,,"Examen oficial PN Escala Básica 37a promoción (2020), pregunta 57. CG - Topografia: coordenadas","Procedencia: examen oficial PN 37a promoción (2020), pregunta 57. Obs.mapa: Fuera del temario de 45 (conocimientos generales/aptitud) Fuera del temario de 45 (aptitud/conocimientos generales). [Verificación profunda 37a promoción: revisada una a una está sesión.]"
pn-of37-p58,0,ALTA,"En planimetría forense, el plano que además de la planta o vista interior de una habitación, nos muestra el cielo raso y las paredes adyacentes, corresponde con el tipo de plano:",Abatido.,De detalle.,De localización.,,A,verificada,oficial,oficial,examen_oficial,False,,"Examen oficial PN Escala Básica 37a promoción (2020), pregunta 58. CG - Planimetria forense: tipos de plano","Procedencia: examen oficial PN 37a promoción (2020), pregunta 58. Obs.mapa: Fuera del temario de 45 (conocimientos generales/aptitud) Fuera del temario de 45 (aptitud/conocimientos generales). [Verificación profunda 37a promoción: revisada una a una está sesión.]"
pn-of37-p59,8,ALTA,"Dar lugar al extravío, pérdida o sustracción por negligencia inexcusable de los distintivos de identificación o del arma reglamentaria, es constitutivo de una falta.",Muy grave.,Leve.,Grave.,,C,verificada,oficial,BOE,examen_oficial,False,,"LO 4/2010, art. 8 (negligencia inexcusable = grave)","Procedencia: examen oficial PN 37a promoción (2020), pregunta 59. [Verificación profunda 37a promoción: revisada una a una está sesión.]"
pn-of37-p60,27,ALTA,Según el art. 17 de la Convención contra la Tortura ¿Cuál es la composición del Comité contra la Tortura?,10 expertos independientes.,8 expertos en derechos humanos.,"15 altos funcionarios de la ONU, expertos en temas de tortura.",,A,verificada,oficial,BOE,examen_oficial,False,,"Convención contra la Tortura, art. 17 (10 expertos)","Procedencia: examen oficial PN 37a promoción (2020), pregunta 60. [Verificación profunda 37a promoción: revisada una a una está sesión.]"
pn-of37-p61,35,ALTA,Dentro de la gestión ambiental ¿Qué es el EMAS?,Convenio Europeo sobre el control de Masas.,Directiva Comunitaria sobre Asuntos de Seguridad.,Sistema comunitario de ecogestión y auditoría.,,C,verificada,oficial,oficial,examen_oficial,False,,"Examen oficial PN Escala Básica 37a promoción (2020), pregunta 61. T35 - Gestión ambiental: EMAS","Procedencia: examen oficial PN 37a promoción (2020), pregunta 61. [Verificación profunda 37a promoción: revisada una a una está sesión.]"
pn-of37-p62,42,ALTA,"El arma de fuego que se recarga después de cada disparo, mediante un mecanismo accionado por el tirador que introduce en el cañón un cartucho colocado previamente en el depósito de municiones se denomina:",De repetición.,Semiautomática.,Automática.,,A,verificada,oficial,oficial,examen_oficial,False,,"Examen oficial PN Escala Básica 37a promoción (2020), pregunta 62. T42 - Armas: clasificación (arma de repetición)","Procedencia: examen oficial PN 37a promoción (2020), pregunta 62. [Verificación profunda 37a promoción: revisada una a una está sesión.]"
pn-of37-p63,3,ALTA,De conformidad con el art. 165 de la Constitución:,"Una Ley Orgánica regulará el funcionamiento del Tribunal Constitucional, el estatuto de sus miembros, el procedimiento ante el mismo y las condiciones para el ejercicio de las acciones.","Una Ley Orgánica regulará el funcionamiento del Tribunal Constitucional, el estatuto de sus miembros, el procedimiento ante el mismo, el régimen de incompatibilidad de sus miembros y las condiciones para el ejercicio de las acciones.","Una Ley Orgánica regulará las competencias y funcionamiento del Tribunal Constitucional, el estatuto y requisitos de sus miembros, el procedimiento ante el mismo y las condiciones para el ejercicio de las elecciones. ",,B,verificada,oficial,oficial,examen_oficial,False,,"Examen oficial PN Escala Básica 37a promoción (2020), pregunta 63. T3 - TC (CE art.165): regulación por LO","Procedencia: examen oficial PN 37a promoción (2020), pregunta 63. [Verificación profunda 37a promoción: revisada una a una está sesión.]"
pn-of37-p64,39,ALTA,"Los dispositivos que permiten un punto de conexión del cableado para intercomunicar físicamente los ordenadores entre sí, se denominan:",Hubs o concentradores.,Tarjetas de red o Nic´s.,Bridges.,,A,verificada,oficial,oficial,examen_oficial,False,,"Examen oficial PN Escala Básica 37a promoción (2020), pregunta 64. T39 - Redes: dispositivos","Procedencia: examen oficial PN 37a promoción (2020), pregunta 64. [Verificación profunda 37a promoción: revisada una a una está sesión.]"
pn-of37-p65,4,ALTA,"De conformidad con la Ley 23/2014, de 20 de noviembre, de reconocimiento mutuo de resoluciones penales en el ámbito en la Unión Europea:",La competencia para la ejecución de una orden europea de detención y entrega de una persona mayor de edad corresponde siempre a los Juzgados Centrales de Instrucción.,La competencia para la ejecución de una orden europea de detención y entrega corresponde al Juez o Tribunal que conozca de la causa.,La competencia para la ejecución de una orden europea de detención y entrega de una persona mayor de edad corresponde a la Sala de lo Penal de la Audiencia Nacional cuando dicha persona del detenido no consienta la entrega.,,A,verificada,oficial,oficial,examen_oficial,False,,"Examen oficial PN Escala Básica 37a promoción (2020), pregunta 65. T4 - UE: orden europea de detención y entrega (Ley 23/2014)","Procedencia: examen oficial PN 37a promoción (2020), pregunta 65. Obs.mapa: Roza T21 (procesal) [Verificación profunda 37a promoción: revisada una a una está sesión.]"
pn-of37-p66,4,ALTA,"Dentro de la estructura administrativa y de gestión de Europol, el consejo de administración compuesto por un representante de cada Estado miembro de la U.E., tiene un mandato de:",Dos años prorrogables.,Cuatro años prorrogables.,Cinco años prorrogables.,,B,verificada,oficial,oficial,examen_oficial,False,,"Examen oficial PN Escala Básica 37a promoción (2020), pregunta 66. T4 - UE: Europol (consejo de administración)","Procedencia: examen oficial PN 37a promoción (2020), pregunta 66. [Verificación profunda 37a promoción: revisada una a una está sesión.]"
pn-of37-p67,32,ALTA,"La red urbana de un territorio está formada por el conjunto de ciudades que hay en él y los flujos y relaciones que hay en ella; según su distribución adoptan diferentes formas: cuando las ciudades se acumulan en las costas y el interior queda bastante vacío, hablamos de:",Red concentrada.,Red radiocéntrica.,Red dendrítica.,,C,verificada,oficial,oficial,examen_oficial,False,,"Examen oficial PN Escala Básica 37a promoción (2020), pregunta 67. T32 - Geografia urbana: red urbana","Procedencia: examen oficial PN 37a promoción (2020), pregunta 67. [Verificación profunda 37a promoción: revisada una a una está sesión.]"
pn-of37-p68,8,ALTA,"La suplencia del Director Adjunto Operativo de la Policía Nacional corresponde, en caso de ausencia, vacancia o enfermedad:",Al Jefe de la División de Operaciones y Transformación Digital.,"A quien corresponda según los criterios del art. 13 de la Ley 40/2015 de Régimen Jurídico del Sector Público y, en defecto de designación expresa, a los subdirectores generales por el orden en que aparecen mencionados en el Real Decreto 734/2020 de estructura orgánica básica del Ministerio del Interior.","A quien corresponda según los criterios del art. 13 de la Ley 40/2015 de Régimen Jurídico del Sector Público y, en caso de designación expresa, a los subdirectores generales por el orden en que aparecen mencionados en el Real Decreto 734/2020 de estructura orgánica básica del Ministerio del Interior.",,A,verificada,oficial,oficial,examen_oficial,False,,"Examen oficial PN Escala Básica 37a promoción (2020), pregunta 68. T8 - DGP: suplencia de la DAO","Procedencia: examen oficial PN 37a promoción (2020), pregunta 68. [Verificación profunda 37a promoción: revisada una a una está sesión.]"
pn-of37-p69,3,ALTA,"Acorde al art. 86, de la Constitución española, en caso de extraordinaria y urgente necesidad, el Gobierno podrá dictar:",Disposiciones legislativas provisionales en forma de Decretos legislativos.,Disposiciones legislativas provisionales que tomarán la forma de Decretos-leyes.,Disposiciones legislativas provisionales en forma de Decretos legislativos que en 30 días serán sometidos a votación del Congreso de Diputados. ,,B,verificada,oficial,oficial,examen_oficial,False,,"Examen oficial PN Escala Básica 37a promoción (2020), pregunta 69. T3 - Gobierno (CE art.86): potestad legislativa","Procedencia: examen oficial PN 37a promoción (2020), pregunta 69. [Verificación profunda 37a promoción: revisada una a una está sesión.]"
pn-of37-p70,25,ALTA,"Según el Real Decreto 2/2006, por el que se establecen normas sobre prevención de riesgos laborales en la actividad de los funcionarios de Policía Nacional, el sistema de prevención de riesgos se someterá a control periódico, mediante auditorías y evaluaciones, que serán realizadas por la Inspección de Personal y Servicios de Seguridad de la Secretaría de Estado de Seguridad, que a dichos efectos podrá requerir el asesoramiento y colaboración:",De los Comités de seguridad y salud laboral.,De la Comisión de seguridad y salud laboral policial.,Del Instituto Nacional de Seguridad e Higiene en el Trabajo.,,C,verificada,oficial,oficial,examen_oficial,False,,"Examen oficial PN Escala Básica 37a promoción (2020), pregunta 70. T25 - PRL en el CNP (RD 2/2006): auditorias","Procedencia: examen oficial PN 37a promoción (2020), pregunta 70. [Verificación profunda 37a promoción: revisada una a una está sesión.]"
pn-of37-p71,9,ALTA,"Según refiere la Ley Orgánica 2/1986, de Fuerzas y Cuerpos de Seguridad del Estado, aprobar los planes de coordinación en materia de seguridad y de infraestructura policial, es competencia:",Del Consejo de Política de Seguridad.,"De la Junta de Gobierno, previo informe del Consejo Asesor.","De los Órganos Colegiados, previo informe del Consejo de la Policía.",,A,verificada,oficial,oficial,examen_oficial,False,,"Examen oficial PN Escala Básica 37a promoción (2020), pregunta 71. T9 - LO 2/1986: Consejo de Política de Seguridad","Procedencia: examen oficial PN 37a promoción (2020), pregunta 71. [Verificación profunda 37a promoción: revisada una a una está sesión.]"
pn-of37-p72,13,ALTA,"Según lo recogido en la Ley 5/2014, de Seguridad Privada, a tal efecto, se entiende por prestadores de servicios de seguridad privada:",El personal habilitado para el ejercicio de funciones de seguridad privada.,El personal acreditado que desarrollen las tareas que les asigna esta ley.,"Profesores acreditados de centros de formación, ingenieros y técnicos que desarrollen las tareas que les asigna esta ley.",,A,verificada,oficial,oficial,examen_oficial,False,,"Examen oficial PN Escala Básica 37a promoción (2020), pregunta 72. T13 - Seguridad privada (Ley 5/2014): prestadores","Procedencia: examen oficial PN 37a promoción (2020), pregunta 72. [Verificación profunda 37a promoción: revisada una a una está sesión.]"
pn-of37-p73,6,ALTA,"Según el Art 18 del R.D. Legislativo 5/2015, por el que se aprueba el texto refundido de la Ley del Estatuto Básico del Empleado Público, al respecto de la promoción interna de los funcionarios de carrera, es correcto afirmar que:","Los funcionarios deberán poseer los requisitos exigidos para el ingreso, tener una antigüedad de, al menos, dos años de servicio activo en el inferior Subgrupo, o Grupo de clasificación profesional, en el supuesto de que éste no tenga Subgrupo y superar las correspondientes pruebas selectivas.","Se articulará un sistema de grados, categorías o escalones de ascenso fijándose la remuneración a cada uno de ellos. Los ascensos serán consecutivos con carácter general, salvo en aquellos supuestos excepcionales en los que se prevea otra posibilidad.","Se deberá valorar la trayectoria y actuación profesional, la calidad de los trabajos realizados, los conocimientos adquiridos y el resultado de la evaluación del desempeño. Podrán incluirse asimismo otros méritos y aptitudes por razón de la especificidad de la función desarrollada y la experiencia adquirida.",,A,verificada,oficial,oficial,examen_oficial,False,,"Examen oficial PN Escala Básica 37a promoción (2020), pregunta 73. T6 - Funcionarios (TREBEP art.18): promoción interna","Procedencia: examen oficial PN 37a promoción (2020), pregunta 73. [Verificación profunda 37a promoción: revisada una a una está sesión.]"
pn-of37-p74,38,ALTA,"En el procesador de textos, Microsoft Word, la tecla de función F12, sirve para acceder de forma inmediata al cuadro de diálogo de:",Hipervínculo.,Guardar como.,Elementos rápidos.,,B,verificada,oficial,oficial,examen_oficial,False,,"Examen oficial PN Escala Básica 37a promoción (2020), pregunta 74. T38 - Ofimatica: Microsoft Word","Procedencia: examen oficial PN 37a promoción (2020), pregunta 74. [Verificación profunda 37a promoción: revisada una a una está sesión.]"
pn-of37-p75,23,ALTA,"La transposición de la Directiva comunitaria 2002/73/CE, de igualdad de trato entre mujeres y hombres, se materializa en el marco legislativo español en la Ley Orgánica:","1/2004, de 28 de diciembre.","3/2007, de 22 de marzo.","2/2010, de 3 de marzo. ",,B,verificada,oficial,oficial,examen_oficial,False,,"Examen oficial PN Escala Básica 37a promoción (2020), pregunta 75. T23 - Igualdad: transposición (Directiva 2002/73/CE)","Procedencia: examen oficial PN 37a promoción (2020), pregunta 75. [Verificación profunda 37a promoción: revisada una a una está sesión.]"
pn-of37-p76,28,ALTA,"El Foro Social Mundial se compone de 3 pilares fundamentales; el Consejo Internacional, la Secretaría y además:",La Comisión del FSM.,El Comité de las Regiones.,Los Comités organizadores de cada evento anual.,,C,verificada,oficial,oficial,examen_oficial,False,,"Examen oficial PN Escala Básica 37a promoción (2020), pregunta 76. T28 - Foro Social Mundial: estructura","Procedencia: examen oficial PN 37a promoción (2020), pregunta 76. [Verificación profunda 37a promoción: revisada una a una está sesión.]"
pn-of37-p77,33,ALTA,"En la biotipología criminal, destaca dentro de la escuela alemana Ernest Kretschmer. Señale la afirmación correcta:","El tipo leptosomático: cuerpo alargado y delgado, cabeza pequeña, nariz puntiaguda. Su representación gráfica es una línea horizontal.","El tipo pícnico: gran desarrollo de las cavidades viscerales, abdomen prominente, cabeza redonda y ancha, extremidades cortas y tendencia a la obesidad Su representación gráfica es circular.","Isotímicos: apariencia hercúlea, son musculados, de mentalidad tosca, viciosos, perseverantes, impulsivos y violentos. Su representación geométrica corresponde con un cuadrado.",,B,verificada,oficial,oficial,examen_oficial,False,,"Examen oficial PN Escala Básica 37a promoción (2020), pregunta 77. T33 - Teorias de la delincuencia: biotipologia (Kretschmer)","Procedencia: examen oficial PN 37a promoción (2020), pregunta 77. [Verificación profunda 37a promoción: revisada una a una está sesión.]"
pn-of37-p78,16,ALTA,"Conforme al art. 11 de la LO 10/1995, del Código Penal, a tal efecto se equiparará la omisión a la acción:",Cuando en el omitente no exista una específica obligación legal o contractual de actuar.,Cuando el omitente ha resuelto cometer un delito invita a otra u otras personas a participar en él.,Cuando el omitente haya creado una ocasión de riesgo para el bien jurídicamente protegido mediante una acción u omisión precedente.,,C,verificada,oficial,oficial,examen_oficial,False,,"Examen oficial PN Escala Básica 37a promoción (2020), pregunta 78. T16 - DP general: comisión por omisión (CP art.11)","Procedencia: examen oficial PN 37a promoción (2020), pregunta 78. [Verificación profunda 37a promoción: revisada una a una está sesión.]"
pn-of37-p79,8,ALTA,Los Policías Nacionales tendrán consideración de servicio activo cuando se encuentren:,En excedencia por cuidado de familiares.,En el plazo posesorio por cese en un puesto de trabajo al haber obtenido otro mediante el procedimiento de provisión correspondiente.,"Las dos son correctas, siempre que en el caso de cuidado de familiares, lo sea por hijo menor de 3 años.",,B,verificada,oficial,oficial,examen_oficial,False,,"Examen oficial PN Escala Básica 37a promoción (2020), pregunta 79. T8 - PN: situaciones administrativas (servicio activo)","Procedencia: examen oficial PN 37a promoción (2020), pregunta 79. [Verificación profunda 37a promoción: revisada una a una está sesión.]"
pn-of37-p80,21,ALTA,El Tribunal del Jurado tendrá competencia para el conocimiento y fallo de las causas por los delitos:,Contra la Seguridad Vial.,Tráfico de drogas.,Asesinato.,,C,verificada,oficial,BOE,examen_oficial,False,,LO 5/1995 (Jurado: asesinato),"Procedencia: examen oficial PN 37a promoción (2020), pregunta 80. [Verificación profunda 37a promoción: revisada una a una está sesión.]"
pn-of37-p81,33,ALTA,"Si hablamos de las teorías explicativas de la delincuencia, la Teoría de la Anomia concretamente se relaciona con las teorías:",Biológicas.,Psicológicas.,Sociológicas.,,C,verificada,oficial,oficial,examen_oficial,False,,"Examen oficial PN Escala Básica 37a promoción (2020), pregunta 81. T33 - Teorias de la delincuencia: anomia","Procedencia: examen oficial PN 37a promoción (2020), pregunta 81. [Verificación profunda 37a promoción: revisada una a una está sesión.]"
pn-of37-p82,4,ALTA,El artículo 252 del Tratado de Funcionamiento de la Unión Europea establece que:,"El Tribunal de Justicia de la Unión Europea estará asistido por nueve abogados generales. Si el Tribunal de Justicia lo solicitare, el Consejo, por mayoría cualificada podrá aumentar el número de abogados generales.","El Tribunal de Justicia estará asistido por ocho abogados generales. Si el Tribunal de Justicia lo solicitare, el Consejo, por unanimidad, podrá aumentar el número de abogados generales.","El Tribunal de Justicia estará asistido por seis abogados generales. Si el Tribunal de Justicia lo solicitare, el Consejo, por unanimidad, podrá aumentar el número de abogados generales.  ",,B,borrador,oficial,oficial,examen_oficial,False,,"Examen oficial PN Escala Básica 37a promoción (2020), pregunta 82. T4 - UE (TFUE art.252): abogados generales del TJUE","Examen oficial. IMPUGNADA/DESFASADA - NO PUBLICAR (art. 252 TFUE: el numero de abogados generales ha cambiado). Procedencia: examen oficial PN 37a promoción (2020), pregunta 82. MAPA vigencia=desfasada. PDF la marca IMPUGNADA. Obs.m"
pn-of37-p83,6,ALTA,Es correcto afirmar que:,"A los funcionarios interinos, no les será aplicable, en tanto y cuanto no sean funcionarios de carrera, el régimen general de los funcionarios de carrera.","La selección de funcionarios interinos habrá de realizarse mediante procedimientos ágiles que respetarán los principios de igualdad, profesionalidad, capacitación y publicidad.","Las plazas vacantes desempeñadas por funcionarios interinos deberán incluirse en la oferta de empleo correspondiente al ejercicio en que se produce su nombramiento y, si no fuera posible, en la siguiente, salvo que se decida su amortización.",,C,verificada,oficial,oficial,examen_oficial,False,,"Examen oficial PN Escala Básica 37a promoción (2020), pregunta 83. T6 - Funcionarios interinos","Procedencia: examen oficial PN 37a promoción (2020), pregunta 83. [Verificación profunda 37a promoción: revisada una a una está sesión.]"
pn-of37-p84,10,ALTA,"Los extranjeros que se hallen en España conforme a lo previsto en la Ley Orgánica 4/2000, de 11 de enero, sobre derechos y libertades de los extranjeros en España y su integración social, tienen derecho a circular libremente por el territorio español y a elegir su residencia, si bien podrán establecerse medidas limitativas específicas cuando:","Se acuerden en la declaración de estado de alarma, excepción o de sitio, en los términos previstos en la Constitución.","Se determine excepcionalmente por razones de seguridad nacional, por resolución del Secretario de Estado que corresponda.",Ninguna respuesta es correcta.,,A,verificada,oficial,oficial,examen_oficial,False,,"Examen oficial PN Escala Básica 37a promoción (2020), pregunta 84. T10 - Extranjería: libre circulación (medidas limitativas)","Procedencia: examen oficial PN 37a promoción (2020), pregunta 84. [Verificación profunda 37a promoción: revisada una a una está sesión.]"
pn-of37-p85,12,ALTA,"Según la Ley 12/2009 reguladora del derecho de asilo, es correcto afirmar sobre la presentación de la solicitud, mediante comparecencia, para el reconocimiento de la protección internacional que:","Deberá efectuarse sin demora y en todo caso en el plazo máximo de quince días desde la entrada en el territorio español o, en todo caso, desde que se produzcan los acontecimientos que justifiquen el temor fundado de persecución o daños graves.","Deberá efectuarse sin demora y en todo caso en el plazo máximo de veinte días desde la entrada en el territorio español o, en todo caso, desde que se produzcan los acontecimientos que justifiquen el temor fundado de persecución o daños graves.","Deberá en todo caso en el plazo máximo de un mes desde la entrada en el territorio español o, en todo caso, desde que se produzcan los acontecimientos que justifiquen el temor fundado de persecución o daños graves.",,C,verificada,oficial,oficial,examen_oficial,False,,"Examen oficial PN Escala Básica 37a promoción (2020), pregunta 85. T12 - Protección internacional (Ley 12/2009): plazo de solicitud","Procedencia: examen oficial PN 37a promoción (2020), pregunta 85. [Verificación profunda 37a promoción: revisada una a una está sesión.]"
pn-of37-p86,29,ALTA,¿A qué autor de los siguientes se le atribuye la Teoría de la disonancia cognitiva?,Festinger.,Allport.,Vander Zanden.,,A,verificada,oficial,oficial,examen_oficial,False,,"Examen oficial PN Escala Básica 37a promoción (2020), pregunta 86. T29 - Psicologia social: disonancia cognitiva","Procedencia: examen oficial PN 37a promoción (2020), pregunta 86. [Verificación profunda 37a promoción: revisada una a una está sesión.]"
pn-of37-p87,14,ALTA,"El incumplimiento de las medidas impuestas por razón de seguridad pública, de presentación periódica o de alejamiento de fronteras o núcleos de población concretados singularmente, es una infracción:",Leve.,Grave.,Muy grave.,,C,verificada,oficial,oficial,examen_oficial,False,,"Examen oficial PN Escala Básica 37a promoción (2020), pregunta 87. T14 - LO 4/2015: incumplimiento de medidas de seguridad pública","Procedencia: examen oficial PN 37a promoción (2020), pregunta 87. Obs.mapa: Posible encaje en extranjería (T11); reverificar reverificar encaje (extranjería/seguridad ciudadana). [Verificación profunda 37a promoción: revisada una a una está sesión.]"
pn-of37-p88,3,ALTA,¿Cuántos años de ejercicio profesional se requiere para ser miembro del Tribunal Constitucional?,5.,10.,15. ,,C,verificada,oficial,BOE,examen_oficial,False,,CE art. 159.2 (15 años de ejercicio),"Procedencia: examen oficial PN 37a promoción (2020), pregunta 88. [Verificación profunda 37a promoción: revisada una a una está sesión.]"
pn-of37-p89,23,ALTA,"La Ley Orgánica 1/2004, de 28 de diciembre, de Medidas de Protección Integral contra la Violencia de Género, crea la figura de:",Delegado de la Oficina Nacional de derechos humanos de la Policía Nacional.,Delegado de la Oficina Nacional para la Igualdad de Género.,Fiscal contra la violencia sobre la mujer.,,C,verificada,oficial,oficial,examen_oficial,False,,"Examen oficial PN Escala Básica 37a promoción (2020), pregunta 89. T23 - VG (LO 1/2004): figuras","Procedencia: examen oficial PN 37a promoción (2020), pregunta 89. [Verificación profunda 37a promoción: revisada una a una está sesión.]"
pn-of37-p90,4,ALTA,¿Cuál es la sede del Banco Central Europeo?:,Francfort del Meno (Alemania).,Luxemburgo (Luxemburgo),Bruselas (Bélgica).,,A,verificada,oficial,oficial,examen_oficial,False,,"Examen oficial PN Escala Básica 37a promoción (2020), pregunta 90. T4 - UE: instituciones (BCE)","Procedencia: examen oficial PN 37a promoción (2020), pregunta 90. [Verificación profunda 37a promoción: revisada una a una está sesión.]"
pn-of37-p91,44,ALTA,"Cuando hablamos de seguridad activa y pasiva de un vehículo, la función principal de un dibujo de neumáticos es, canalizar y evacuar el agua de la superficie del suelo, siendo su profundidad, según la legislación vigente de:","Al menos 1,6 mm.","Al menos 0,6 mm.","Al menos 1,6 cm.",,A,verificada,oficial,oficial,examen_oficial,False,,"Examen oficial PN Escala Básica 37a promoción (2020), pregunta 91. T44 - Seguridad del vehículo: neumaticos","Procedencia: examen oficial PN 37a promoción (2020), pregunta 91. [Verificación profunda 37a promoción: revisada una a una está sesión.]"
pn-of37-p92,34,ALTA,¿En qué grupo de drogas según el efecto en el Sistema Nervioso Central clasificaríamos “la teofilina”?:,Depresoras.,Estimulantes.,Perturbadoras.,,B,verificada,oficial,oficial,examen_oficial,False,,"Examen oficial PN Escala Básica 37a promoción (2020), pregunta 92. T34 - Drogodependencias: clasificación","Procedencia: examen oficial PN 37a promoción (2020), pregunta 92. [Verificación profunda 37a promoción: revisada una a una está sesión.]"
pn-of37-p93,21,ALTA,"Según el artículo 283 de la LECr, constituirán la Policía Judicial y serán auxiliares de los Jueces y Tribunales competentes en materia penal y del Ministerio fiscal:","Los Guardias de montes, campos y sembrados, jurados o confirmados por la Administración.",Los Tenientes de Alcalde.,Ambas son correctas.,,C,verificada,oficial,oficial,examen_oficial,False,,"Examen oficial PN Escala Básica 37a promoción (2020), pregunta 93. T21 - Policía Judicial (LECrim art.283)","Procedencia: examen oficial PN 37a promoción (2020), pregunta 93. [Verificación profunda 37a promoción: revisada una a una está sesión.]"
pn-of37-p94,38,ALTA,La aplicación de correo Thunderbird:,"Permite importar los contactos y macros de Microsoft OUTLOOK, pero no el calendario.","Permite importar los contactos, las macros y el calendario de Microsoft OUTLOOK.",Permite configurar múltiples cuentas de correo y administrar múltiples calendarios.,,C,borrador,oficial,oficial,examen_oficial,False,,"Examen oficial PN Escala Básica 37a promoción (2020), pregunta 94. T38 - Ofimatica: Thunderbird","Examen oficial. IMPUGNADA en el examen oficial - NO PUBLICAR (anulada por el tribunal). Procedencia: examen oficial PN 37a promoción (2020), pregunta 94. MAPA vigencia=impugnada. PDF la marca IMPUGNADA. Obs.m"
pn-of37-p95,27,ALTA,"En las reuniones para elegir a los miembros del Comité contra la Tortura de las Naciones Unidad, el quórum se formará alcanzando:",Un tercio de los Estados parte.,Dos tercios de los Estados partes.,Ninguna es correcta.,,B,verificada,oficial,oficial,examen_oficial,False,,"Examen oficial PN Escala Básica 37a promoción (2020), pregunta 95. T27 - DDHH: Comite contra la Tortura (quorum)","Procedencia: examen oficial PN 37a promoción (2020), pregunta 95. [Verificación profunda 37a promoción: revisada una a una está sesión.]"
pn-of37-p96,42,ALTA,"Cuando un poseedor de licencia de armas tipo F pierde su habilitación deportiva, perderá también su licencia y deberá entregar las armas en la Intervención de Armas correspondiente. ¿Cuánto tiempo podrán permanecer allí?:",Un máximo de un año.,Hasta que recupere su habilitación deportiva.,"6 meses, y si el interesado no ha recobrado su licencia o transferido el arma, se someterá a subasta. ",,A,verificada,oficial,oficial,examen_oficial,False,,"Examen oficial PN Escala Básica 37a promoción (2020), pregunta 96. T42 - Armas: licencia F (pérdida de habilitación)","Procedencia: examen oficial PN 37a promoción (2020), pregunta 96. [Verificación profunda 37a promoción: revisada una a una está sesión.]"
pn-of37-p97,3,ALTA,"Según la Constitución Española, el principio por el cual el Estado es el encargado de velar por el establecimiento de un equilibrio económico, adecuado y justo entre las diversas partes del territorio español, y atendiendo en particular a las circunstancias del hecho insular.",Se denomina principio de igualdad y viene recogido en el artículo 139 de la Constitución Española.,Se denomina principio de equidad y viene recogido en el artículo 137 de la Constitución Española.,Se denomina principio de solidaridad y viene recogido en el artículo 138 de la Constitución Española.,,C,verificada,oficial,oficial,examen_oficial,False,,"Examen oficial PN Escala Básica 37a promoción (2020), pregunta 97. T3 - Org. territorial (CE art.138): solidaridad","Procedencia: examen oficial PN 37a promoción (2020), pregunta 97. [Verificación profunda 37a promoción: revisada una a una está sesión.]"
pn-of37-p98,8,ALTA,"Según el artículo 69 de la Ley Orgánica 9/2015, de 28 de julio, de Régimen de Personal de la Policía Nacional, en caso de que un funcionario desee pasar a segunda actividad a petición propia, deberá cumplir los siguientes requisitos de edad:","Escala superior: 64 años, Escala Subinspección 60 años.","Escala Ejecutiva 65 años, Escala Básica 56 años.","Escala superior: 62 años, Escala Básica 58 años.",,C,verificada,oficial,oficial,examen_oficial,False,,"Examen oficial PN Escala Básica 37a promoción (2020), pregunta 98. T8 - PN (LO 9/2015, art.69): segunda actividad","Procedencia: examen oficial PN 37a promoción (2020), pregunta 98. edades de jubilación por escala (LO 9/2015 art.69); reverificar. [Verificación profunda 37a promoción: revisada una a una está sesión.]"
pn-of37-p99,32,ALTA,"El conjunto de varios núcleos urbanos inicialmente independientes y contiguos por sus márgenes que al crecer acaban formando una unidad funcional, recibe el nombre de:",Pluriurbanización.,Conurbación.,Sobreurbanización.,,B,verificada,oficial,oficial,examen_oficial,False,,"Examen oficial PN Escala Básica 37a promoción (2020), pregunta 99. T32 - Geografia urbana: formas","Procedencia: examen oficial PN 37a promoción (2020), pregunta 99. [Verificación profunda 37a promoción: revisada una a una está sesión.]"
pn-of37-p100,35,ALTA,"El organismo de la Unión Europea encargado de ofrecer información sólida e independiente sobre el medio ambiente, siendo la fuente principal de información para los responsables del desarrollo, la aprobación, la ejecución y la evaluación de las políticas medioambientales se denomina:",AEMA (Agencia Europea de Medio Ambiente) cuya sede se encuentra en Copenhague.,OEMA (Organización Europea para el Medio Ambiente) cuya sede se encuentra en Dublín.,IEME (Instituto Europeo de Medio Ambiente) cuya sede se encuentra en Berlín. ,,A,verificada,oficial,oficial,examen_oficial,False,,"Examen oficial PN Escala Básica 37a promoción (2020), pregunta 100. T35 - Medio ambiente: organismo de la UE","Procedencia: examen oficial PN 37a promoción (2020), pregunta 100. [Verificación profunda 37a promoción: revisada una a una está sesión.]"
pn-of38-p01,1,ALTA,En el caso de nacimiento fuera de un centro hospitalario cuanto tiempo se dispone para declarar el nacimiento en el Registro Civil:,72 horas.,7 días.,10 días.,,C,verificada,oficial,oficial,examen_oficial,False,,"Examen oficial PN Escala Básica 38a promoción (2021), pregunta 1. T1 - La persona: inscripción del nacimiento (Registro Civil)","Procedencia: examen oficial PN 38a promoción (2021), pregunta 1. [Verificación profunda 38a promoción: revisada una a una está sesión.]"
pn-of38-p02,1,ALTA,"Según el art. 26 del Código Civil, indique cuál de los siguientes es un requisito para recuperar la nacionalidad española tras haberla perdido previamente:",Entrar voluntariamente al servicio de las armas o ejercer cargo político en España.,Declarar ante el encargado del Registro Civil su voluntad de recuperar la nacionalidad española.,Llevar al menos dos años casado con español o española y no estuviere separado legalmente o de hecho.,,B,verificada,oficial,oficial,examen_oficial,False,,"Examen oficial PN Escala Básica 38a promoción (2021), pregunta 2. T1 - Nacionalidad (CC art.26): recuperación","Procedencia: examen oficial PN 38a promoción (2021), pregunta 2. [Verificación profunda 38a promoción: revisada una a una está sesión.]"
pn-of38-p03,2,ALTA,"La Constitución Española recoge en su articulado el derecho a la propiedad privada y a la herencia, concretamente como:",Derechos fundamentales y libertades públicas.,Derechos y deberes de los ciudadanos.,Principios rectores de la política social y económica.,,B,verificada,oficial,oficial,examen_oficial,False,,"Examen oficial PN Escala Básica 38a promoción (2021), pregunta 3. T2 - CE: propiedad privada y herencia","Procedencia: examen oficial PN 38a promoción (2021), pregunta 3. [Verificación profunda 38a promoción: revisada una a una está sesión.]"
pn-of38-p04,2,ALTA,"De acuerdo con el Preámbulo, ¿Quién aprueba y quién ratifica la CE?",El rey aprueba y el pueblo ratifica.,El Congreso aprueba y el pueblo ratifica.,Las Cortes aprueban y el pueblo español ratifica.,,C,verificada,oficial,oficial,examen_oficial,False,,"Examen oficial PN Escala Básica 38a promoción (2021), pregunta 4. T2 - CE: Preámbulo (aprobación/ratificación)","Procedencia: examen oficial PN 38a promoción (2021), pregunta 4. [Verificación profunda 38a promoción: revisada una a una está sesión.]"
pn-of38-p05,26,ALTA,"El tratamiento de los datos personales de un menor de edad, ¿Cuándo se puede fundar en su consentimiento?:",Solo cuando conste el consentimiento de los titulares de la patria potestad.,Únicamente cuando sea mayor de catorce años.,Cuando sea mayor de catorce años y conste autorización de los titulares de la patria potestad. ,,B,verificada,oficial,BOE,examen_oficial,False,,"LO 3/2018, art. 7 (mayor de catorce años)","Procedencia: examen oficial PN 38a promoción (2021), pregunta 5. [Verificación profunda 38a promoción: revisada una a una está sesión.]"
pn-of38-p06,3,ALTA,"La Constitución reconoce y garantiza el derecho a la autonomía de las nacionalidades y regiones que integran la Nación española y la solidaridad entre todas ellas, estableciendo al respecto:","Que el Estado garantiza esa realización efectiva velando por el establecimiento de un equilibrio económico adecuado y justo entre todas ellas, sin atender a ninguna particularidad.","Que el Estado garantiza esa realización efectiva velando por el establecimiento de un equilibrio económico adecuado y justo, y atendiendo en particular a las circunstancias del hecho insular.",Que el Estado garantiza el principio de solidaridad velando por el establecimiento de un equilibrio que implique proporcionalidad económica y social entre las distintas Comunidades Autónomas.,,B,verificada,oficial,oficial,examen_oficial,False,,"Examen oficial PN Escala Básica 38a promoción (2021), pregunta 6. T3 - CE: autonomía y solidaridad (equilibrio económico)","Procedencia: examen oficial PN 38a promoción (2021), pregunta 6. [Verificación profunda 38a promoción: revisada una a una está sesión.]"
pn-of38-p07,3,ALTA,"¿Cuándo será sometida a referéndum, para su ratificación, una reforma constitucional aprobada por las Cortes Generales?:","Cuando así lo soliciten, dentro de los 20 días siguientes a su aprobación un tercio de los miembros de cualquiera de las Cámaras.","Cuando así lo soliciten, dentro de los 20 días siguientes a su aprobación una décima parte de los miembros de cualquiera de las Cámaras.","Cuando así lo soliciten, dentro de los 15 días siguientes a su aprobación una décima parte de los miembros de cualquiera de las Cámaras.",,C,verificada,oficial,BOE,examen_oficial,False,,CE art. 167.3 (referéndum: 15 días),"Procedencia: examen oficial PN 38a promoción (2021), pregunta 7. [Verificación profunda 38a promoción: revisada una a una está sesión.]"
pn-of38-p08,3,ALTA,Según el artículo 73 de la Constitución Española:,"Las Cámaras se reunirán anualmente en dos períodos ordinarios de sesiones: el primero, de octubre a diciembre, y el segundo, de febrero a junio.","Las Cámaras podrán reunirse en sesiones extraordinarias a petición del Gobierno, de la Diputación Permanente o de la mayoría simple de los miembros de cualquiera de las Cámaras.",Las sesiones extraordinarias deberán convocarse sobre un orden del día determinado y serán clausuradas una vez que éste haya sido agotado.,,C,verificada,oficial,oficial,examen_oficial,False,,"Examen oficial PN Escala Básica 38a promoción (2021), pregunta 8. T3 - Cortes Generales (CE art.73): sesiones extraordinarias","Procedencia: examen oficial PN 38a promoción (2021), pregunta 8. [Verificación profunda 38a promoción: revisada una a una está sesión.]"
pn-of38-p09,4,ALTA,Las características fundamentales de los reglamentos europeos son:,"Son actos jurídicos de carácter obligatorio, aplicación automática y uniforme para todos los Estados miembros.","Son actos jurídicos de carácter vinculante, aplicable a uno o varios países de los Estados miembros.",Son actos de carácter vinculante siempre y cuando hayan sido traspuestos al Derecho nacional.,,A,verificada,oficial,oficial,examen_oficial,False,,"Examen oficial PN Escala Básica 38a promoción (2021), pregunta 9. T4 - UE: Derecho derivado (reglamentos)","Procedencia: examen oficial PN 38a promoción (2021), pregunta 9. [Verificación profunda 38a promoción: revisada una a una está sesión.]"
pn-of38-p10,4,ALTA,"La Unión Europea fue reconocida en 2012 por haber contribuido al avance de la reconciliación, la democracia y los Derechos Humanos en Europa, ¿Qué galardón recibió?",El Premio Sájarov.,El Premio Carlomagno.,Premio Nobel de la Paz.,,C,verificada,oficial,oficial,examen_oficial,False,,"Examen oficial PN Escala Básica 38a promoción (2021), pregunta 10. T4 - UE: reconocimiento (2012)","Procedencia: examen oficial PN 38a promoción (2021), pregunta 10. [Verificación profunda 38a promoción: revisada una a una está sesión.]"
pn-of38-p11,5,ALTA,"El Gobierno en funciones no podrá ejercer las siguientes facultades: Presentar proyectos de Ley al Congreso de los Diputados o, en su caso, al Senado y:",Aprobar el Proyecto de Ley de Presupuestos Generales del Estado.,Proponer al Rey el nombramiento de Ministros.,Sugerir cuestión de confianza. ,,A,verificada,oficial,oficial,examen_oficial,False,,"Examen oficial PN Escala Básica 38a promoción (2021), pregunta 11. T5 - El Gobierno en funciones (Ley 50/1997)","Procedencia: examen oficial PN 38a promoción (2021), pregunta 11. [Verificación profunda 38a promoción: revisada una a una está sesión.]"
pn-of38-p12,4,ALTA,El Consejo Europeo:,Ejercerá funciones legislativas.,"Se reunirá solo una vez cada semestre, aunque el Presidente puede convocar una reunión extraordinaria cuando la situación lo exija.","Elegirá a su Presidente por mayoría cualificada para un mandato de dos años y medio, que podrá renovarse una sola vez.",,C,verificada,oficial,oficial,examen_oficial,False,,"Examen oficial PN Escala Básica 38a promoción (2021), pregunta 12. T4 - UE: Consejo Europeo","Procedencia: examen oficial PN 38a promoción (2021), pregunta 12. [Verificación profunda 38a promoción: revisada una a una está sesión.]"
pn-of38-p13,5,ALTA,"La propuesta y ejecución de la política del Gobierno en materia de, entre otros, familia, de protección del menor y de juventud, ¿a qué ministerio corresponde?:",Al Ministerio de Derechos Sociales y Agenda 2030.,"Ministerio de Inclusión, Seguridad Social y Migraciones.","Ministerio de Sanidad, Consumo y Bienestar Social.",,A,verificada,oficial,oficial,examen_oficial,False,,"Examen oficial PN Escala Básica 38a promoción (2021), pregunta 13. T5 - AGE: estructura ministerial (familia/menor/juventud)","Procedencia: examen oficial PN 38a promoción (2021), pregunta 13. Obs.mapa: Denominación ministerial sensible a reorganizaciones denominación ministerial sensible a reorganizaciones. [Verificación profunda 38a promoción: revisada una a una está sesión.]"
pn-of38-p14,5,ALTA,"Entre las competencias del Delegado del Gobierno en las Comunidades Autónomas, se encuentra:","Proteger el libre ejercicio de los derechos y libertades y garantizar la seguridad ciudadana, a través de los Subdelegados del Gobierno, bajo la dependencia funcional del Gobierno de la Nación.","Proteger el libre ejercicio de los derechos y libertades y garantizar la seguridad ciudadana, a través de los Subdelegados del Gobierno y de las Fuerzas y Cuerpos de seguridad del Estado, bajo la dependencia funcional del Gobierno de la Nación.","Proteger el libre ejercicio de los derechos y libertades y garantizar la seguridad ciudadana, a través de los Subdelegados del Gobierno y de las Fuerzas y Cuerpos de seguridad del Estado, cuya jefatura corresponderá al Delegado del Gobierno.",,C,verificada,oficial,oficial,examen_oficial,False,,"Examen oficial PN Escala Básica 38a promoción (2021), pregunta 14. T5 - AGE territorial: Delegado del Gobierno","Procedencia: examen oficial PN 38a promoción (2021), pregunta 14. [Verificación profunda 38a promoción: revisada una a una está sesión.]"
pn-of38-p15,6,ALTA,"Si como funcionario de carrera con nivel 17 paso a ocupar un puesto de nivel 20, ¿Cuánto tiempo tardare en consolidarlo?",2 años.,3 años.,4 años.,,A,verificada,oficial,oficial,examen_oficial,False,,"Examen oficial PN Escala Básica 38a promoción (2021), pregunta 15. T6 - Funcionarios: consolidación del grado personal","Procedencia: examen oficial PN 38a promoción (2021), pregunta 15. [Verificación profunda 38a promoción: revisada una a una está sesión.]"
pn-of38-p16,6,ALTA,El personal con carácter no permanente que sólo realiza funciones de confianza o asesoramiento especial es:,El personal laboral.,El personal eventual.,El personal interino.,,B,verificada,oficial,oficial,examen_oficial,False,,"Examen oficial PN Escala Básica 38a promoción (2021), pregunta 16. T6 - Empleados públicos: personal eventual","Procedencia: examen oficial PN 38a promoción (2021), pregunta 16. [Verificación profunda 38a promoción: revisada una a una está sesión.]"
pn-of38-p17,6,ALTA,"¿Cuál de las siguientes opciones no se contempla como situación administrativa de los Funcionarios de carrera en el Real Decreto Legislativo 5/2015, de 30 de octubre?",Suspensión de funciones.,Servicios especiales.,Comisión de servicios.,,C,verificada,oficial,oficial,examen_oficial,False,,"Examen oficial PN Escala Básica 38a promoción (2021), pregunta 17. T6 - Funcionarios: situaciones administrativas (TREBEP)","Procedencia: examen oficial PN 38a promoción (2021), pregunta 17. [Verificación profunda 38a promoción: revisada una a una está sesión.]"
pn-of38-p18,7,ALTA,"¿La gestión del programa de quejas y sugerencias en el que está incluida la Dirección General de la Policía dimanante del Real Decreto 951/2005, de 29 de julio, por el que se establece el marco general para la mejora de la calidad en la Administración General del Estado, a qué órgano dentro de la Secretaría de Estado de Seguridad le corresponde su gestión?",Al Gabinete de Coordinación y Estudios.,Inspección de Personal y Servicios de Seguridad.,Subdirección General de Sistemas de Información y Comunicaciones para la Seguridad. ,,B,verificada,oficial,oficial,examen_oficial,False,,"Examen oficial PN Escala Básica 38a promoción (2021), pregunta 18. T7 - SES: programa de quejas y sugerencias (RD 951/2005)","Procedencia: examen oficial PN 38a promoción (2021), pregunta 18. [Verificación profunda 38a promoción: revisada una a una está sesión.]"
pn-of38-p19,7,ALTA,La Dirección General de Apoyo a las Víctimas del Terrorismo es un órgano directivo integrado en la:,Subsecretaria del Interior.,Secretaria General de Instituciones Penitenciarias.,Secretaria de Estado de Seguridad.,,A,verificada,oficial,oficial,examen_oficial,False,,"Examen oficial PN Escala Básica 38a promoción (2021), pregunta 19. T7 - Ministerio del Interior: Subsecretaria","Procedencia: examen oficial PN 38a promoción (2021), pregunta 19. [Verificación profunda 38a promoción: revisada una a una está sesión.]"
pn-of38-p20,8,ALTA,La convocatoria de los procesos selectivos de ingreso y promoción interna de la Policía Nacional corresponden:,Al Secretario de Estado de Seguridad,Al Director General de la Policía.,"Al Director General de la Policía corresponden los procesos selectivos de ingreso mientras que los de promoción interna, al Director Adjunto Operativo.",,B,verificada,oficial,oficial,examen_oficial,False,,"Examen oficial PN Escala Básica 38a promoción (2021), pregunta 20. T8 - PN: procesos selectivos (convocatoria)","Procedencia: examen oficial PN 38a promoción (2021), pregunta 20. [Verificación profunda 38a promoción: revisada una a una está sesión.]"
pn-of38-p21,21,ALTA,"Serán auxiliares de los Jueces y Tribunales competentes en materia penal y del M. Fiscal, a efectos de la investigación de los delitos y persecución de los delincuentes, constituyendo la Policía Judicial:",Solo los miembros de las Fuerzas y Cuerpos de Seguridad.,Solo los miembros de las Fuerzas y Cuerpos de Seguridad del Estado.,También los funcionarios del Cuerpo especial de Prisiones.,,C,verificada,oficial,oficial,examen_oficial,False,,"Examen oficial PN Escala Básica 38a promoción (2021), pregunta 21. T21 - Policía Judicial (composición)","Procedencia: examen oficial PN 38a promoción (2021), pregunta 21. [Verificación profunda 38a promoción: revisada una a una está sesión.]"
pn-of38-p22,8,ALTA,"¿En qué Unidad se llevan a cabo investigaciones relacionadas con los Delitos de Corrupción en los Negocios del artículo 286.bis.4, que tipifica la predeterminación o alteración de encuentros deportivos?",En la Oficina Nacional de Deportes de la Comisaría General de Seguridad Ciudadana.,"En el Centro Nacional para la Integridad en el Deporte y las Apuestas, dependiente de la Unidad Central de Delincuencia Especializada y Violenta.",El la Brigada Central de Blanqueo de Capitales y Anticorrupción de la Unidad Central de Delincuencia Económica y Fiscal.,,B,verificada,oficial,oficial,examen_oficial,False,,"Examen oficial PN Escala Básica 38a promoción (2021), pregunta 22. T8 - DGP: estructura (corrupción en el deporte)","Procedencia: examen oficial PN 38a promoción (2021), pregunta 22. [Verificación profunda 38a promoción: revisada una a una está sesión.]"
pn-of38-p23,8,ALTA,"De entre las funciones de las Fuerzas y Cuerpos de Seguridad del Estado, es competencia exclusiva de la Policía Nacional:",Vigilar y proteger los edificios e instalaciones públicos que lo requieran.,El control de entrada y salida del territorio nacional de españoles y extranjeros.,Velar por la protección y seguridad de altas personalidades.,,B,verificada,oficial,oficial,examen_oficial,False,,"Examen oficial PN Escala Básica 38a promoción (2021), pregunta 23. T8 - PN: competencias exclusivas","Procedencia: examen oficial PN 38a promoción (2021), pregunta 23. Obs.mapa: Roza T9 (reparto de funciones FCSE) [Verificación profunda 38a promoción: revisada una a una está sesión.]"
pn-of38-p24,9,ALTA,El órgano creado para coordinar las políticas de seguridad pública del Estado y de las Comunidades Autónomas es:,"La Junta de Seguridad, en aquellas Comunidades con Cuerpos de Policía propios.","El Comité de expertos, formado por ocho integrantes, mitad del Estado y mitad de las Comunidades Autónomas.",El Consejo de Política de Seguridad.,,C,verificada,oficial,BOE,examen_oficial,False,,LO 2/1986 (Consejo de Política de Seguridad),"Procedencia: examen oficial PN 38a promoción (2021), pregunta 24. [Verificación profunda 38a promoción: revisada una a una está sesión.]"
pn-of38-p25,9,ALTA,En qué principio básico de actuación se contempla el uso de armas:,Adecuación al ordenamiento jurídico.,Relaciones con la comunidad.,Responsabilidad. ,,A,verificada,oficial,oficial,examen_oficial,False,,"Examen oficial PN Escala Básica 38a promoción (2021), pregunta 25. T9 - LO 2/1986: principios basicos (uso de armas)","Procedencia: examen oficial PN 38a promoción (2021), pregunta 25. [Verificación profunda 38a promoción: revisada una a una está sesión.]"
pn-of38-p26,10,ALTA,Obtendrán la tarjeta de identidad de extranjero:,Todos los extranjeros a los que se haya expedido un visado para permanecer en España por un periodo superior a seis meses.,Todos los extranjeros a los que se haya expedido un visado para permanecer en España por un periodo superior a tres meses.,Todos los extranjeros a los que se haya expedido un visado para permanecer en España por un periodo superior a 120 días.,,A,verificada,oficial,oficial,examen_oficial,False,,"Examen oficial PN Escala Básica 38a promoción (2021), pregunta 26. T10 - Extranjería: tarjeta de identidad de extranjero","Procedencia: examen oficial PN 38a promoción (2021), pregunta 26. [Verificación profunda 38a promoción: revisada una a una está sesión.]"
pn-of38-p27,10,ALTA,El Real Decreto 240/2007 será de aplicación:,"A Robert, ciudadano de origen británico.","A Mai, de 20 años de edad, hija de un nacional vietnamita que se ha casado con una mujer española.","A Taras, de 22 años de edad, hijo de un nacional ucraniano, registrado como pareja de hecho con una mujer española.",,B,verificada,oficial,oficial,examen_oficial,False,,"Examen oficial PN Escala Básica 38a promoción (2021), pregunta 27. T10 - Extranjería: libre circulación (RD 240/2007)","Procedencia: examen oficial PN 38a promoción (2021), pregunta 27. [Verificación profunda 38a promoción: revisada una a una está sesión.]"
pn-of38-p28,10,ALTA,Cuando entró en vigor el CAAS:,Inmediatamente tras su firma.,1990.,1995.,,C,verificada,oficial,oficial,examen_oficial,False,,"Examen oficial PN Escala Básica 38a promoción (2021), pregunta 28. T10 - Schengen: entrada en vigor del CAAS","Procedencia: examen oficial PN 38a promoción (2021), pregunta 28. Obs.mapa: Roza T4 (UE) [Verificación profunda 38a promoción: revisada una a una está sesión.]"
pn-of38-p29,10,ALTA,"El ciudadano extranjero que, estando en posesión del título correspondiente, ha obtenido una plaza como residente para la formación como especialista en cardiología, al realizar una actividad laboral derivada de dicha formación:",Deberá solicitar personalmente la correspondiente autorización de trabajo por cuenta ajena.,"No será necesario que dispongan de la correspondiente autorización de trabajo, bastará con la autorización de estancia por estudios.",El Centro docente donde desarrolle su actividad laboral deberá solicitar la correspondiente Autorización de trabajo por cuenta ajena.,,B,verificada,oficial,oficial,examen_oficial,False,,"Examen oficial PN Escala Básica 38a promoción (2021), pregunta 29. T10 - Extranjería: residente para formación (estudios)","Procedencia: examen oficial PN 38a promoción (2021), pregunta 29. [Verificación profunda 38a promoción: revisada una a una está sesión.]"
pn-of38-p30,10,ALTA,"Durante el control de entrada en un puesto fronterizo se presenta un ciudadano extranjero al que le consta una prohibición de entrada por un periodo de 3 años determinado en una resolución de expulsión anterior, habiendo cumplido ya 2 años de dicha prohibición. En este caso, el extranjero será objeto de:","Devolución, al contravenir una prohibición de entrada.",Denegación de entrada.,Autorización de entrada al haber cumplido 2/3 de la prohibición de entrada impuesta.,,B,verificada,oficial,oficial,examen_oficial,False,,"Examen oficial PN Escala Básica 38a promoción (2021), pregunta 30. T10 - Extranjería: control de entrada (prohibición vigente)","Procedencia: examen oficial PN 38a promoción (2021), pregunta 30. [Verificación profunda 38a promoción: revisada una a una está sesión.]"
pn-of38-p31,11,ALTA,"En relación a la prescripción de las infracciones y sanciones en materia de extranjería, recogidas en la Ley Orgánica 4/2000 de 11 de enero, sobre los derechos y libertades de los extranjeros en España y su integración social, señale la respuesta correcta:","Las infracciones muy graves prescribirán a los 3 años, las graves a los 2 años y las leves a los 6 meses.","Las infracciones muy graves prescribirán a los 5 años, las graves a los 2 años y las leves a los 9 meses.","Las infracciones muy graves prescribirán a los 5 años, las graves a los 3 años y las leves a los 10 meses.",,A,verificada,oficial,BOE,examen_oficial,False,,"LO 4/2000, art. 56 (muy graves 3 / graves 2 / leves 6m)","Procedencia: examen oficial PN 38a promoción (2021), pregunta 31. [Verificación profunda 38a promoción: revisada una a una está sesión.]"
pn-of38-p32,10,ALTA,"Si usted se encuentra prestando servicio en un puesto fronterizo, la actuación a llevar a cabo con un ciudadano no comunitario que no cumple los requisitos para entrar en España, sería la siguiente:",Se lleva a cabo una devolución en frontera.,Se le deniega la entrada en resolución motivada.,"Se le inicia un expediente de expulsión en base a la infracción 53.1 a) Encontrarse irregularmente en territorio español Ley Orgánica 4/2000, de 11 de enero, sobre derechos y libertades de los extranjeros en España y su integración social. ",,B,verificada,oficial,oficial,examen_oficial,False,,"Examen oficial PN Escala Básica 38a promoción (2021), pregunta 32. T10 - Extranjería: control fronterizo (sin requisitos)","Procedencia: examen oficial PN 38a promoción (2021), pregunta 32. [Verificación profunda 38a promoción: revisada una a una está sesión.]"
pn-of38-p33,12,ALTA,"Según la Convención sobre el Estatuto de los Apátridas, el apátrida que se encuentra legalmente en España:",En ningún caso podrá ser expulsado.,Podrá ser expulsado por razones de seguridad nacional o de orden público.,"Podrá ser expulsado por razones de orden público, seguridad pública, seguridad nacional o salud pública.",,B,verificada,oficial,oficial,examen_oficial,False,,"Examen oficial PN Escala Básica 38a promoción (2021), pregunta 33. T12 - Apatridas (Convención): expulsión","Procedencia: examen oficial PN 38a promoción (2021), pregunta 33. [Verificación profunda 38a promoción: revisada una a una está sesión.]"
pn-of38-p34,12,ALTA,"Cuando los Cuerpos y Fuerzas de Seguridad del Estado localicen a un extranjero indocumentado cuya minoría de edad no pueda ser establecida con seguridad, se le dará conocimiento:","Al Juez de Menores, además de la atención inmediata que precise, de acuerdo con lo establecido en la legislación de protección jurídica del menor.","Al Juez de Instrucción, ya que se desconoce la edad del extranjero indocumentado.",Al Ministerio Fiscal.,,C,verificada,oficial,oficial,examen_oficial,False,,"Examen oficial PN Escala Básica 38a promoción (2021), pregunta 34. T12 - Menores extranjeros indocumentados","Procedencia: examen oficial PN 38a promoción (2021), pregunta 34. [Verificación profunda 38a promoción: revisada una a una está sesión.]"
pn-of38-p35,12,ALTA,"El Ministerio del Interior, de oficio o a petición del interesado, acordará la aplicación de la tramitación de urgencia en la solicitud de protección internacional, previa notificación al interesado cuando:","La persona solicitante con motivo justificado, presente su solicitud transcurrida el plazo de un mes.",Cuando la solicitud de protección internacional se hubiese presentado en un Centro de Internamiento de Extranjeros.,Hayan sido formuladas por menores no acompañados.,,B,verificada,oficial,oficial,examen_oficial,False,,"Examen oficial PN Escala Básica 38a promoción (2021), pregunta 35. T12 - Protección internacional: tramitación de urgencia","Procedencia: examen oficial PN 38a promoción (2021), pregunta 35. [Verificación profunda 38a promoción: revisada una a una está sesión.]"
pn-of38-p36,13,ALTA,Según la Ley 5/2014 de Seguridad Privada cual es un servicio a ejercer con arma de fuego:,Protección de buques pesqueros de bandera española.,"Vigilancia perimetral de centros penitenciarios, militares y policiales.","Protección de eventos deportivos, o multitudinarios.",,A,verificada,oficial,oficial,examen_oficial,False,,"Examen oficial PN Escala Básica 38a promoción (2021), pregunta 36. T13 - Seguridad privada (Ley 5/2014): servicio con arma","Procedencia: examen oficial PN 38a promoción (2021), pregunta 36. [Verificación profunda 38a promoción: revisada una a una está sesión.]"
pn-of38-p37,13,ALTA,"Según lo recogido en la Ley 5/2014 de Seguridad Privada, en relación a la habilitación profesional, es correcto afirmar que:",La habilitación de todo el personal de seguridad privada corresponderá a la Dirección General de la Policía.,"La habilitación de todo el personal de seguridad privada corresponderá a la Dirección General de la Policía, excepto la de los vigilantes de explosivos que corresponderá a la Dirección General de la Guardia Civil.","La habilitación de todo el personal de seguridad privada corresponderá a la Dirección General de la Policía, excepto la de los guardas rurales y sus especialidades que corresponderá a la Dirección General de la Guardia Civil.",,C,verificada,oficial,oficial,examen_oficial,False,,"Examen oficial PN Escala Básica 38a promoción (2021), pregunta 37. T13 - Seguridad privada (Ley 5/2014): habilitación","Procedencia: examen oficial PN 38a promoción (2021), pregunta 37. [Verificación profunda 38a promoción: revisada una a una está sesión.]"
pn-of38-p38,14,ALTA,El Documento Nacional de Identidad es:,Un documento público y oficial con suficiente valor para la acreditación de la identidad y los datos personales de su titular.,El documento público y oficial con valor por sí solo para la acreditación de la identidad y los datos personales de su titular.,"El único documento con suficiente valor por sí solo para la acreditación, a todos los efectos, de la identidad y los datos personales de su titular.",,B,verificada,oficial,oficial,examen_oficial,False,,"Examen oficial PN Escala Básica 38a promoción (2021), pregunta 38. T14 - LO 4/2015: el DNI","Procedencia: examen oficial PN 38a promoción (2021), pregunta 38. Obs.mapa: Roza T8 (competencia PN de expedición del DNI) [Verificación profunda 38a promoción: revisada una a una está sesión.]"
pn-of38-p39,14,ALTA,"Dentro del Régimen Sancionador de la LO 4/2015 de Seguridad Ciudadana, son órganos competentes en el ámbito de la Administración General del Estado:","El Ministerio de Interior, para la sanción de todas las infracciones en grado máximo.","El Ministerio de Interior, para la sanción de las infracciones muy graves en grado máximo.","El Ministerio de Interior, para la sanción de las infracciones graves en grado máximo. ",,B,verificada,oficial,oficial,examen_oficial,False,,"Examen oficial PN Escala Básica 38a promoción (2021), pregunta 39. T14 - LO 4/2015: régimen sancionador (órganos AGE)","Procedencia: examen oficial PN 38a promoción (2021), pregunta 39. [Verificación profunda 38a promoción: revisada una a una está sesión.]"
pn-of38-p40,14,ALTA,Según el artículo 15 de la Ley Orgánica 4/2015 de Protección de la seguridad ciudadana.,Los agentes de las Fuerzas y Cuerpos de Seguridad sólo podrán proceder a la entrada y registro en domicilio en los casos permitidos por la Constitución y en los términos que fije la presente Ley.,Será causa legítima suficiente para la entrada en domicilio la necesidad de evitar daños inminentes.,"Para la entrada en edificios ocupados por organismos oficiales o entidades públicas, no será preciso el consentimiento de la autoridad o funcionario que los tuviere a su cargo.",,B,verificada,oficial,oficial,examen_oficial,False,,"Examen oficial PN Escala Básica 38a promoción (2021), pregunta 40. T14 - LO 4/2015 (art.15): entrada y registro","Procedencia: examen oficial PN 38a promoción (2021), pregunta 40. [Verificación profunda 38a promoción: revisada una a una está sesión.]"
pn-of38-p41,15,ALTA,"Según el artículo 4.3 del Real Decreto 704/2011, de 20 de mayo, por el que se aprueba el Reglamento de protección de las infraestructuras críticas, el Catálogo Nacional de Infraestructuras Estratégicas tiene, conforme a lo dispuesto en la legislación vigente en materia de secretos oficiales, la calificación de:",Secreto.,Confidencial.,Clasificado.,,A,verificada,oficial,oficial,examen_oficial,False,,"Examen oficial PN Escala Básica 38a promoción (2021), pregunta 41. T15 - Infraestructuras criticas (RD 704/2011): Catalogo","Procedencia: examen oficial PN 38a promoción (2021), pregunta 41. [Verificación profunda 38a promoción: revisada una a una está sesión.]"
pn-of38-p42,15,ALTA,"De acuerdo con la Ley 8/2011, por la que se establecen medidas para la protección de las infraestructuras críticas, diga a qué hace referencia la siguiente definición: “las instalaciones, redes, sistemas y equipos físicos y de tecnología de la información sobre las que descansa el funcionamiento de los servicios esenciales”.",Infraestructuras estratégicas.,Infraestructuras críticas.,Infraestructuras esenciales.,,A,verificada,oficial,oficial,examen_oficial,False,,"Examen oficial PN Escala Básica 38a promoción (2021), pregunta 42. T15 - Infraestructuras criticas (Ley 8/2011): definiciones","Procedencia: examen oficial PN 38a promoción (2021), pregunta 42. [Verificación profunda 38a promoción: revisada una a una está sesión.]"
pn-of38-p43,16,ALTA,"Juan con ánimo de acabar con la vida de Pedro, cambia, sin el conocimiento de nadie, por veneno los viales de insulina que le administra su enfermera María por ser diabético, llegando a producir la muerte de Pedro. ¿Cuál será la responsabilidad criminal de Juan y María?:",Juan será inductor del hecho y María cooperadora necesaria.,Juan será cooperador necesario y María la autora mediata.,"Ambos serán autores, si bien María carecerá de responsabilidad criminal.",,C,verificada,oficial,oficial,examen_oficial,False,,"Examen oficial PN Escala Básica 38a promoción (2021), pregunta 43. T16 - DP general: autoria (autor mediato)","Procedencia: examen oficial PN 38a promoción (2021), pregunta 43. Obs.mapa: Roza T17 (homicidio); Maria es instrumento sin responsabilidad [Verificación profunda 38a promoción: revisada una a una está sesión.]"
pn-of38-p44,16,ALTA,Es una circunstancia agravante de la responsabilidad criminal:,"Ejecutar el hecho con abuso de confianza, de forma que se debilite la defensa del ofendido o facilite la impunidad del delincuente.","Cometer el delito por razones de aporofobia, independientemente de que tal circunstancia concurra o no en la víctima.","Aumentar inhumanamente el sufrimiento de la víctima, sea o no deliberado.",,B,verificada,oficial,BOE,examen_oficial,False,,"Código Penal, art. 22.4 (aporofobia)","Procedencia: examen oficial PN 38a promoción (2021), pregunta 44. [Verificación profunda 38a promoción: revisada una a una está sesión.]"
pn-of38-p45,16,ALTA,"De las circunstancias modificativas de la responsabilidad criminal que se indican, señale la correcta:",Es una circunstancia agravante de la responsabilidad criminal ser menor de 18 años.,Es una circunstancia eximente de la responsabilidad criminal el que obre impulsado por miedo insuperable.,Es una circunstancia atenuante que el mal causado sea mayor que el que se intenta evitar.,,B,verificada,oficial,BOE,examen_oficial,False,,"Código Penal, art. 20.6 (miedo insuperable = eximente)","Procedencia: examen oficial PN 38a promoción (2021), pregunta 45. [Verificación profunda 38a promoción: revisada una a una está sesión.]"
pn-of38-p46,18,ALTA,"Adolfo, mayor de edad y en plenitud de sus facultades físicas y mentales, se apropia de la bicicleta de montaña de su vecino sin el consentimiento del mismo. Dicha bicicleta se encontraba aparcada en la puerta de su domicilio, cuatro horas más tarde, después de darse varios paseos por la ciudad la vuelve a dejar en el mismo lugar donde se la apropió, esta conducta constituirá:",Un delito de hurto de uso de vehículo.,Un delito de robo de uso de vehículo.,Dicha conducta es atípica. ,,C,verificada,oficial,oficial,examen_oficial,False,,"Examen oficial PN Escala Básica 38a promoción (2021), pregunta 46. T18 - DP patrimonio: hurto/robo de uso de vehículos","Procedencia: examen oficial PN 38a promoción (2021), pregunta 46. Obs.mapa: El hurto de uso es solo de vehículos a motor [Verificación profunda 38a promoción: revisada una a una está sesión.]"
pn-of38-p47,17,ALTA,En el título primero: “del homicidio y sus formas” del Código penal se establece que sólo será perseguible mediante denuncia de la persona agraviada o su representante legal:,"El homicidio por imprudencia menos grave, cometido utilizando un vehículo a motor.",El homicidio imprudente cuando se hubiera cometido utilizando un vehículo a motor.,El homicidio cometido por imprudencia menos grave en el ámbito profesional.,,A,verificada,oficial,oficial,examen_oficial,False,,"Examen oficial PN Escala Básica 38a promoción (2021), pregunta 47. T17 - DP especial: homicidio imprudente (procedibilidad)","Procedencia: examen oficial PN 38a promoción (2021), pregunta 47. [Verificación profunda 38a promoción: revisada una a una está sesión.]"
pn-of38-p48,17,ALTA,La cooperación NO necesaria o complicidad a la muerte del suicida es:,"Atípica, ya que se tipifica cualquier acto de colaboración activa.","Punible, porque se tipifica la inducción y la cooperación, sea necesaria o no.","Atípica, ya que solo se tipifica la inducción y cooperación necesaria.",,C,verificada,oficial,BOE,examen_oficial,False,,"Código Penal, art. 143 (cooperación no necesaria al suicidio = atipica)","Procedencia: examen oficial PN 38a promoción (2021), pregunta 48. [Verificación profunda 38a promoción: revisada una a una está sesión.]"
pn-of38-p49,17,ALTA,"Andrés encierra a Juan privándole de su libertad, será castigado como autor de un delito de:",Detención ilegal.,Secuestro.,Extorsión.,,A,verificada,oficial,BOE,examen_oficial,False,,"Código Penal, art. 163 (detención ilegal)","Procedencia: examen oficial PN 38a promoción (2021), pregunta 49. [Verificación profunda 38a promoción: revisada una a una está sesión.]"
pn-of38-p50,17,ALTA,Para ser sujeto activo del delito de tortura es necesaria:,La relación de cónyuge o persona que esté o haya estado ligada de forma estable por análoga relación de afectividad.,La condición de autoridad o funcionario público.,La relación de dependencia jerárquica o laboral.,,B,verificada,oficial,BOE,examen_oficial,False,,"Código Penal, art. 174 (tortura: autoridad o funcionario)","Procedencia: examen oficial PN 38a promoción (2021), pregunta 50. [Verificación profunda 38a promoción: revisada una a una está sesión.]"
pn-of38-p51,18,ALTA,"El que ocupare, sin autorización debida, un inmueble, vivienda o edificio ajenos que no constituya morada, o se mantuviere en ellos contra la voluntad de su titular”, comete:",Delito de Usurpación del art. 245 del Código Penal.,Delito de Extorsión del art. 243 del Código Penal.,Delito de Coacciones del art. 172 del Código Penal.,,A,verificada,oficial,oficial,examen_oficial,False,,"Examen oficial PN Escala Básica 38a promoción (2021), pregunta 51. T18 - DP patrimonio: usurpación (CP art.245)","Procedencia: examen oficial PN 38a promoción (2021), pregunta 51. [Verificación profunda 38a promoción: revisada una a una está sesión.]"
pn-of38-p52,18,ALTA,Juan le realiza un ingreso de 5.000 Euros a Jorge para que le compre un coche. Jorge una vez que tiene el dinero en la cuenta decide quedarse con el mismo y no realizar la compra. ¿Qué delito podría estar cometiendo Juan?,Estafa.,Apropiación indebida.,Un delito de Hurto.,,B,verificada,oficial,oficial,examen_oficial,False,,"Examen oficial PN Escala Básica 38a promoción (2021), pregunta 52. T18 - DP patrimonio: apropiación indebida","Procedencia: examen oficial PN 38a promoción (2021), pregunta 52. [Verificación profunda 38a promoción: revisada una a una está sesión.]"
pn-of38-p53,19,ALTA,"En el registro del vehículo de Tomás, el cual se encuentra conduciendo por la vía pública, se localizan tres armas cortas y dos largas careciendo el mismo de permisos o licencias:",Tomas será autor de un delito de depósito de armas de fuego reglamentadas.,"Tomas será autor de dos delitos de tenencia de armas, uno por las armas cortas y otro por las armas largas.",Tomas será autor de un delito de tenencia de armas castigándose con hasta dos años por encontrarse con armas cortas. ,,C,verificada,oficial,oficial,examen_oficial,False,,"Examen oficial PN Escala Básica 38a promoción (2021), pregunta 53. T19 - DP orden público: deposito de armas reglamentadas","Procedencia: examen oficial PN 38a promoción (2021), pregunta 53. Obs.mapa: Roza T42 (Reglamento de Armas) [Verificación profunda 38a promoción: revisada una a una está sesión.]"
pn-of38-p54,19,ALTA,"Según el TÍTULO XXII de los delitos contra el orden Público del Código Penal, que respuesta es falsa:","Se comete delito de atentado a los que agreden con violencia o intimidación grave, a un policía fuera de servicio al detener a un atracador.","Se comete delito de atentado a los que agreden con violencia o intimidación grave, a un médico al comunicar el fallecimiento de una persona en el hospital.","Se comete delito de atentado a los que agreden con violencia o intimidación grave, a un vigilante de seguridad debidamente acreditado cuando le impide la entrada en el metro a un pasajero.",,C,verificada,oficial,oficial,examen_oficial,False,,"Examen oficial PN Escala Básica 38a promoción (2021), pregunta 54. T19 - DP orden público: atentado (respuesta falsa)","Procedencia: examen oficial PN 38a promoción (2021), pregunta 54. [Verificación profunda 38a promoción: revisada una a una está sesión.]"
pn-of38-p55,19,ALTA,"Si una persona llama al 091 para denunciar que han puesto una bomba en el instituto en el que estudia, y resulta ser falso, ¿qué delito comete?",Desórdenes públicos.,Denuncia falsa.,"No es un delito, es una infracción administrativa que se castiga con multa.",,A,verificada,oficial,oficial,examen_oficial,False,,"Examen oficial PN Escala Básica 38a promoción (2021), pregunta 55. T19 - DP orden público: desordenes (falsa alarma)","Procedencia: examen oficial PN 38a promoción (2021), pregunta 55. [Verificación profunda 38a promoción: revisada una a una está sesión.]"
pn-of38-p56,20,ALTA,Para proceder penalmente por los delitos informáticos:,Se podrá proceder de oficio en todo caso.,Será necesaria denuncia de la persona agraviada o de su representante legal.,Se exigirá además querella del Ministerio Fiscal.,,A,verificada,oficial,oficial,examen_oficial,False,,"Examen oficial PN Escala Básica 38a promoción (2021), pregunta 56. T20 - Delitos informaticos: procedibilidad","Procedencia: examen oficial PN 38a promoción (2021), pregunta 56. [Verificación profunda 38a promoción: revisada una a una está sesión.]"
pn-of38-p57,20,ALTA,"La difusión no consentida de imágenes o grabaciones de carácter sexual, que se hubieran obtenido con consentimiento de la persona afectada y en su ámbito de privacidad, cuando su divulgación menoscabe gravemente la intimidad de esta persona, es la definición de:",Sexting.,Grooming.,Intrusismo informático.,,A,verificada,oficial,oficial,examen_oficial,False,,"Examen oficial PN Escala Básica 38a promoción (2021), pregunta 57. T20 - Intimidad: difusión de imagenes sexuales (sexting)","Procedencia: examen oficial PN 38a promoción (2021), pregunta 57. [Verificación profunda 38a promoción: revisada una a una está sesión.]"
pn-of38-p58,20,ALTA,"Cuando un individuo accede al conjunto o parte de un sistema de información, vulnerando las medidas de seguridad y sin estar debidamente autorizado, ¿estaría cometiendo un delito informático de los tipificados en el Código Penal?","Sí, el simple acceso está penado aunque no se acceda a los datos.","Sí, siempre que consiga acceder a los datos que contiene el sistema.","Sí, siempre que consiga acceder a l sistema y divulgar los datos contenidos en este.",,A,verificada,oficial,oficial,examen_oficial,False,,"Examen oficial PN Escala Básica 38a promoción (2021), pregunta 58. T20 - Delitos informaticos: acceso ilicito","Procedencia: examen oficial PN 38a promoción (2021), pregunta 58. [Verificación profunda 38a promoción: revisada una a una está sesión.]"
pn-of38-p59,21,ALTA,En el procedimiento de Habeas Corpus:,No es preceptiva la intervención de abogado y procurador.,Es preceptiva la intervención de abogado y procurador.,Será preceptiva sólo en los casos de delitos públicos.,,A,verificada,oficial,oficial,examen_oficial,False,,"Examen oficial PN Escala Básica 38a promoción (2021), pregunta 59. T21 - Habeas corpus (intervención letrada)","Procedencia: examen oficial PN 38a promoción (2021), pregunta 59. [Verificación profunda 38a promoción: revisada una a una está sesión.]"
pn-of38-p60,21,ALTA,Según la LECrim quienes están exentos de la obligación de denunciar:,"El cónyuge del delincuente y sus ascendientes, descendientes y colaterales hasta tercer grado de parentesco inclusive.","Los eclesiásticos y demás ministros de otros cultos, respecto a las noticias que les sean reveladas en el ejercicio de sus funciones de carácter religioso.",Los impúberes y los que gocen del pleno uso de la razón. ,,B,verificada,oficial,BOE,examen_oficial,False,,LECrim art. 261/263 (exentos: eclesiasticos),"Procedencia: examen oficial PN 38a promoción (2021), pregunta 60. [Verificación profunda 38a promoción: revisada una a una está sesión.]"
pn-of38-p61,21,ALTA,El Tribunal del Jurado se compone de:,Nueve jurados y un Magistrado integrante de la Audiencia Nacional. Al juicio asistirá además un jurado suplente.,Nueve jurados y un Magistrado integrante de la Audiencia Provincial. Al juicio asistirán además dos jurados suplentes.,Nueve jurados y un Magistrado integrante de la Audiencia Nacional. Al juicio asistirán además tres jurados suplentes.,,B,verificada,oficial,oficial,examen_oficial,False,,"Examen oficial PN Escala Básica 38a promoción (2021), pregunta 61. T21 - Tribunal del Jurado: composición","Procedencia: examen oficial PN 38a promoción (2021), pregunta 61. [Verificación profunda 38a promoción: revisada una a una está sesión.]"
pn-of38-p62,22,ALTA,"A tenor de lo dispuesto en la Ley 4/2015 del Estatuto de la víctima, los abogados y procuradores no podrán dirigirse a las víctimas directas o indirectas de catástrofes para ofrecerles sus servicios profesionales, hasta transcurridos:",30 días.,45 días.,60 días.,,B,verificada,oficial,BOE,examen_oficial,False,,Ley 4/2015 Estatuto de la victima (45 días),"Procedencia: examen oficial PN 38a promoción (2021), pregunta 62. [Verificación profunda 38a promoción: revisada una a una está sesión.]"
pn-of38-p63,22,ALTA,"En caso de tener que determinar qué medidas de protección deben ser adoptadas respecto a la víctima de un delito para evitar perjuicios relevantes que, de otro modo, pudieran derivar del proceso, se realizará una valoración de sus circunstancias que tendrá especialmente en consideración:",Si se trata de un delito violento.,El nivel de madurez de la víctima.,La integridad moral de la víctima.,,A,verificada,oficial,oficial,examen_oficial,False,,"Examen oficial PN Escala Básica 38a promoción (2021), pregunta 63. T22 - Estatuto de la victima: valoración de medidas","Procedencia: examen oficial PN 38a promoción (2021), pregunta 63. [Verificación profunda 38a promoción: revisada una a una está sesión.]"
pn-of38-p64,23,ALTA,"En relación a los derechos de las mujeres víctimas de violencia de género, se debe tener en cuenta la siguiente consideración respecto a la asistencia jurídica:",Las víctimas de violencia de género tienen derecho a recibir asesoramiento jurídico solamente después de haber interpuesto denuncia.,"Las víctimas de violencia de género tienen derecho a recibir asesoramiento jurídico en el momento inmediatamente previo a la interposición de la denuncia, sólo si solicitan un letrado particular.",Las víctimas de violencia de género tienen derecho a recibir asesoramiento jurídico gratuito en el momento inmediatamente previo a la interposición de la denuncia.,,C,verificada,oficial,oficial,examen_oficial,False,,"Examen oficial PN Escala Básica 38a promoción (2021), pregunta 64. T23 - VG (LO 1/2004): asistencia jurídica","Procedencia: examen oficial PN 38a promoción (2021), pregunta 64. [Verificación profunda 38a promoción: revisada una a una está sesión.]"
pn-of38-p65,23,ALTA,¿Cómo se denomina el instrumento promovido por el Ministerio de Igualdad para implicar al conjunto de la sociedad en la lucha contra la violencia machista y extender la información necesaria para saber cómo actuar ante un caso de violencia contra las mujeres?:,Punto rosa.,Punto rojo.,Punto violeta.,,C,verificada,oficial,oficial,examen_oficial,False,,"Examen oficial PN Escala Básica 38a promoción (2021), pregunta 65. T23 - VG: instrumento de sensibilización","Procedencia: examen oficial PN 38a promoción (2021), pregunta 65. [Verificación profunda 38a promoción: revisada una a una está sesión.]"
pn-of38-p66,23,ALTA,La sede del Instituto Europeo de la Igualdad de Género (EIGE) se encuentra en:,Praga (República Checa).,Bucarest (Rumania).,Vilna (Lituania).,,C,verificada,oficial,oficial,examen_oficial,False,,"Examen oficial PN Escala Básica 38a promoción (2021), pregunta 66. T23 - Igualdad: EIGE (sede)","Procedencia: examen oficial PN 38a promoción (2021), pregunta 66. Obs.mapa: Roza T4 (agencia de la UE) [Verificación profunda 38a promoción: revisada una a una está sesión.]"
pn-of38-p67,25,ALTA,"La Ley 31/1995, de 8 de noviembre, de Prevención de Riesgos Laborales:","No será de aplicación en aquellas actividades cuyas particularidades lo impidan en el ámbito de las funciones públicas como las actividades de policía, seguridad y resguardo aduanero.","Se aplicará a todas las actividades independientemente de su desarrollo dentro del ámbito de la gestión pública o de la privada, a excepción de los centros y establecimientos militares.","Se aplicará en todas las actividades laborales con la excepción del servicio del hogar familiar, cuyo titular está obligado al cuidado de sus empleados. ",,A,verificada,oficial,oficial,examen_oficial,False,,"Examen oficial PN Escala Básica 38a promoción (2021), pregunta 67. T25 - PRL (Ley 31/1995): ambito de aplicación","Procedencia: examen oficial PN 38a promoción (2021), pregunta 67. [Verificación profunda 38a promoción: revisada una a una está sesión.]"
pn-of38-p68,14,ALTA,"Señale la respuesta errónea, respecto al principio de proporcionalidad, en la instalación de sistemas de grabación de imágenes y sonidos efectuada por las Fuerzas y Cuerpos de Seguridad, que deberán tener en cuenta.",Asegurar la protección de los edificios o instalaciones propias.,Asegurar la protección de edificios e instalaciones públicas y de sus accesos que estén bajo custodia.,La protección y prevención frente a las amenazas contra la seguridad pública.,,A,verificada,oficial,oficial,examen_oficial,False,,"Examen oficial PN Escala Básica 38a promoción (2021), pregunta 68. T14 - Videovigilancia por las FCS (proporcionalidad)","Procedencia: examen oficial PN 38a promoción (2021), pregunta 68. Obs.mapa: Videovigilancia (LO 4/1997); encaje en seguridad ciudadana - verificar videovigilancia (LO 4/1997); verificar encaje. [Verificación profunda 38a promoción: revisada una a una está sesión.]"
pn-of38-p69,25,ALTA,"El órgano científico técnico especializado, de la Administración General del Estado, que tiene como misión el análisis y estudio de las condiciones de seguridad y salud en el trabajo, así como la promoción y apoyo a la mejora de las mismas, es:",El Instituto Nacional de Seguridad y Salud en el Trabajo.,La Comisión Nacional de Seguridad y Salud en el Trabajo.,La Inspección de Trabajo y Seguridad Social.,,A,verificada,oficial,oficial,examen_oficial,False,,"Examen oficial PN Escala Básica 38a promoción (2021), pregunta 69. T25 - PRL: órgano cientifico-técnico (INSST)","Procedencia: examen oficial PN 38a promoción (2021), pregunta 69. [Verificación profunda 38a promoción: revisada una a una está sesión.]"
pn-of38-p70,26,ALTA,"De acuerdo con lo recogido en la Ley Orgánica 7/2021 de protección de datos personales tratados para fines de prevención, detección, investigación y enjuiciamiento de infracciones penales y de ejecución de sanciones penales, se entiende por “encargado del tratamiento” a:",Cualquier persona física o jurídica que tenga acceso a datos personales de terceros.,"La persona física o jurídica, autoridad pública, servicio u otro organismo que trate datos personales por cuenta del responsable del tratamiento.",La persona responsable de la seguridad de las bases de datos que contienen los datos personales.,,B,verificada,oficial,oficial,examen_oficial,False,,"Examen oficial PN Escala Básica 38a promoción (2021), pregunta 70. T26 - Protección de datos (LO 7/2021): definiciones","Procedencia: examen oficial PN 38a promoción (2021), pregunta 70. [Verificación profunda 38a promoción: revisada una a una está sesión.]"
pn-of38-p71,26,ALTA,"El plazo de conservación de los datos personales con fines de prevención, detección, investigación y enjuiciamiento de infracciones penales, será del tiempo necesario para esos fines y como máximo:",3 años.,15 años.,20 años.,,C,verificada,oficial,oficial,examen_oficial,False,,"Examen oficial PN Escala Básica 38a promoción (2021), pregunta 71. T26 - Protección de datos (LO 7/2021): conservación","Procedencia: examen oficial PN 38a promoción (2021), pregunta 71. plazo de conservación (LO 7/2021, 20 años): no localizado verbatim en BOE-600 (consistente entre promos). [Verificación profunda 38a promoción: revisada una a una está sesión.]"
pn-of38-p72,27,ALTA,Señale la respuesta correcta sobre el Mecanismo Nacional de Prevención contra la Tortura:,"Está compuesto por funcionarios de los Ministerios del Interior y de Justicia, coordinados por el Defensor del Pueblo.",Se encarga de recepcionar y tramitar las denuncias que se reciben relacionadas con torturas.,Realiza visitas preventivas a centros de privación de libertad dependientes de las distintas Administraciones Públicas españolas.,,C,verificada,oficial,oficial,examen_oficial,False,,"Examen oficial PN Escala Básica 38a promoción (2021), pregunta 72. T27 - DDHH: Mecanismo Nacional de Prevención de la Tortura","Procedencia: examen oficial PN 38a promoción (2021), pregunta 72. [Verificación profunda 38a promoción: revisada una a una está sesión.]"
pn-of38-p73,27,ALTA,En que se caracterizan una serie de derechos en la Declaración Universal de Derechos Humanos:,Ser ilimitados.,Ser inalienables.,Ser personales.,,B,verificada,oficial,oficial,examen_oficial,False,,"Examen oficial PN Escala Básica 38a promoción (2021), pregunta 73. T27 - DDHH: DUDH (caracteristicas)","Procedencia: examen oficial PN 38a promoción (2021), pregunta 73. [Verificación profunda 38a promoción: revisada una a una está sesión.]"
pn-of38-p74,28,ALTA,Es una característica de la Globalización:,El reforzamiento de los logros laborales de los países desarrollados.,La especialización y jerarquización de territorios por la aparición de las TIC y la mejora del transporte.,Heterogeneidad en las pautas de comportamiento de la población mundial. ,,B,verificada,oficial,oficial,examen_oficial,False,,"Examen oficial PN Escala Básica 38a promoción (2021), pregunta 74. T28 - Globalización (caracteristicas)","Procedencia: examen oficial PN 38a promoción (2021), pregunta 74. [Verificación profunda 38a promoción: revisada una a una está sesión.]"
pn-of38-p75,29,ALTA,Cuando hablamos de los estudios de escala “F” nos podemos referir a:,A los test de la escuela de Berkeley para medir tendencias potencialmente fascistas.,Es la escala de medición de niveles de xenofobia de la escuela tradicional alemana.,A los test elaborados por la universidad de Stanford sobre niveles de rechazo al género femenino.,,A,verificada,oficial,oficial,examen_oficial,False,,"Examen oficial PN Escala Básica 38a promoción (2021), pregunta 75. T29 - Personalidad autoritaria: escala F","Procedencia: examen oficial PN 38a promoción (2021), pregunta 75. [Verificación profunda 38a promoción: revisada una a una está sesión.]"
pn-of38-p76,23,ALTA,Dentro de la definición de “Género no-binario o genderqueer” se pueden incluir como tipo de modalidades para expresar su género:,"Agénero, bigénero, tercer sexo, transgénero y género fluido.",Genero binario.,"Agénero, segundo sexo y transfóbico.",,A,verificada,oficial,oficial,examen_oficial,False,,"Examen oficial PN Escala Básica 38a promoción (2021), pregunta 76. T23 - Igualdad LGTBI (Ley 4/2023): genero no-binario","Procedencia: examen oficial PN 38a promoción (2021), pregunta 76. Obs.mapa: Terminologia de genero; encaje en el bloque de igualdad [Verificación profunda 38a promoción: revisada una a una está sesión.]"
pn-of38-p77,31,ALTA,Podemos definir las migraciones como:,Desplazamiento de grandes grupos humanos de una zona geográfica a otra por un corto espacio de tiempo.,"Desplazamiento humano de un lugar a otro, siempre que dure más de un mes.",Desplazamientos de la población de una delimitación geográfica a otra por un espacio de tiempo considerable e indefinido.,,C,verificada,oficial,oficial,examen_oficial,False,,"Examen oficial PN Escala Básica 38a promoción (2021), pregunta 77. T31 - Inmigración: concepto de migración","Procedencia: examen oficial PN 38a promoción (2021), pregunta 77. [Verificación profunda 38a promoción: revisada una a una está sesión.]"
pn-of38-p78,32,ALTA,Un saldo vegetativo negativo en una población indica que:,Ha habido más defunciones que nacimientos.,Ha habido más nacimientos que defunciones.,La edad media de la población se ha reducido.,,A,verificada,oficial,oficial,examen_oficial,False,,"Examen oficial PN Escala Básica 38a promoción (2021), pregunta 78. T32 - Demografia: saldo vegetativo","Procedencia: examen oficial PN 38a promoción (2021), pregunta 78. [Verificación profunda 38a promoción: revisada una a una está sesión.]"
pn-of38-p79,33,ALTA,¿Quién es el autor de la teoría de la asociación diferencial?:,Hans Eysenck.,Durkheim.,Edwin Sutherland.,,C,verificada,oficial,oficial,examen_oficial,False,,"Examen oficial PN Escala Básica 38a promoción (2021), pregunta 79. T33 - Teorias de la delincuencia: asociación diferencial","Procedencia: examen oficial PN 38a promoción (2021), pregunta 79. [Verificación profunda 38a promoción: revisada una a una está sesión.]"
pn-of38-p80,34,ALTA,"El consumo de Ayahuasca, a causa de la presencia de la sustancia DMT (dimetiltriptamina), tiene un efecto:",Depresivo.,Alucinógeno.,Estimulante.,,B,verificada,oficial,oficial,examen_oficial,False,,"Examen oficial PN Escala Básica 38a promoción (2021), pregunta 80. T34 - Drogodependencias: clasificación","Procedencia: examen oficial PN 38a promoción (2021), pregunta 80. [Verificación profunda 38a promoción: revisada una a una está sesión.]"
pn-of38-p81,34,ALTA,"A la relación entre la dosis en la que un determinado fármaco o droga es capaz de causar la muerte (dosis letal) o un efecto adverso, y la dosis del mismo que causa el efecto terapéutico deseado (dosis efectiva), se denomina:",Tolerancia cruzada.,Tolerancia inversa.,Índice terapéutico.,,C,verificada,oficial,oficial,examen_oficial,False,,"Examen oficial PN Escala Básica 38a promoción (2021), pregunta 81. T34 - Drogodependencias: farmacologia","Procedencia: examen oficial PN 38a promoción (2021), pregunta 81. [Verificación profunda 38a promoción: revisada una a una está sesión.]"
pn-of38-p82,5,ALTA,"La propuesta y ejecución de la política del Gobierno en materia de lucha contra el cambio climático, prevención de la contaminación, protección del patrimonio natural, de la biodiversidad, de los bosques, del mar, agua y energía para la transición a un modelo productivo y social más ecológico, le corresponde a:",El Ministerio de Medio Ambiente.,El Ministerio para la Transición Ecológica y el Reto Demográfico.,La Secretaría de Estado de medio ambiente. ,,B,verificada,oficial,oficial,examen_oficial,False,,"Examen oficial PN Escala Básica 38a promoción (2021), pregunta 82. T5 - AGE: estructura ministerial (medio ambiente)","Procedencia: examen oficial PN 38a promoción (2021), pregunta 82. Obs.mapa: Roza T35; denominación ministerial sensible a reorganizaciones denominación ministerial sensible a reorganizaciones. [Verificación profunda 38a promoción: revisada una a una está sesión.]"
pn-of38-p83,37,ALTA,"¿Los sobrenombres, apodos y seudónimos se escriben con la primera letra en mayúsculas?","Sí, incluso el artículo que lo precede. Ej: Alfonso X El Sabio.","No, ya que no es el nombre propio de persona, animal, cosa singularizada o nombre de divinidad. EJ: Alfonso X el sabio.","Siempre, si bien el artículo que lo precede, en su caso, no se debe escribir con mayúscula. Ej.: Alfonso X el Sabio.",,C,verificada,oficial,oficial,examen_oficial,False,,"Examen oficial PN Escala Básica 38a promoción (2021), pregunta 83. T37 - Ortografia: mayusculas (apodos)","Procedencia: examen oficial PN 38a promoción (2021), pregunta 83. [Verificación profunda 38a promoción: revisada una a una está sesión.]"
pn-of38-p84,38,ALTA,"Un disco puede almacenar la información, entre otros, en los siguientes sistemas de archivos:","NTFS, FAT, EXT4, APFS.","NTFS, MACFS, EXT2, EXT4, FAT.","NTFS, FAT, EXT, APFS, HDR.",,A,verificada,oficial,oficial,examen_oficial,False,,"Examen oficial PN Escala Básica 38a promoción (2021), pregunta 84. T38 - Sistemas operativos: sistemas de archivos","Procedencia: examen oficial PN 38a promoción (2021), pregunta 84. [Verificación profunda 38a promoción: revisada una a una está sesión.]"
pn-of38-p85,38,ALTA,Entre las funciones del sistema operativo se encuentra:,Gestionar la manera en que la información se almacena en dispositivos de entrada/salida.,Ejecutar aplicaciones y software.,"A y B, y además gestionar la memoria del ordenador.",,C,verificada,oficial,oficial,examen_oficial,False,,"Examen oficial PN Escala Básica 38a promoción (2021), pregunta 85. T38 - Sistemas operativos: funciones","Procedencia: examen oficial PN 38a promoción (2021), pregunta 85. [Verificación profunda 38a promoción: revisada una a una está sesión.]"
pn-of38-p86,39,ALTA,"Un firewall que ahora se considera “tradicional”, que permite o bloquea el tráfico en función del estado, el puerto y el protocolo y, además, monitorea toda la actividad desde la apertura hasta el cierre de una conexión, es un firewall:",Proxy.,De inspección activa.,UTM.,,B,verificada,oficial,oficial,examen_oficial,False,,"Examen oficial PN Escala Básica 38a promoción (2021), pregunta 86. T39 - Redes: cortafuegos (firewall)","Procedencia: examen oficial PN 38a promoción (2021), pregunta 86. [Verificación profunda 38a promoción: revisada una a una está sesión.]"
pn-of38-p87,39,ALTA,La diferencia entre PROXY y ROUTER es:,"ROUTER es la parte HARDWARE, mientras que PROXY se refiere a su parte SOFTWARE.",PROXY trabaja a distinto nivel de pila de protocolo de interconexión que el ROUTER.,"El PROXY no puede albergar mecanismos de seguridad, mientras que el ROUTER implementa firewalls.",,B,verificada,oficial,oficial,examen_oficial,False,,"Examen oficial PN Escala Básica 38a promoción (2021), pregunta 87. T39 - Redes: proxy vs router","Procedencia: examen oficial PN 38a promoción (2021), pregunta 87. [Verificación profunda 38a promoción: revisada una a una está sesión.]"
pn-of38-p88,40,ALTA,Uno de los sistemas de evaluación más utilizado en el ciclo de Inteligencia es:,4×4.,3×3.,5×5.,,A,verificada,oficial,oficial,examen_oficial,False,,"Examen oficial PN Escala Básica 38a promoción (2021), pregunta 88. T40 - Inteligencia: evaluación de la información","Procedencia: examen oficial PN 38a promoción (2021), pregunta 88. [Verificación profunda 38a promoción: revisada una a una está sesión.]"
pn-of38-p89,40,ALTA,Son redes de la DarkNet:,"Freenet,I2P, TOR, ZeroNet.","Freenet, BYTE, TOR, ZeroNet.","Arpanet, I2P, TOR, ZeroNet.",,A,verificada,oficial,oficial,examen_oficial,False,,"Examen oficial PN Escala Básica 38a promoción (2021), pregunta 89. T40 - Inteligencia: Dark Net","Procedencia: examen oficial PN 38a promoción (2021), pregunta 89. [Verificación profunda 38a promoción: revisada una a una está sesión.]"
pn-of38-p90,41,ALTA,La modalidad delictiva utilizada para dejar un servidor sin servicios es:,Bootnet.,DDOS.,Ramsonware. ,,B,verificada,oficial,oficial,examen_oficial,False,,"Examen oficial PN Escala Básica 38a promoción (2021), pregunta 90. T41 - Ciberdelincuencia: DDoS","Procedencia: examen oficial PN 38a promoción (2021), pregunta 90. [Verificación profunda 38a promoción: revisada una a una está sesión.]"
pn-of38-p91,41,ALTA,"¿Cómo se denomina a la lectura no autorizada y almacenamiento de la información contenida en la banda magnética de las tarjetas bancarias, mediante la utilización de dispositivos electrónicos que simulan ser los autorizados, o por personas con acceso a estos medios de pago?:",Shoofing.,Skimming.,Phishing.,,B,verificada,oficial,oficial,examen_oficial,False,,"Examen oficial PN Escala Básica 38a promoción (2021), pregunta 91. T41 - Ciberdelincuencia: fraude con tarjetas (skimming)","Procedencia: examen oficial PN 38a promoción (2021), pregunta 91. [Verificación profunda 38a promoción: revisada una a una está sesión.]"
pn-of38-p92,41,ALTA,¿Qué es el flaming?:,"Situación consistente en una discusión que se lleva a cabo en línea (por medio de correos electrónicos, redes, blogs o foros). Y que toma un tono insultante o desagradable hacia una de las personas con el objetivo de crisparla.",Consiste en el acceso no autorizado a la información guardada en los teléfonos móviles.,"Consiste en hacer llamadas telefónicas a las víctimas, en las que, por medio de una voz computarizada, se requiere la verificación de algunos datos personales y/o información bancaria.",,A,verificada,oficial,oficial,examen_oficial,False,,"Examen oficial PN Escala Básica 38a promoción (2021), pregunta 92. T41 - Ciberdelincuencia: ciberacoso (flaming)","Procedencia: examen oficial PN 38a promoción (2021), pregunta 92. [Verificación profunda 38a promoción: revisada una a una está sesión.]"
pn-of38-p93,42,ALTA,"Una de las principales novedades incluidas en la redacción del Reglamento de Armas, es la inclusión de las armas:",Artísticas.,Acústicas.,Detonadoras.,,B,verificada,oficial,oficial,examen_oficial,False,,"Examen oficial PN Escala Básica 38a promoción (2021), pregunta 93. T42 - Armas: novedad del Reglamento de Armas","Procedencia: examen oficial PN 38a promoción (2021), pregunta 93. [Verificación profunda 38a promoción: revisada una a una está sesión.]"
pn-of38-p94,42,ALTA,Un arma de fuego larga rayada que puede reducirse su longitud a menos de 60 cm sin perder su funcionalidad por medio de una culata telescópica es:,Un arma prohibida.,Un arma prohibida excepto para funcionarios.,Un arma permitida categoría 2.2.,,A,verificada,oficial,oficial,examen_oficial,False,,"Examen oficial PN Escala Básica 38a promoción (2021), pregunta 94. T42 - Armas prohibidas","Procedencia: examen oficial PN 38a promoción (2021), pregunta 94. [Verificación profunda 38a promoción: revisada una a una está sesión.]"
pn-of38-p95,43,ALTA,La utilización de la señal V-1:,Requerirá autorización del Director General de la Policía.,Requerirá autorización de la Dirección General del Tráfico.,No requerirá autorización administrativa alguna.,,C,verificada,oficial,oficial,examen_oficial,False,,"Examen oficial PN Escala Básica 38a promoción (2021), pregunta 95. T43 - Vehículo prioritario: señal V-1","Procedencia: examen oficial PN 38a promoción (2021), pregunta 95. [Verificación profunda 38a promoción: revisada una a una está sesión.]"
pn-of38-p96,43,ALTA,"De acuerdo a lo establecido en el artículo 69 del Real Decreto 1428/2003, de 21 de noviembre, por el que se aprueba el Reglamento General de Circulación, cuando un vehículo de policía que manifiesta su presencia según lo dispuesto en el artículo 68.2 se sitúa detrás de cualquier otro vehículo y activa además un dispositivo de emisión de luz amarilla hacia adelante de forma intermitente o destellante, el conductor de éste deberá:","Parar con las debidas precauciones en el lado izquierdo, delante o detrás del vehículo policial, en un lugar donde no genere mayores riesgos o molestias para el resto de los usuarios, y permanecerá en su interior.","Detenerlo con las debidas precauciones en el lado derecho, delante del vehículo policial, en un lugar donde no genere mayores riesgos o molestias para el resto de los usuarios, y permanecerá en su interior.","Parar o detenerlo con las debidas precauciones en el lado derecho o izquierdo, delante del vehículo policial, en un lugar donde no genere mayores riesgos o molestias para el resto de los usuarios, y permanecerá en su interior. ",,B,verificada,oficial,oficial,examen_oficial,False,,"Examen oficial PN Escala Básica 38a promoción (2021), pregunta 96. T43 - Vehículo prioritario: comportamiento de los demás (RGC art.69)","Procedencia: examen oficial PN 38a promoción (2021), pregunta 96. [Verificación profunda 38a promoción: revisada una a una está sesión.]"
pn-of38-p97,44,ALTA,¿Qué son los ADAS?,Es el acrónimo en inglés de los Sistemas de Ayuda y Detección de Velocidad.,Es el acrónimo en inglés de los Sistemas Avanzados de Ayuda a la Conducción.,Hace referencia a la publicidad o anuncios relacionados con el sector de la automoción.,,B,verificada,oficial,oficial,examen_oficial,False,,"Examen oficial PN Escala Básica 38a promoción (2021), pregunta 97. T44 - Seguridad en la conducción: ADAS","Procedencia: examen oficial PN 38a promoción (2021), pregunta 97. [Verificación profunda 38a promoción: revisada una a una está sesión.]"
pn-of38-p98,45,ALTA,Nicolás hace un año que obtuvo el permiso o licencia que le habilita para conducir. Mientras conducía un vehículo prioritario es sometido a pruebas de detección alcohólica. Indique la respuesta correcta:,"No podrá superar la tasa de alcohol en sangre de 0,5 gramos por litro, o de alcohol en aire espirado superior a 0,25 miligramos por litro.","No podrá superar la tasa de alcohol en sangre de 0,3 gramos por litro ni de alcohol en aire espirado de 0,15 miligramos por litro.","Al ser vehículo prioritario, no podrá superar la tasa de alcohol en sangre de 0,0 gramos por litro ni de alcohol en aire espirado de 0,0 miligramos por litro.",,B,verificada,oficial,oficial,examen_oficial,False,,"Examen oficial PN Escala Básica 38a promoción (2021), pregunta 98. T45 - Seguridad vial: tasa de alcohol (conductor de prioritario/novel)","Procedencia: examen oficial PN 38a promoción (2021), pregunta 98. [Verificación profunda 38a promoción: revisada una a una está sesión.]"
pn-of38-p99,44,ALTA,"El conjunto de características técnicas de los vehículos cuyo objetivo es evitar la pérdida de control de su trayectoria por parte del conductor y la colisión con otros vehículos, personas, animales u objetos, es la definición de:",Seguridad primaria.,Seguridad secundaria.,Seguridad terciaria.,,A,verificada,oficial,oficial,examen_oficial,False,,"Examen oficial PN Escala Básica 38a promoción (2021), pregunta 99. T44 - Seguridad en la conducción: seguridad activa","Procedencia: examen oficial PN 38a promoción (2021), pregunta 99. [Verificación profunda 38a promoción: revisada una a una está sesión.]"
pn-of38-p100,45,ALTA,"En el auxilio de un accidente, la norma PAS consiste en:","Personación, auxilio y seguridad.","Personarse, ayudar y socorrer.","Proteger, avisar y socorrer. ",,C,verificada,oficial,oficial,examen_oficial,False,,"Examen oficial PN Escala Básica 38a promoción (2021), pregunta 100. T45 - Seguridad vial: primeros auxilios (PAS)","Procedencia: examen oficial PN 38a promoción (2021), pregunta 100. [Verificación profunda 38a promoción: revisada una a una está sesión.]"
pn-of39-p01,20,ALTA,"Juan y Juana son una pareja, mayores de edad que rompen su relación por desavenencias, pero Juan había enviado anteriormente a Juana una serie de fotos y vídeos de alto contenido sexual, a través de la aplicación de mensajería WhatsApp. Juana tras la ruptura envió los vídeos a través de la mencionada aplicación a sus amigos y conocidos. ¿Qué delito comete Juana según el Código Penal vigente?",El delito de revelación de secretos.,Ningún delito porque medió consentimiento por parte de Juan.,El delito de descubrimiento.,,A,verificada,oficial,oficial,examen_oficial,False,,"Examen oficial PN Escala Básica 39a promoción (2022), pregunta 1. T20 - Intimidad: revelación de secretos (CP art.197.7)","Procedencia: examen oficial PN 39a promoción (2022), pregunta 1. Obs.mapa: Intimidad = T20 (en la Promo 42 se uso T17 para casos similares; armonizar criterio) [Verificación profunda 39a promoción: revisada una a una está sesión.]"
pn-of39-p02,8,ALTA,"En relación al Régimen de Personal de la Policía Nacional, será competente para resolver sobre la solicitud de compatibilidad para un segundo puesto o actividad, tanto en el sector público como en el sector privado:","El Ministro de Interior, a través del Secretario de Estado de Seguridad.","El Ministerio de Hacienda y Administraciones Públicas, a propuesta del Director General de la Policía.","El Director General de la Policía, a través del Delegado bajo la autoridad del Secretario y Ministerio de Interior.",,B,verificada,oficial,oficial,examen_oficial,False,,"Examen oficial PN Escala Básica 39a promoción (2022), pregunta 2. T8 - Régimen de Personal PN: compatibilidad","Procedencia: examen oficial PN 39a promoción (2022), pregunta 2. [Verificación profunda 39a promoción: revisada una a una está sesión.]"
pn-of39-p03,37,ALTA,¿Cuál de las siguientes opciones es correcta?,"Lo planificamos a grosso modo, sin entrar en detalles.","Lo planificamos grosso modo, sin entrar en detalles.","Lo planificamos a groso modo, sin entrar en detalles.",,B,verificada,oficial,oficial,examen_oficial,False,,"Examen oficial PN Escala Básica 39a promoción (2022), pregunta 3. T37 - Ortografia/locuciones latinas","Procedencia: examen oficial PN 39a promoción (2022), pregunta 3. [Verificación profunda 39a promoción: revisada una a una está sesión.]"
pn-of39-p04,36,ALTA,Señale el pretérito perfecto de subjuntivo del verbo “investigar”:,Hubiera o hubiese investigado.,Hubiere investigado.,Haya investigado.,,C,verificada,oficial,oficial,examen_oficial,False,,"Examen oficial PN Escala Básica 39a promoción (2022), pregunta 4. T36 - Gramatica: conjugación verbal","Procedencia: examen oficial PN 39a promoción (2022), pregunta 4. [Verificación profunda 39a promoción: revisada una a una está sesión.]"
pn-of39-p05,15,ALTA,El proceso de identificación de una infraestructura como crítica se realizará:,Por el Centro Nacional para la Protección de las infraestructuras Críticas. (CNPIC),Por el Órgano Nacional de Control de Infraestructuras Críticas. (ONCIC),Por el Centro Español de Seguridad de Infraestructuras Críticas. (CESIC),,A,verificada,oficial,oficial,examen_oficial,False,,"Examen oficial PN Escala Básica 39a promoción (2022), pregunta 5. T15 - Infraestructuras criticas: CNPIC","Procedencia: examen oficial PN 39a promoción (2022), pregunta 5. [Verificación profunda 39a promoción: revisada una a una está sesión.]"
pn-of39-p06,27,ALTA,Según la Declaración Universal de Derechos Humanos. ¿Cuál es el elemento natural y fundamental de la sociedad?,La familia.,La libertad.,El matrimonio. ,,A,verificada,oficial,oficial,examen_oficial,False,,"Examen oficial PN Escala Básica 39a promoción (2022), pregunta 6. T27 - DDHH: DUDH","Procedencia: examen oficial PN 39a promoción (2022), pregunta 6. [Verificación profunda 39a promoción: revisada una a una está sesión.]"
pn-of39-p07,4,ALTA,¿Cuál es el lema de la Unión Europea?,"Fraternidad sin absorción, unión sin fusión.",La unión hace la fuerza.,Unida en la diversidad.,,C,verificada,oficial,oficial,examen_oficial,False,,"Examen oficial PN Escala Básica 39a promoción (2022), pregunta 7. T4 - UE: simbolos","Procedencia: examen oficial PN 39a promoción (2022), pregunta 7. [Verificación profunda 39a promoción: revisada una a una está sesión.]"
pn-of39-p08,38,ALTA,Para encriptar la información de nuestro disco duro podemos hacer uso de las siguientes herramientas:,"LUKS, BITLOCKER, FILEVAULT.","VERACRYPT, BITLOCKER, iVAULT2.","TRUECRYPT, VERACRYPT, iVAULT2.",,A,verificada,oficial,oficial,examen_oficial,False,,"Examen oficial PN Escala Básica 39a promoción (2022), pregunta 8. T38 - Sistemas operativos: cifrado de disco","Procedencia: examen oficial PN 39a promoción (2022), pregunta 8. Obs.mapa: Roza T41 (seguridad) [Verificación profunda 39a promoción: revisada una a una está sesión.]"
pn-of39-p09,8,ALTA,"Manolo, Policía Nacional que en el año 2019 fue condecorado con la encomienda a la dedicación al servicio policial, ¿a cuántos días de vacaciones anuales tiene derecho actualmente?",Veinticuatro días hábiles.,Veinticinco días hábiles.,Veintiséis días hábiles.,,C,verificada,oficial,oficial,examen_oficial,False,,"Examen oficial PN Escala Básica 39a promoción (2022), pregunta 9. T8 - PN: vacaciones (con condecoración)","Procedencia: examen oficial PN 39a promoción (2022), pregunta 9. [Verificación profunda 39a promoción: revisada una a una está sesión.]"
pn-of39-p10,41,ALTA,Un BOT es un software malicioso que puede ser utilizado para:,Enviar información robada.,Infectar otros equipos de la red.,"Ambas, y además para enviar correo SPAM.",,C,verificada,oficial,oficial,examen_oficial,False,,"Examen oficial PN Escala Básica 39a promoción (2022), pregunta 10. T41 - Ciberdelincuencia: malware (bot)","Procedencia: examen oficial PN 39a promoción (2022), pregunta 10. [Verificación profunda 39a promoción: revisada una a una está sesión.]"
pn-of39-p11,36,ALTA,¿Cuál de las siguientes opciones es correcta?,Cuando vi a Marta la conminé a cejar en su actitud.,Cuando vi a Marta le conminé a cejar en su actitud.,Las dos frases anteriores son correctas.,,A,verificada,oficial,oficial,examen_oficial,False,,"Examen oficial PN Escala Básica 39a promoción (2022), pregunta 11. T36 - Gramatica: leismo/laismo","Procedencia: examen oficial PN 39a promoción (2022), pregunta 11. [Verificación profunda 39a promoción: revisada una a una está sesión.]"
pn-of39-p12,22,ALTA,"Durante el transcurso de una investigación penal, ¿puede estar presente acompañando a la víctima en un acto de declaración en sede policial un familiar suyo?","Sí, no se le puede cercenar su derecho a ser acompañada por su representante procesal, legal y persona de su elección.","No, tan solo tiene derecho a la presencia de su representante legal.","Sí, salvo que de forma motivada se decida lo contrario por la autoridad o el funcionario competente.",,C,verificada,oficial,oficial,examen_oficial,False,,"Examen oficial PN Escala Básica 39a promoción (2022), pregunta 12. T22 - Estatuto de la victima: acompanamiento","Procedencia: examen oficial PN 39a promoción (2022), pregunta 12. [Verificación profunda 39a promoción: revisada una a una está sesión.]"
pn-of39-p13,12,ALTA,"Según el R.D 1325/2003, de 24 de octubre:” los nacionales de un tercer país no miembro de la Unión Europea o apátridas que hayan debido abandonar su país o región de origen, o que hayan sido evacuados”, se corresponde con la definición de:",Desplazados.,Apátridas.,Refugiados.,,A,verificada,oficial,oficial,examen_oficial,False,,"Examen oficial PN Escala Básica 39a promoción (2022), pregunta 13. T12 - Protección internacional (RD 1325/2003): desplazados","Procedencia: examen oficial PN 39a promoción (2022), pregunta 13. [Verificación profunda 39a promoción: revisada una a una está sesión.]"
pn-of39-p14,23,ALTA,"María es víctima de violencia de género, tiene especial dificultad para obtener un empleo, pudiéndolo acreditar a través de Informe del Servicio Público de Empleo, además dos hijos menores a su cargo ¿De cuánto será la ayuda económica que reciba si le corresponde?",Dieciocho meses de subsidio por desempleo.,Doce meses de subsidio por desempleo.,Veinticuatro meses de subsidio por desempleo. ,,A,verificada,oficial,oficial,examen_oficial,False,,"Examen oficial PN Escala Básica 39a promoción (2022), pregunta 14. T23 - Violencia de genero (LO 1/2004): ayuda económica","Procedencia: examen oficial PN 39a promoción (2022), pregunta 14. [Verificación profunda 39a promoción: revisada una a una está sesión.]"
pn-of39-p15,30,ALTA,Podemos definir el “hate speech” como:,"Toda forma de expresión verbal que difunda, incite, promueva o justifique el odio racial, la xenofobia, el antisemitismo u otras formas de odio basadas en la intolerancia.","Toda forma de expresión escrita que difunda, incite, promueva o justifique el odio racial, la xenofobia, el antisemitismo u otras formas de odio basadas en la intolerancia.","Toda forma de expresión que difunda, incite, promueva o justifique el odio racial, la xenofobia, el antisemitismo u otras formas de odio basadas en la intolerancia.",,C,verificada,oficial,oficial,examen_oficial,False,,"Examen oficial PN Escala Básica 39a promoción (2022), pregunta 15. T30 - Delitos de odio: 'hate speech'","Procedencia: examen oficial PN 39a promoción (2022), pregunta 15. [Verificación profunda 39a promoción: revisada una a una está sesión.]"
pn-of39-p16,9,ALTA,La Seguridad Pública es competencia exclusiva:,Del Gobierno de la Nación.,Del Estado.,Del Rey.,,B,verificada,oficial,BOE,examen_oficial,False,,CE art. 149.1.29 (seguridad pública = exclusiva del Estado),"Procedencia: examen oficial PN 39a promoción (2022), pregunta 16. Obs.mapa: CE art.149.1.29; roza T2/T3 (distribución competencial) [Verificación profunda 39a promoción: revisada una a una está sesión.]"
pn-of39-p17,3,ALTA,"De acuerdo con el artículo 150 de la Constitución, el Estado podrá dictar leyes que establezcan los principios necesarios para armonizar las disposiciones normativas de las Comunidades Autónomas, aun en el caso de materias atribuidas a la competencia de estas, cuando así lo exija el interés general. ¿A quién corresponde la apreciación de esta necesidad?","Al Congreso de los Diputados, por mayoría absoluta.","A las Cortes Generales, por mayoría absoluta de cada cámara.","Al Estado, mediante ley orgánica.",,B,verificada,oficial,BOE,examen_oficial,False,,CE art. 150.3 (armonización: mayoría absoluta de cada Cámara),"Procedencia: examen oficial PN 39a promoción (2022), pregunta 17. [Verificación profunda 39a promoción: revisada una a una está sesión.]"
pn-of39-p18,37,ALTA,Indique la opción correcta:,Idiosincracia.,Vicisitud.,Beneficiencia.,,B,verificada,oficial,oficial,examen_oficial,False,,"Examen oficial PN Escala Básica 39a promoción (2022), pregunta 18. T37 - Ortografia","Procedencia: examen oficial PN 39a promoción (2022), pregunta 18. [Verificación profunda 39a promoción: revisada una a una está sesión.]"
pn-of39-p19,10,ALTA,"Una mujer extranjera víctima de violencia de género, que se encuentra en situación irregular, por infracción del artículo 53. 1. a) de la L.O. 4/2000 sobre derechos y libertades de los extranjeros y su integración social. ¿Cuándo podrá solicitar una autorización de residencia y trabajo por circunstancias excepcionales?",Cuando se hubiera solicitado una orden de protección a su favor.,Cuando se hubiese dictado una orden de protección a su favor.,Cuando el procedimiento penal concluyera con una sentencia condenatoria.,,B,verificada,oficial,oficial,examen_oficial,False,,"Examen oficial PN Escala Básica 39a promoción (2022), pregunta 19. T10 - Extranjería: autorización por circunstancias excepcionales (VG)","Procedencia: examen oficial PN 39a promoción (2022), pregunta 19. Obs.mapa: Roza T23 (VG) [Verificación profunda 39a promoción: revisada una a una está sesión.]"
pn-of39-p20,11,ALTA,"En el caso de que se detectase, dentro de territorio español, a un extranjero que haya contravenido una prohibición de entrada en vigor (señale la respuesta correcta):",Será preciso expediente de expulsión para poder proceder nuevamente a su expulsión.,"Se solicitará, a la autoridad judicial, la medida de internamiento para aquellos casos en los que la devolución no pudiera ejecutarse en el plazo de 72 horas.",La devolución será acordada por la autoridad judicial competente para la expulsión.,,B,verificada,oficial,oficial,examen_oficial,False,,"Examen oficial PN Escala Básica 39a promoción (2022), pregunta 20. T11 - Extranjería: devolución","Procedencia: examen oficial PN 39a promoción (2022), pregunta 20. [Verificación profunda 39a promoción: revisada una a una está sesión.]"
pn-of39-p21,26,ALTA,"Con carácter general, cuál es el plazo máximo para la supresión de los datos personales tratados para fines de prevención, detección, investigación y enjuiciamiento de infracciones penales y de ejecución de sanciones penales:",15 años.,20 años.,25 años. ,,B,verificada,oficial,oficial,examen_oficial,False,,"Examen oficial PN Escala Básica 39a promoción (2022), pregunta 21. T26 - Protección de datos (LO 7/2021): supresión","Procedencia: examen oficial PN 39a promoción (2022), pregunta 21. plazo de supresión (LO 7/2021, 20 años): no localizado verbatim en BOE-600. [Verificación profunda 39a promoción: revisada una a una está sesión.]"
pn-of39-p22,15,ALTA,"La sociedad dependiente del Ministerio de Asuntos Económicos y Transformación Digital a través de la Secretaría de Estado de Digitalización e Inteligencia Artificial y consolidada como entidad de referencia para el desarrollo de la ciberseguridad y de la confianza digital de ciudadanos, red académica y de investigación, profesionales, empresas y especialmente para sectores estratégicos, se conoce como: ¡Cuidado! Esta pregunta en su redacción original está actualmente derogada.",S3RC0N1.,INCIBE.,INTECO.,,B,borrador,oficial,oficial,examen_oficial,False,,"Examen oficial PN Escala Básica 39a promoción (2022), pregunta 22. T15 - Ciberseguridad: INCIBE","Examen oficial. DEROGADA - NO PUBLICAR (redaccion basada en estructura/denominacion derogada). Procedencia: examen oficial PN 39a promoción (2022), pregunta 22. MAPA vigencia=derogada. Obs.mapa: PREGUNTA con redacci"
pn-of39-p23,17,ALTA,"Manolo, policía nacional, detiene al secuestrador de una menor que no han localizado, con el fin de obtener su localización somete al detenido a graves sufrimientos físicos y mentales, pero a pesar de ello no localizan a la menor:",Manolo comete un delito de torturas consumado.,Manolo comete un delito de torturas en grado de tentativa al no conseguir su objetivo.,Manolo comete un delito de trato degradante del art 176 del código penal.,,A,verificada,oficial,oficial,examen_oficial,False,,"Examen oficial PN Escala Básica 39a promoción (2022), pregunta 23. T17 - DP especial: torturas","Procedencia: examen oficial PN 39a promoción (2022), pregunta 23. [Verificación profunda 39a promoción: revisada una a una está sesión.]"
pn-of39-p24,10,ALTA,"Abayomi (egipcio) que residía en Egipto a cargo de su sobrina María (española), deciden trasladarse a España para fijar su residencia. ¿Qué documentación necesitarían para entrar en territorio español?","El pasaporte o documento de identidad valido y en vigor, ya que Abayomi es familiar a cargo de un ciudadano de la Unión Europea.",María necesitaría el pasaporte o documento de identidad valido y en vigor y Abayomi el visado y la tarjeta de residencia de familiar de ciudadano de la Unión.,María necesitaría el pasaporte o documento de identidad valido y en vigor y Abayomi el pasaporte en vigor y el visado de entrada.,,C,verificada,oficial,oficial,examen_oficial,False,,"Examen oficial PN Escala Básica 39a promoción (2022), pregunta 24. T10 - Extranjería: entrada de familiares","Procedencia: examen oficial PN 39a promoción (2022), pregunta 24. [Verificación profunda 39a promoción: revisada una a una está sesión.]"
pn-of39-p25,17,ALTA,"¿Cuál es la novedad introducida en el Código Penal por la Ley Orgánica 8/2021, de 4 de junio, de protección integral a la infancia y la adolescencia frente a la violencia, en relación a los delitos de homicidio y asesinato?",Las personas condenadas por dichos delitos se les impondrá una medida de seguridad cuando la víctima sea una persona especialmente vulnerable por razón de su edad o discapacidad.,El reo puede ser castigado con pena de prisión permanente revisable cuando la víctima sea menor de dieciséis años o una persona especialmente vulnerable por razón de la edad.,"Si la víctima y el autor de los delitos mencionados tuvieran un hijo o hija en común, la autoridad judicial impondrá, respecto de este, pena de privación de la patria potestad.",,C,verificada,oficial,oficial,examen_oficial,False,,"Examen oficial PN Escala Básica 39a promoción (2022), pregunta 25. T17 - DP especial: homicidio/asesinato (LO 8/2021)","Procedencia: examen oficial PN 39a promoción (2022), pregunta 25. [Verificación profunda 39a promoción: revisada una a una está sesión.]"
pn-of39-p26,8,ALTA,"La divisa constituida por dos ramas de laurel nervadas y frutadas, unidas por sus troncos corresponde a:","A la Escala Superior, Ejecutiva y Subinspección.",A la Escala Ejecutiva (primera y segunda categoría) y Subinspección.,A la Escala Ejecutiva (segunda categoría) y Subinspección.,,C,verificada,oficial,oficial,examen_oficial,False,,"Examen oficial PN Escala Básica 39a promoción (2022), pregunta 26. T8 - PN: escalas y divisas","Procedencia: examen oficial PN 39a promoción (2022), pregunta 26. [Verificación profunda 39a promoción: revisada una a una está sesión.]"
pn-of39-p27,5,ALTA,Las deliberaciones del Consejo de Ministros serán:,Clasificadas.,Reservadas.,Secretas. ,,C,verificada,oficial,BOE,examen_oficial,False,,"Ley 50/1997, art. 5.3 (deliberaciones secretas)","Procedencia: examen oficial PN 39a promoción (2022), pregunta 27. [Verificación profunda 39a promoción: revisada una a una está sesión.]"
pn-of39-p28,14,ALTA,"Juan es identificado por una dotación de Policía Nacional por consumo de estupefacientes en vía pública, por tal motivo es requerido por los agentes para que facilite su filiación con el fin de poder realizar un acta de propuesta de sanción en aplicación de la Ley Orgánica 4/2015, pero Juan manifiesta datos falsos o inexactos a los actuantes para evitar su identificación. ¿Qué dos propuestas de sanción se deben proponer a Juan en aplicación de la Ley Orgánica 4/2015 de protección de la seguridad ciudadana?","Dos infracciones graves, artículo 36 apartados 16 y 6.","Dos infracciones muy graves, artículo 35 apartados 3 y 4.","Dos infracciones leves, artículo 37 apartados 17 y 4.",,A,verificada,oficial,BOE,examen_oficial,False,,"LO 4/2015, art. 36 (consumo de drogas en vía pública = grave)","Procedencia: examen oficial PN 39a promoción (2022), pregunta 28. [Verificación profunda 39a promoción: revisada una a una está sesión.]"
pn-of39-p29,36,ALTA,¿Cuál de las siguientes opciones es correcta?,Mi hermano es mayor que tú.,Mi hermano es más mayor que tú.,Las dos frases anteriores son correctas.,,A,verificada,oficial,oficial,examen_oficial,False,,"Examen oficial PN Escala Básica 39a promoción (2022), pregunta 29. T36 - Gramatica","Procedencia: examen oficial PN 39a promoción (2022), pregunta 29. [Verificación profunda 39a promoción: revisada una a una está sesión.]"
pn-of39-p30,14,ALTA,"Estando Usted prestando servicio, en un vehículo tipo Z de la Brigada Provincial de Seguridad Ciudadana, y debido a la imposibilidad de identificar a una persona en la vía pública, conforme a la Ley Orgánica 4/2015, y en cuanto a la duración de la diligencia de identificación se establece que, por norma general:",Será de 6 horas.,Será de al menos de 6 horas.,El tiempo estrictamente necesario.,,C,verificada,oficial,oficial,examen_oficial,False,,"Examen oficial PN Escala Básica 39a promoción (2022), pregunta 30. T14 - LO 4/2015 (art.16.2): duración de la identificación","Procedencia: examen oficial PN 39a promoción (2022), pregunta 30. [Verificación profunda 39a promoción: revisada una a una está sesión.]"
pn-of39-p31,22,ALTA,"Usted prestando servicio como funcionario en la Oficina de Denuncias y Atención al Ciudadano, es conocedor que una persona víctima de un delito, una vez interpuesta la denuncia. Tiene derecho a:",Que se le expida un certificado con un resumen de la denuncia.,Que se le facilite el documento original de la denuncia que interpone.,Que se le facilite copia de la denuncia debidamente certificada.,,C,verificada,oficial,oficial,examen_oficial,False,,"Examen oficial PN Escala Básica 39a promoción (2022), pregunta 31. T22 - Estatuto de la victima: derechos tras denunciar","Procedencia: examen oficial PN 39a promoción (2022), pregunta 31. [Verificación profunda 39a promoción: revisada una a una está sesión.]"
pn-of39-p32,21,ALTA,El agente de Policía está obligado a detener cuando se de alguna de las siguientes circunstancias:,Al que se fugare estando detenido o preso por causa pendiente.,A toda persona a la que se impute un hecho punible.,Al que no compareciera ante la autoridad judicial.,,A,verificada,oficial,oficial,examen_oficial,False,,"Examen oficial PN Escala Básica 39a promoción (2022), pregunta 32. T21 - Proc. penal: obligación de detener (LECrim)","Procedencia: examen oficial PN 39a promoción (2022), pregunta 32. [Verificación profunda 39a promoción: revisada una a una está sesión.]"
pn-of39-p33,34,ALTA,"La droga conocida como “droga de los pobres” que se obtiene mediante la mezcla de hachís y Rivotril (clonazepam), que produce efectos alucinógenos al ser mezclada con alcohol o pegamento es:",Karkubi.,Spice.,Flakka.,,A,verificada,oficial,oficial,examen_oficial,False,,"Examen oficial PN Escala Básica 39a promoción (2022), pregunta 33. T34 - Drogodependencias","Procedencia: examen oficial PN 39a promoción (2022), pregunta 33. [Verificación profunda 39a promoción: revisada una a una está sesión.]"
pn-of39-p34,24,ALTA,El concepto de salud según la OMS se engloba bajo los aspectos:,Mental y físico.,Ausencia de daño y enfermedad.,"Mental, físico y social. ",,C,verificada,oficial,oficial,examen_oficial,False,,"Examen oficial PN Escala Básica 39a promoción (2022), pregunta 34. T24 - Introducción a la PRL: concepto de salud (OMS)","Procedencia: examen oficial PN 39a promoción (2022), pregunta 34. [Verificación profunda 39a promoción: revisada una a una está sesión.]"
pn-of39-p35,10,ALTA,"En cuanto a la entrada en territorio nacional de una ciudadana de origen vietnamita, pareja de hecho de una ciudadana francesa, una vez que aquella se encuentra en posesión de su tarjeta de familiar de comunitario:","Quedará exenta de la necesidad de visado, pero no de la estampación de sello de entrada.","Quedará exenta de la necesidad de visado, así como de la estampación de sello de entrada.","Quedará exenta de la estampación de sello de entrada, pero no de la necesidad de visado.",,B,verificada,oficial,oficial,examen_oficial,False,,"Examen oficial PN Escala Básica 39a promoción (2022), pregunta 35. T10 - Extranjería: libre circulación (familiar de comunitario)","Procedencia: examen oficial PN 39a promoción (2022), pregunta 35. [Verificación profunda 39a promoción: revisada una a una está sesión.]"
pn-of39-p36,16,ALTA,La responsabilidad criminal se extingue:,Por el cumplimiento de la reparación del daño.,Por el indulto.,"Por la transformación, fusión, absorción o escisión de una persona jurídica.",,B,verificada,oficial,BOE,examen_oficial,False,,"Código Penal, art. 130 (extinción por indulto)","Procedencia: examen oficial PN 39a promoción (2022), pregunta 36. [Verificación profunda 39a promoción: revisada una a una está sesión.]"
pn-of39-p37,37,ALTA,Conforme a las reglas ortográficas:,"La palabra biceps es llana, por lo tanto, no lleva tilde o acento ortográfico al terminar en la letra s.","La palabra bíceps, es llana y lleva tilde o acento ortográfico porque la letra s final va precedida de otra consonante.",Se puede escribir indistintamente biceps o bíceps al tratarse de una palabra llana procedente de otra lengua.,,B,verificada,oficial,oficial,examen_oficial,False,,"Examen oficial PN Escala Básica 39a promoción (2022), pregunta 37. T37 - Ortografia: acentuación","Procedencia: examen oficial PN 39a promoción (2022), pregunta 37. [Verificación profunda 39a promoción: revisada una a una está sesión.]"
pn-of39-p38,42,ALTA,Para la tenencia de un arma de fuego reglamentaria durante un viaje por España de un titular con residencia en un país miembro de la Unión Europea solamente será permitida si el interesado ha obtenido una autorización de la Dirección General de la Guardia Civil y de la autoridad competente del Estado de residencia. Dichas autorizaciones se harán constar en la Tarjeta Europea de armas de fuego y concederán:,"Para uno o varios viajes, por un plazo máximo de tres meses.","Para uno o varios viajes, por un plazo máximo de seis meses.","Para uno o varios viajes, por un plazo máximo de doce meses.",,C,verificada,oficial,oficial,examen_oficial,False,,"Examen oficial PN Escala Básica 39a promoción (2022), pregunta 38. T42 - Armas: Tarjeta Europea de armas (viajes)","Procedencia: examen oficial PN 39a promoción (2022), pregunta 38. tenencia de arma en viaje (12 meses): reverificar Reglamento de Armas. [Verificación profunda 39a promoción: revisada una a una está sesión.]"
pn-of39-p39,21,ALTA,¿Quién es competente para conocer del procedimiento de habeas corpus solicitado por un menor de edad de entre 14 y 18 años detenido?,El Fiscal de Menores del lugar donde se halle detenido.,El Juez de Menores del lugar donde se halle detenido.,El Juez de Instrucción de guardia del lugar donde se halle detenido.,,C,verificada,oficial,oficial,examen_oficial,False,,"Examen oficial PN Escala Básica 39a promoción (2022), pregunta 39. T21 - Habeas corpus: menor de 14-18 años","Procedencia: examen oficial PN 39a promoción (2022), pregunta 39. [Verificación profunda 39a promoción: revisada una a una está sesión.]"
pn-of39-p40,32,ALTA,"¿Una tasa de crecimiento de población lenta o nula, de qué tipo de pirámides de edad es característica?",Pirámides estacionarias.,Pirámides expansivas.,Pirámides isométricas.,,A,verificada,oficial,oficial,examen_oficial,False,,"Examen oficial PN Escala Básica 39a promoción (2022), pregunta 40. T32 - Demografia: piramides de población","Procedencia: examen oficial PN 39a promoción (2022), pregunta 40. [Verificación profunda 39a promoción: revisada una a una está sesión.]"
pn-of39-p41,14,ALTA,"Señale la opción que considere incorrecta, si usted como policía lleva a cabo un registro corporal externo y superficial a una persona de distinto sexo:",Como norma general no puedo llevarlo a cabo.,"Se llevarán a cabo con una injerencia mínima, y se realizarán del modo que cause el menor perjuicio a la intimidad y dignidad de la persona afectada.",Los registros corporales externos y superficiales no podrán llevarse a cabo contra la voluntad del afectado. ,,C,verificada,oficial,oficial,examen_oficial,False,,"Examen oficial PN Escala Básica 39a promoción (2022), pregunta 41. T14 - LO 4/2015: registro corporal externo (incorrecta)","Procedencia: examen oficial PN 39a promoción (2022), pregunta 41. [Verificación profunda 39a promoción: revisada una a una está sesión.]"
pn-of39-p42,4,ALTA,¿Qué es CEPOL y qué funciones realiza?,Es una aplicación informática descentralizada que se utiliza para el intercambio de información urgente entre los países miembros firmantes.,Es una agencia de la Unión Europea que se dedica a desarrollar y coordinar formación dirigida a agentes con funciones policiales.,"Es un sistema informático que emite alertas y contiene información sobre personas u objetos específicos, e instrucciones para las autoridades sobre las medidas que han de adoptarse cuando se haya dado con dicha persona u objeto.",,B,verificada,oficial,oficial,examen_oficial,False,,"Examen oficial PN Escala Básica 39a promoción (2022), pregunta 42. T4 - UE: CEPOL","Procedencia: examen oficial PN 39a promoción (2022), pregunta 42. Obs.mapa: Roza T8 (formación DGP) [Verificación profunda 39a promoción: revisada una a una está sesión.]"
pn-of39-p43,17,ALTA,"Pepe le dice a Juan que, o le devuelve el dinero que le prestó hace más de dos meses, o le denunciará al ayuntamiento por realizar obras sin licencia en su casa, Pepe será responsable de:",Un delito de amenazas menos graves.,Un delito de chantaje.,No tendrá ninguna responsabilidad penal.,,C,verificada,oficial,oficial,examen_oficial,False,,"Examen oficial PN Escala Básica 39a promoción (2022), pregunta 43. T17 - DP especial: amenazas condicionales","Procedencia: examen oficial PN 39a promoción (2022), pregunta 43. Obs.mapa: Reverificar contra el CP (amenaza con mal no constitutivo de delito) verificar amenaza con mal no constitutivo de delito (CP art.171). [Verificación profunda 39a promoción: revisada una a una está sesión.]"
pn-of39-p44,30,ALTA,El Comité español de ACNUR entiende por racismo simbólico:,Es el tipo de racismo menos tolerante.,"Aboga por el derecho a ser iguales, pero con matices: el derecho a ser iguales existe, pero para ámbitos puntuales o ciertas situaciones.",Es un tipo de racismo sutil porque generalmente es empleado por personas que están abiertamente en contra del racismo y de los comportamientos racistas.,,B,verificada,oficial,oficial,examen_oficial,False,,"Examen oficial PN Escala Básica 39a promoción (2022), pregunta 44. T30 - Racismo (ACNUR): racismo simbolico","Procedencia: examen oficial PN 39a promoción (2022), pregunta 44. Obs.mapa: Tipologia ACNUR; reverificar definición reverificar definición ACNUR de racismo simbolico. [Verificación profunda 39a promoción: revisada una a una está sesión.]"
pn-of39-p45,16,ALTA,"Según nuestro Código Penal, la conspiración existe cuando se conciertan para la ejecución de un delito y resuelven ejecutarlo:",Más de dos personas.,Más de una persona.,Con una persona es suficiente.,,B,verificada,oficial,BOE,examen_oficial,False,,"Código Penal, art. 17 (conspiración: dos o más personas)","Procedencia: examen oficial PN 39a promoción (2022), pregunta 45. [Verificación profunda 39a promoción: revisada una a una está sesión.]"
pn-of39-p46,38,ALTA,Para cerrar una aplicación o ventana en Windows 10 y Mac por medio del teclado:,"En Mac pulse la combinación de teclas “Alt y F4”, mientras que en Windows, la combinación es ”Comando y Q”.","En Windows pulse la combinación de teclas “Alt y f4”, mientras que en Mac, la combinación es ”Comando y Q”.","En Windows pulse la combinación de teclas “Alt y F4”, mientras que en Mac, la combinación de teclas es “Alt y Q”.",,B,verificada,oficial,oficial,examen_oficial,False,,"Examen oficial PN Escala Básica 39a promoción (2022), pregunta 46. T38 - Sistemas operativos: atajos de teclado","Procedencia: examen oficial PN 39a promoción (2022), pregunta 46. [Verificación profunda 39a promoción: revisada una a una está sesión.]"
pn-of39-p47,22,ALTA,"Según se establece en el art. 2 del Estatuto de víctima del Delito, se entiende por víctima:",Al representante legal del fallecido como víctima directa del delito.,Tanto a la víctima directa del delito como a la víctima indirecta.,Toda persona física o jurídica que ha sufrido daños o perjuicios sobre su persona o patrimonio.,,B,verificada,oficial,BOE,examen_oficial,False,,"Ley 4/2015, art. 2 (victima directa e indirecta)","Procedencia: examen oficial PN 39a promoción (2022), pregunta 47. [Verificación profunda 39a promoción: revisada una a una está sesión.]"
pn-of39-p48,16,ALTA,¿Cuál de las siguientes penas podrá imponerse a un menor con arreglo a la Ley Orgánica de la Responsabilidad Penal del Menor?,"Internamiento terapéutico en régimen cerrado, semi-abierto o abierto.",Libertad vigilada o asistencia en un centro de día.,Ninguna de las penas que se proponen. ,,C,verificada,oficial,oficial,examen_oficial,False,,"Examen oficial PN Escala Básica 39a promoción (2022), pregunta 48. T16 - DP: menores (penas vs medidas, LO 5/2000)","Procedencia: examen oficial PN 39a promoción (2022), pregunta 48. Obs.mapa: [Plano2] Régimen del menor (LO 5/2000): T16 (penas vs medidas) [Verificación profunda 39a promoción: revisada una a una está sesión.]"
pn-of39-p49,18,ALTA,¿En qué acción de las descritas posteriormente estaríamos ante un delito de hurto consumado?,"A le ha alquilado un coche a B valorado en 2.000 euros, por un año. Pero después del primer mes A le quita el coche a B de la calle donde lo tenía aparcado sin decirle nada a B.","María se dedica a la limpieza de la casa de Lola dos días a la semana, pero es despedida. María como consecuencia de este despido y en venganza por el mismo, utiliza su llave de la casa y una noche entra y se lleva el dinero que María guardaba en una cómoda por importe de 1.000 Euros.","Pepe y José con la intención de sustraer unos pantalones, acuden a un centro comercial donde quitan las alarmas a diferentes prendas de vestir valoradas en 700 Euros. Cuando se disponen a salir el guardia de seguridad los detiene.",,A,verificada,oficial,oficial,examen_oficial,False,,"Examen oficial PN Escala Básica 39a promoción (2022), pregunta 49. T18 - DP patrimonio: hurto","Procedencia: examen oficial PN 39a promoción (2022), pregunta 49. [Verificación profunda 39a promoción: revisada una a una está sesión.]"
pn-of39-p50,25,ALTA,"Los daños no personales o materiales que sufre un Policía en el trayecto de su domicilio a su lugar de trabajo, tienen la consideración:",Daños producidos en acto de servicio.,Daños producidos in itinere.,El accidente in itinere sólo contempla lesiones corporales.,,C,verificada,oficial,oficial,examen_oficial,False,,"Examen oficial PN Escala Básica 39a promoción (2022), pregunta 50. T25 - PRL en el CNP: accidente in itinere","Procedencia: examen oficial PN 39a promoción (2022), pregunta 50. [Verificación profunda 39a promoción: revisada una a una está sesión.]"
pn-of39-p51,22,ALTA,"De acuerdo con el Estatuto de la víctima del delito, ¿qué plazo dispone la víctima para interponer recurso?",Cinco días contados desde la notificación.,Diez días contados desde la notificación.,Quince días desde la notificación.,,C,borrador,oficial,oficial,examen_oficial,False,,"Examen oficial PN Escala Básica 39a promoción (2022), pregunta 51. T22 - Estatuto de la victima: recurso","Examen oficial PN 39a (2022) p51. DEFECTUOSA - NO PUBLICAR. El plazo de la victima para recurrir el sobreseimiento es de VEINTE dias (art. 636 y 779.1.1a LECrim, redactados por la Ley 4/2015), que NO esta entre las opciones (5/10/15). La plantilla marca 15, erronea. Verificado 3x."
pn-of39-p52,23,ALTA,"Las situaciones de violencia de género que dan lugar al reconocimiento de los derechos regulados en el capítulo II de la L.O. de Medidas de Protección Integral contra la Violencia de Género, se acreditarán mediante, señale la INCORRECTA:",Una sentencia condenatoria por un delito de violencia de género.,Una orden de protección.,Una resolución administrativa que acuerde una medida cautelar a favor de la víctima.,,C,verificada,oficial,oficial,examen_oficial,False,,"Examen oficial PN Escala Básica 39a promoción (2022), pregunta 52. T23 - VG (LO 1/2004): acreditación (incorrecta)","Procedencia: examen oficial PN 39a promoción (2022), pregunta 52. [Verificación profunda 39a promoción: revisada una a una está sesión.]"
pn-of39-p53,27,ALTA,¿Quién tendrá las misiones de impulsar y coordinar las actuaciones en el ámbito de la Policía Nacional y la Guardia Civil para la visibilización y promoción del compromiso de las Fuerzas y Cuerpos de Seguridad del Estado en el respeto a los Derechos Humanos?,El Defensor del Pueblo como Mecanismo Nacional de Prevención.,"El Subcomité para la Prevención de la tortura u otros tratos o penas crueles, inhumanos o degradantes.",La Oficina Nacional de Garantía de los Derechos Humanos.,,C,verificada,oficial,oficial,examen_oficial,False,,"Examen oficial PN Escala Básica 39a promoción (2022), pregunta 53. T27 - DDHH: órgano de garantia en las FCS","Procedencia: examen oficial PN 39a promoción (2022), pregunta 53. Obs.mapa: Roza T7 (estructura del MIR); verificar el órgano verificar órgano (Mecanismo Nacional de Prevención/Defensor del Pueblo). [Verificación profunda 39a promoción: revisada una a una está sesión.]"
pn-of39-p54,25,ALTA,"En el RD 2/2006, por el que se establecen normas de prevención de riesgos laborales en la actividad de los funcionarios del Cuerpo Nacional de Policía, se regula la figura de los Delegados de Prevención, los cuales serán designados:",Por las organizaciones sindicales con representación en el Consejo de Policía.,Por la Unidad de Prevención de Riesgos Laborales y Acción Social perteneciente a la Subdirección General de Recursos Humanos y Formación.,Por la Comisión de Seguridad y Salud laboral policial.,,A,verificada,oficial,oficial,examen_oficial,False,,"Examen oficial PN Escala Básica 39a promoción (2022), pregunta 54. T25 - PRL en el CNP (RD 2/2006): Delegados de Prevención","Procedencia: examen oficial PN 39a promoción (2022), pregunta 54. [Verificación profunda 39a promoción: revisada una a una está sesión.]"
pn-of39-p55,1,ALTA,"Entre la normativa que regula la adquisición de la nacionalidad española, se encuentra:","Constitución española, Código Civil y Ley de Memoria Democrática.","Constitución española, Código Penal y Ley de Extranjería.","Constitución española, Código Civil y Ley Orgánica del Registro Civil. ",,A,verificada,oficial,oficial,examen_oficial,False,,"Examen oficial PN Escala Básica 39a promoción (2022), pregunta 55. T1 - Nacionalidad: normativa aplicable","Procedencia: examen oficial PN 39a promoción (2022), pregunta 55. [Verificación profunda 39a promoción: revisada una a una está sesión.]"
pn-of39-p56,43,ALTA,"Los conductores de vehículos prioritarios cuando circulen por autopista o autovía en servicio urgente y no comprometan la seguridad de ningún usuario, podrán con carácter excepcional:","Circular en sentido contrario al correspondiente a la calzada, siempre que lo hagan por el carril izquierdo.","Circular en sentido contrario al correspondiente a la calzada, siempre que lo hagan por el carril derecho.",Dar media vuelta o marcha atrás.,,C,verificada,oficial,oficial,examen_oficial,False,,"Examen oficial PN Escala Básica 39a promoción (2022), pregunta 56. T43 - Vehículo prioritario: facultades excepcionales","Procedencia: examen oficial PN 39a promoción (2022), pregunta 56. [Verificación profunda 39a promoción: revisada una a una está sesión.]"
pn-of39-p57,18,ALTA,"Manolo haciéndose pasar por revisor del gas consigue entrar en el domicilio de Pedro, le golpea y lo ata en una silla. Una vez que encuentra el dinero y las joyas Manolo deja a Pedro atado a una silla dos días hasta que lo encuentra una de sus hijas. ¿Qué delito cometería Manolo?",Robo con intimidación.,Robo con intimidación y secuestro.,"Robo con intimidación, secuestro y allanamiento de morada.",,A,verificada,oficial,oficial,examen_oficial,False,,"Examen oficial PN Escala Básica 39a promoción (2022), pregunta 57. T18 - DP patrimonio: robo con intimidación","Procedencia: examen oficial PN 39a promoción (2022), pregunta 57. Obs.mapa: Plantilla marca solo robo con intimidación; reverificar posible detención ilegal (roza T17) reverificar posible detención ilegal además del robo con intimidación. [Verificación profunda 39a promoción: revisada una a una está sesión.]"
pn-of39-p58,41,ALTA,¿Cómo se denomina al ataque informático que consiste en la infiltración de código malicioso que aprovecha errores y vulnerabilidades en una página web?,Inyección SQL.,Ransomware.,Spear Phishing.,,A,verificada,oficial,oficial,examen_oficial,False,,"Examen oficial PN Escala Básica 39a promoción (2022), pregunta 58. T41 - Ciberdelincuencia: inyección SQL","Procedencia: examen oficial PN 39a promoción (2022), pregunta 58. [Verificación profunda 39a promoción: revisada una a una está sesión.]"
pn-of39-p59,11,ALTA,"El ejercicio de la potestad sancionadora por la comisión de las infracciones administrativas previstas en la Ley Orgánica 4/2000, de 11 de enero, se tramitará por los procedimientos:","Ordinario, preferente y simplificado.","Preferente, excluyente y simplificado.",Ninguna es correcta.,,A,verificada,oficial,oficial,examen_oficial,False,,"Examen oficial PN Escala Básica 39a promoción (2022), pregunta 59. T11 - Extranjería (LO 4/2000): procedimiento sancionador","Procedencia: examen oficial PN 39a promoción (2022), pregunta 59. [Verificación profunda 39a promoción: revisada una a una está sesión.]"
pn-of39-p60,41,ALTA,"Cuando una persona estrechamente vinculada a una organización y que goza de acceso autorizado abusa de sus privilegios de acceso para afectar negativamente a la información o sistemas claves de la empresa, es lo que se denomina:",Hacktivistas.,Bussines Compromise.,Insider threat.,,C,verificada,oficial,oficial,examen_oficial,False,,"Examen oficial PN Escala Básica 39a promoción (2022), pregunta 60. T41 - Ciberdelincuencia: agentes de amenaza","Procedencia: examen oficial PN 39a promoción (2022), pregunta 60. [Verificación profunda 39a promoción: revisada una a una está sesión.]"
pn-of39-p61,2,ALTA,¿Cuál es el plazo máximo establecido para presentar una queja ante el Defensor del Pueblo?,Seis meses desde que se tuviera conocimiento.,Un año desde que se tuviera conocimiento.,Dos años desde que se tuviera conocimiento.,,B,verificada,oficial,oficial,examen_oficial,False,,"Examen oficial PN Escala Básica 39a promoción (2022), pregunta 61. T2 - CE: Defensor del Pueblo (quejas)","Procedencia: examen oficial PN 39a promoción (2022), pregunta 61. [Verificación profunda 39a promoción: revisada una a una está sesión.]"
pn-of39-p62,13,ALTA,Los despachos de detectives privados y sus sucursales deberán cumplir las siguientes obligaciones generales:,"Llevar un libro-registro, con formato propio, en el que se anotará cada servicio de investigación contratado o subcontratado.",Facilitar de forma inmediata a la autoridad judicial o a las Fuerzas y Cuerpos de Seguridad competentes las informaciones sobre hechos delictivos de que tuvieren conocimiento en relación con su trabajo o con las investigaciones que éstos estén llevando a cabo.,"Comunicar a la Dirección General de la Policía o, en su caso, al órgano autonómico competente todo cambio que afecte a su forma jurídica, denominación, composición, domicilio y sucursales en la forma que reglamentariamente se determine. ",,B,verificada,oficial,oficial,examen_oficial,False,,"Examen oficial PN Escala Básica 39a promoción (2022), pregunta 62. T13 - Seguridad privada: detectives (obligaciones)","Procedencia: examen oficial PN 39a promoción (2022), pregunta 62. [Verificación profunda 39a promoción: revisada una a una está sesión.]"
pn-of39-p63,6,ALTA,El plazo para resolver una petición de rehabilitación de la condición de funcionario es:,3 meses.,4 meses.,6 meses.,,C,verificada,oficial,oficial,examen_oficial,False,,"Examen oficial PN Escala Básica 39a promoción (2022), pregunta 63. T6 - Funcionarios: rehabilitación","Procedencia: examen oficial PN 39a promoción (2022), pregunta 63. [Verificación profunda 39a promoción: revisada una a una está sesión.]"
pn-of39-p64,39,ALTA,Una de las siguientes afirmaciones está relacionada con el término DNS:,Servicio o servidor que traduce nombres inteligibles en direcciones IP.,Consiste en un ataque de denegación de servicio.,Añade la capa de seguridad que evita ataques de denegación de servicio.,,A,verificada,oficial,oficial,examen_oficial,False,,"Examen oficial PN Escala Básica 39a promoción (2022), pregunta 64. T39 - Redes: DNS","Procedencia: examen oficial PN 39a promoción (2022), pregunta 64. [Verificación profunda 39a promoción: revisada una a una está sesión.]"
pn-of39-p65,12,ALTA,¿Qué son los CETI?,Son Centros de Estancia Temporal de Inmigrantes gestionados por el Ministerio del Interior.,Son Centros de Estancia Temporal de Inmigrantes gestionados por el Ministerio de Derechos Sociales y Agenda 2030.,"Son Centros de Estancia Temporal de Inmigrantes gestionados por el Ministerio de Inclusión, Seguridad Social y Migraciones.",,C,verificada,oficial,oficial,examen_oficial,False,,"Examen oficial PN Escala Básica 39a promoción (2022), pregunta 65. T12 - Protección internacional: CETI","Procedencia: examen oficial PN 39a promoción (2022), pregunta 65. Obs.mapa: Denominación ministerial sensible a reorganizaciones denominación ministerial de los CETI sensible a reorganizaciones. [Verificación profunda 39a promoción: revisada una a una está sesión.]"
pn-of39-p66,17,ALTA,"“A” invita a “B” a dar una paliza a un funcionario de policía que lo detuvo días atrás, aprovechando un momento que el agente estaba fuera de servicio. “A” responderá de:",Proposición al delito de lesiones.,Provocación a los delitos de atentado y lesiones.,Inducción al delito de atentado y lesiones.,,A,verificada,oficial,oficial,examen_oficial,False,,"Examen oficial PN Escala Básica 39a promoción (2022), pregunta 66. T17 - DP especial: actos preparatorios (lesiones)","Procedencia: examen oficial PN 39a promoción (2022), pregunta 66. Obs.mapa: Agente fuera de servicio (no atentado); reverificar proposición vs provocación agente fuera de servicio (no atentado); reverificar proposición vs provocación. [Verificación profunda 39a promoción: revisada una a una está sesión.]"
pn-of39-p67,3,ALTA,El título VIII de la Constitución Española:,"Recoge los principios de autonomía, de solidaridad e igualdad referentes a la organización territorial del estado.","Recoge los principios de autonomía, de solidaridad e igualdad referentes a la Economía y Hacienda, así como la centralización efectiva en diferentes entes administrativos.","Recoge los principios rectores relativos al Tribunal Constitucional, su composición, legitimación y competencias.",,A,verificada,oficial,oficial,examen_oficial,False,,"Examen oficial PN Escala Básica 39a promoción (2022), pregunta 67. T3 - CE: Título VIII (organización territorial)","Procedencia: examen oficial PN 39a promoción (2022), pregunta 67. [Verificación profunda 39a promoción: revisada una a una está sesión.]"
pn-of39-p68,28,ALTA,¿Cuál de las siguientes obras puede considerarse como un símbolo de los movimientos antiglobalización?,"La tierra es plana, de Thomas Friedman.","No logo: el poder de las marcas, de Naomi Klein.","El proteccionismo, de Jagdish Bhagwati.",,B,verificada,oficial,oficial,examen_oficial,False,,"Examen oficial PN Escala Básica 39a promoción (2022), pregunta 68. T28 - Antiglobalización: obra símbolo","Procedencia: examen oficial PN 39a promoción (2022), pregunta 68. [Verificación profunda 39a promoción: revisada una a una está sesión.]"
pn-of39-p69,14,ALTA,"NO es un fin propio de la LO 4/2015, de 30 de marzo, de protección de la seguridad ciudadana:","Contribuir a garantizar la seguridad pública, a prevenir infracciones y a aportar información a los procedimientos relacionados con sus actuaciones e investigaciones.","La protección de las personas y los bienes, con especial atención a los menores y a las personas con discapacidad necesitadas de especial protección.",La prevención de la comisión de delitos e infracciones administrativas directamente relacionadas. ,,A,verificada,oficial,oficial,examen_oficial,False,,"Examen oficial PN Escala Básica 39a promoción (2022), pregunta 69. T14 - LO 4/2015: fines (NO propio)","Procedencia: examen oficial PN 39a promoción (2022), pregunta 69. [Verificación profunda 39a promoción: revisada una a una está sesión.]"
pn-of39-p70,43,ALTA,"¿Qué tipo de señal en los vehículos policiales, consiste en la rotulación de los costados de los vehículos y añade la denominación y la imagen corporativa del cuerpo al que pertenece?",V-3.,V-1.,V-4.,,A,verificada,oficial,oficial,examen_oficial,False,,"Examen oficial PN Escala Básica 39a promoción (2022), pregunta 70. T43 - Vehículos policiales: señales (rotulación)","Procedencia: examen oficial PN 39a promoción (2022), pregunta 70. [Verificación profunda 39a promoción: revisada una a una está sesión.]"
pn-of39-p71,18,ALTA,"Antonio sustrae un vehículo, fracturando la cerradura, una vez transcurridas 74 horas devuelve el coche al lugar de donde se lo llevó. Según el Código Penal, ¿qué delito ha cometido Antonio?",Robo con fuerza.,Hurto.,Robo y hurto uso de vehículo.,,B,verificada,oficial,web,examen_oficial,False,,CP art. 244.2 y 244.3 (robo/hurto de uso de vehículo; restitucion >48h se castiga como hurto o robo; doctrina vis in re),"Examen oficial PN 39a (2022) p71. Correcta B (Hurto), CONFIRMADA: fracturar la cerradura del propio vehiculo es fuerza sobre la cosa misma (vis in re), valida para robo de uso pero NO para robo con fuerza; con restitucion >48h (74h) el art. 244.3 CP lo castiga como hurto, no como robo con fuerza. Verificado 3x contra art. 244 CP y doctrina (fuente policial h50)."
pn-of39-p72,17,ALTA,"¿Cuál es el bien jurídico protegido en el delito de detención ilegal, según la jurisprudencia del Tribunal Supremo?",La libertad de deambulación.,La intimidad personal.,La integridad moral.,,A,verificada,oficial,oficial,examen_oficial,False,,"Examen oficial PN Escala Básica 39a promoción (2022), pregunta 72. T17 - DP especial: detención ilegal (bien jurídico)","Procedencia: examen oficial PN 39a promoción (2022), pregunta 72. [Verificación profunda 39a promoción: revisada una a una está sesión.]"
pn-of39-p73,43,ALTA,"La señal luminosa de vehículo prioritario V-1, en una motocicleta, ¿dónde irá situada?","Incrustada en la parte delantera, pudiendo sobresalir del carenado un máximo de 2 centímetros.","En la parte delantera del plano superior del vehículo, por encima de la luz más alta.","En la parte trasera, sobre un cabezal telescópico que permita elevarlo por encima de la parte más alta de ésta.",,C,verificada,oficial,oficial,examen_oficial,False,,"Examen oficial PN Escala Básica 39a promoción (2022), pregunta 73. T43 - Vehículos prioritarios: señal V-1 (motocicleta)","Procedencia: examen oficial PN 39a promoción (2022), pregunta 73. [Verificación profunda 39a promoción: revisada una a una está sesión.]"
pn-of39-p74,20,ALTA,"El artículo 197.2 de la Ley Orgánica 10/1995, de 23 de noviembre, del Código Penal, penaliza el apoderamiento, utilización o modificación, en perjuicio de tercero, de datos reservados de carácter personal o familiar que se hallen registrados en ficheros o soportes informáticos, si bien, ¿cuáles de los siguientes entrarían dentro de la categoría de datos de carácter personal?",La numeración de la matrícula de un vehículo.,El seudónimo de una persona por el que habitualmente sea conocido.,Ambas son correctas.,,C,verificada,oficial,oficial,examen_oficial,False,,"Examen oficial PN Escala Básica 39a promoción (2022), pregunta 74. T20 - Intimidad (CP art.197.2): datos personales","Procedencia: examen oficial PN 39a promoción (2022), pregunta 74. [Verificación profunda 39a promoción: revisada una a una está sesión.]"
pn-of39-p75,42,ALTA,¿Qué se entiende por cartuchería?,"Todo tipo de cartuchos dotados de vaina con pistón, fuego anular y cargados de pólvora que llevan proyectiles incorporados.","Todo tipo de cartuchos dotados de vaina con pistón, fuego anular y cargados de pólvora, lleven o no proyectiles incorporados.","El tipo de cartuchos dotados de vaina con pistón de fuego anular, lleven o no proyectiles incorporados.",,B,verificada,oficial,oficial,examen_oficial,False,,"Examen oficial PN Escala Básica 39a promoción (2022), pregunta 75. T42 - Armas: cartucheria","Procedencia: examen oficial PN 39a promoción (2022), pregunta 75. [Verificación profunda 39a promoción: revisada una a una está sesión.]"
pn-of39-p76,8,ALTA,"Según la LO 4/2010 de Régimen Disciplinario de la Policía Nacional, será competente para la incoación de un procedimiento por falta leve:","El Comisario, Jefe de la Comisaría de Distrito de Fuencarral- El Pardo.",El Jefe de la División de Formación y Perfeccionamiento.,Ambos tienen capacidad para la incoación del procedimiento por falta leve. ,,B,verificada,oficial,oficial,examen_oficial,False,,"Examen oficial PN Escala Básica 39a promoción (2022), pregunta 76. T8 - Régimen disciplinario PN (LO 4/2010): incoación falta leve","Procedencia: examen oficial PN 39a promoción (2022), pregunta 76. [Verificación profunda 39a promoción: revisada una a una está sesión.]"
pn-of39-p77,17,ALTA,¿En qué acción se puede determinar la existencia de un Homicidio del art 138 del código penal?,Cuando A tortura a B para obtener información acerca de su número secreto de su tarjeta de crédito para robarle y a causa de la tortura A muere.,"A quiere robar a B, por lo que le propina varias patadas en la zona abdominal para robarle la cartera, dado que B padecía problemas médicos graves estos se le complican y fallece a los dos meses de la agresión.","Al salir de una discoteca A que se encuentra en importante estado de intoxicación aborda a B y la intenta besar a la fuerza, B consigue zafarse y cuando A se está yendo del lugar, B coge una piedra del suelo y golpea a A en la cabeza causándole la muerte.",,C,verificada,oficial,oficial,examen_oficial,False,,"Examen oficial PN Escala Básica 39a promoción (2022), pregunta 77. T17 - DP especial: homicidio (art.138)","Procedencia: examen oficial PN 39a promoción (2022), pregunta 77. [Verificación profunda 39a promoción: revisada una a una está sesión.]"
pn-of39-p78,19,ALTA,"En el desarrollo de una entrada y registro en domicilio, autorizado por la Autoridad Judicial, a Enrique se le interviene una escopeta de caza, cuyos cañones estaban recortados. Enrique podría ser autor de:",Un delito de tenencia de armas prohibidas del art. 563 del CP.,"Un delito de tenencia de armas de fuego reglamentadas, sin licencia o permiso, del art. 564 del CP",Una infracción administrativa de la Ley Orgánica 4/2015.,,A,verificada,oficial,oficial,examen_oficial,False,,"Examen oficial PN Escala Básica 39a promoción (2022), pregunta 78. T19 - DP orden público: tenencia de armas prohibidas (CP art.563)","Procedencia: examen oficial PN 39a promoción (2022), pregunta 78. Obs.mapa: Roza T42 (Reglamento de Armas) [Verificación profunda 39a promoción: revisada una a una está sesión.]"
pn-of39-p79,8,ALTA,"Es responsable de la dirección, impulso y coordinación de las funciones policiales operativas, de acuerdo con las directrices emanadas de la persona titular de la Dirección General de la Policía:",Subdirección General de Logística e Innovación.,Dirección Adjunta Operativa.,Subdirección General de Recursos Humanos y Formación.,,B,verificada,oficial,oficial,examen_oficial,False,,"Examen oficial PN Escala Básica 39a promoción (2022), pregunta 79. T8 - DGP: Dirección Adjunta Operativa","Procedencia: examen oficial PN 39a promoción (2022), pregunta 79. [Verificación profunda 39a promoción: revisada una a una está sesión.]"
pn-of39-p80,45,ALTA,"Uno de los factores humanos más relevantes en la siniestralidad vial es el consumo de alcohol. A partir de qué tasa de alcohol no podrán circular por las vías objeto de la legislación sobre tráfico, circulación de vehículos a motor y seguridad vial, los conductores de vehículos ni los conductores de bicicletas:","No podrán hacerlo con tasa de alcohol en sangre superior a 1,2 gramos por litro, o de alcohol en aire espirado superior a 0,25 miligramos por litro, para todos los conductores.","Cuando se trate de servicio de urgencia o transportes especiales, los conductores no podrán hacerlo con una tasa de alcohol en sangre superior a 0,3 gramos por litro, o de alcohol en aire espirado superior a 0,15 miligramos por litro.",Ninguna de las anteriores.,,B,verificada,oficial,oficial,examen_oficial,False,,"Examen oficial PN Escala Básica 39a promoción (2022), pregunta 80. T45 - PRL en seguridad vial: factor humano (alcohol)","Procedencia: examen oficial PN 39a promoción (2022), pregunta 80. [Verificación profunda 39a promoción: revisada una a una está sesión.]"
pn-of39-p81,1,ALTA,"Noor, de nacionalidad pakistaní, es adoptada por una familia española de Cuenca a la edad de 19 años. ¿Desde qué momento adquiere o podrá optar por la nacionalidad española de origen?",Deberá inscribir un título en el Registro Civil para poder consolidarla a los diez años.,Podrá optar a ella en el plazo de dos años a partir de la constitución de la adopción.,La adquiere desde la adopción.,,B,verificada,oficial,oficial,examen_oficial,False,,"Examen oficial PN Escala Básica 39a promoción (2022), pregunta 81. T1 - Nacionalidad: adopción de mayor de edad (CC art.19.2)","Procedencia: examen oficial PN 39a promoción (2022), pregunta 81. [Verificación profunda 39a promoción: revisada una a una está sesión.]"
pn-of39-p82,26,ALTA,"El tratamiento de los datos personales de un menor de edad, conforme al art. 7 de la Ley Orgánica 3/2018, de 5 de diciembre, únicamente podrá fundarse en su consentimiento:",Cuando sea mayor de catorce años.,Únicamente cuando sea mayor de dieciséis años.,Un menor de edad no puede dar su consentimiento. ,,A,verificada,oficial,BOE,examen_oficial,False,,"LO 3/2018, art. 7 (mayor de catorce años)","Procedencia: examen oficial PN 39a promoción (2022), pregunta 82. [Verificación profunda 39a promoción: revisada una a una está sesión.]"
pn-of39-p83,25,ALTA,"La ley 31/1995, de prevención de Riesgos Laborales, define el concepto “riesgo laboral” como:","Las enfermedades, patologías o lesiones sufridas con motivo u ocasión del trabajo.",La posibilidad de que un trabajador sufra un determinado daño derivado del trabajo.,Aquel que resulte probable racionalmente que se materialice en un futuro inmediato y pueda suponer un daño grave para la salud de los trabajadores.,,B,verificada,oficial,oficial,examen_oficial,False,,"Examen oficial PN Escala Básica 39a promoción (2022), pregunta 83. T25 - PRL (Ley 31/1995): concepto de riesgo laboral","Procedencia: examen oficial PN 39a promoción (2022), pregunta 83. Obs.mapa: Roza T24 (conceptos PRL) [Verificación profunda 39a promoción: revisada una a una está sesión.]"
pn-of39-p84,21,ALTA,¿Cuál es el órgano jurisdiccional competente para el enjuiciamiento de los delitos cometidos fuera del territorio nacional cuando la competencia pertenece a Tribunales españoles?,Audiencia Provincial del lugar de detención del responsable.,Tribunal Supremo.,Sala Penal de la Audiencia Nacional.,,C,verificada,oficial,BOE,examen_oficial,False,,LOPJ art. 65 (Audiencia Nacional),"Procedencia: examen oficial PN 39a promoción (2022), pregunta 84. [Verificación profunda 39a promoción: revisada una a una está sesión.]"
pn-of39-p85,8,ALTA,"Según la Ley Orgánica 9/2015, de 28 de julio, de Régimen de Personal de la Policía Nacional ¿Cuántos funcionarios son necesarios para que las organizaciones sindicales representativas tengan derecho a que se les facilite un local adecuado para el ejercicio de sus actividades?:",Más de 150 funcionarios.,Más de 250 funcionarios.,Más de 350 funcionarios.,,B,verificada,oficial,oficial,examen_oficial,False,,"Examen oficial PN Escala Básica 39a promoción (2022), pregunta 85. T8 - PN (LO 9/2015): derechos sindicales","Procedencia: examen oficial PN 39a promoción (2022), pregunta 85. reverificar umbral de funcionarios (LO 9/2015). [Verificación profunda 39a promoción: revisada una a una está sesión.]"
pn-of39-p86,40,ALTA,¿Cuál de las siguientes herramientas o servicios son utilizados para la implementación de un sistema OSINT?.,"Google, Bing, Yahoo, Ask",Maltego.,a y b son correctas.,,C,verificada,oficial,oficial,examen_oficial,False,,"Examen oficial PN Escala Básica 39a promoción (2022), pregunta 86. T40 - OSINT: herramientas","Procedencia: examen oficial PN 39a promoción (2022), pregunta 86. [Verificación profunda 39a promoción: revisada una a una está sesión.]"
pn-of39-p87,34,ALTA,Indique la opción INCORRECTA en relación con la PCP:,"Se consume inhalada, fumada o por vía oral.","Su denominación es fenciclidina, aunque es conocida en la calle como “Lágrimas de ángel”.","Se presenta en forma de tabletas, cápsulas y polvos de colores.",,B,verificada,oficial,oficial,examen_oficial,False,,"Examen oficial PN Escala Básica 39a promoción (2022), pregunta 87. T34 - Drogodependencias: PCP (incorrecta)","Procedencia: examen oficial PN 39a promoción (2022), pregunta 87. [Verificación profunda 39a promoción: revisada una a una está sesión.]"
pn-of39-p88,19,ALTA,"Según el CP, ¿qué delito comete un individuo que agrede a un sanitario que se encuentra ejerciendo funciones propias de su cargo?",Delito de lesiones.,Delito de resistencia y desobediencia.,Delito de atentado.,,C,verificada,oficial,BOE,examen_oficial,False,,"Código Penal, art. 550 (atentado a personal sanitario)","Procedencia: examen oficial PN 39a promoción (2022), pregunta 88. [Verificación profunda 39a promoción: revisada una a una está sesión.]"
pn-of39-p89,8,ALTA,"Investigar y perseguir las conductas funcionariales constitutivas de infracciones penales y aquellas otras contrarias a la ética profesional de los miembros del Cuerpo Nacional de Policía, le corresponde a:",La Unidad de Asuntos Internos.,La Unidad de Régimen disciplinario.,La Unidad de Planificación de Recursos Humanos. ,,A,verificada,oficial,oficial,examen_oficial,False,,"Examen oficial PN Escala Básica 39a promoción (2022), pregunta 89. T8 - DGP: Unidad de Asuntos Internos","Procedencia: examen oficial PN 39a promoción (2022), pregunta 89. [Verificación profunda 39a promoción: revisada una a una está sesión.]"
pn-of39-p90,13,ALTA,"La función de ejercer la vigilancia y protección de bienes, establecimientos, lugares y eventos, tanto privados como públicos, así como la protección de las personas que puedan encontrarse en los mismos, llevando a cabo las comprobaciones, registros y prevenciones necesarias para el cumplimiento de su misión corresponde a:",Detectives privados.,Vigilantes de seguridad.,Escoltas privados.,,B,verificada,oficial,oficial,examen_oficial,False,,"Examen oficial PN Escala Básica 39a promoción (2022), pregunta 90. T13 - Seguridad privada: vigilantes de seguridad","Procedencia: examen oficial PN 39a promoción (2022), pregunta 90. [Verificación profunda 39a promoción: revisada una a una está sesión.]"
pn-of39-p91,42,ALTA,"Según el nuevo RD 726/2020, por el que se modifica el Reglamento de Armas, aprobado por el RD 137/1993, son componentes esenciales de un arma corta de fuego:","Armazón, cañón, tambor, y la corredera o el cerrojo.","Armazón, cañón, cerrojo, y mecanismos de cierre.","Armazón, cañón, tambor, cerrojo, corredera y mecanismos de cierre.",,A,verificada,oficial,oficial,examen_oficial,False,,"Examen oficial PN Escala Básica 39a promoción (2022), pregunta 91. T42 - Armas (RD 726/2020): componentes esenciales arma corta","Procedencia: examen oficial PN 39a promoción (2022), pregunta 91. piezas esenciales del arma (RD 726/2020); reverificar redacción. [Verificación profunda 39a promoción: revisada una a una está sesión.]"
pn-of39-p92,31,ALTA,"La patología propia que se puede dar en los inmigrantes, que se ha denominado síndrome del emigrante con estrés crónico y múltiple, se conoce también como:",Síndrome de Telémaco.,Síndrome de Ulises.,Síndrome del viajero.,,B,verificada,oficial,oficial,examen_oficial,False,,"Examen oficial PN Escala Básica 39a promoción (2022), pregunta 92. T31 - Inmigración: salud del inmigrante","Procedencia: examen oficial PN 39a promoción (2022), pregunta 92. [Verificación profunda 39a promoción: revisada una a una está sesión.]"
pn-of39-p93,23,ALTA,El Sistema VioGén (Sistema de Seguimiento Integral de los Casos de Violencia de Género) es un tratamiento de datos de carácter personal cuyo responsable es:,La persona titular de la Dirección General de Coordinación y Estudios del Ministerio de Interior.,La persona titular del Ministerio del Interior.,La persona titular de la Secretaría de Estado de Seguridad.,,A,verificada,oficial,oficial,examen_oficial,False,,"Examen oficial PN Escala Básica 39a promoción (2022), pregunta 93. T23 - VG: Sistema VioGen (responsable del tratamiento)","Procedencia: examen oficial PN 39a promoción (2022), pregunta 93. Obs.mapa: Roza T26 (protección de datos) [Verificación profunda 39a promoción: revisada una a una está sesión.]"
pn-of39-p94,18,ALTA,"Un individuo utilizando una tarjeta de débito que se encontraba en el interior de una cartera con diversa documentación personal de un tercero, al que ha visto como se le caía, se dirige a un cajero automático de una entidad bancaria situado a escasos metros consiguiendo realizar una extracción de efectivo de 400 euros, ¿en qué delito habrá incurrido por esta acción en el cajero automático?",Delito de apropiación indebida.,Delito de robo con fuerza en las cosas.,Delito de estafa.,,C,verificada,oficial,oficial,examen_oficial,False,,"Examen oficial PN Escala Básica 39a promoción (2022), pregunta 94. T18 - DP patrimonio: estafa","Procedencia: examen oficial PN 39a promoción (2022), pregunta 94. [Verificación profunda 39a promoción: revisada una a una está sesión.]"
pn-of39-p95,11,ALTA,"Pepe, ciudadano extranjero ha sido condenado en España por la introducción de ciudadanas extranjeras con fines de explotación sexual, según el art 89.9 del Código Penal, ¿podría sustituirse la condena por la expulsión de España?","Si, si esta medida no es desproporcionada.","No, por el tipo de delito cometido.","Depende, debe tenerse en cuenta las circunstancias del hecho y las personas del autor, en particular su arraigo en España.",,B,verificada,oficial,oficial,examen_oficial,False,,"Examen oficial PN Escala Básica 39a promoción (2022), pregunta 95. T11 - Extranjería: expulsión sustitutiva (CP art.89)","Procedencia: examen oficial PN 39a promoción (2022), pregunta 95. Obs.mapa: Roza T17 (trata/explotación sexual) [Verificación profunda 39a promoción: revisada una a una está sesión.]"
pn-of39-p96,12,ALTA,"¿En qué localidad se encuentra la sede de ACNUR, alto comisionado de las Naciones Unidas para los refugiados?",Nueva York.,Ginebra.,La Haya. ,,B,verificada,oficial,oficial,examen_oficial,False,,"Examen oficial PN Escala Básica 39a promoción (2022), pregunta 96. T12 - Protección internacional: ACNUR (sede)","Procedencia: examen oficial PN 39a promoción (2022), pregunta 96. [Verificación profunda 39a promoción: revisada una a una está sesión.]"
pn-of39-p97,26,ALTA,"El Artículo 4 de la Ley Orgánica 7/2021, de 26 de mayo, de protección de datos personales tratados para fines de prevención, detección, investigación y enjuiciamiento de infracciones penales y de ejecución de sanciones penales, indica quien tendrá, en particular, la consideración de autoridad competente a los efectos de dicha Ley. Cuál de las siguientes Autoridades no está incluida:",El Ministerio Fiscal.,La Dirección Adjunta de Vigilancia Aduanera de la Agencia Estatal de Administración Tributaria.,Las Autoridades judiciales del orden jurisdiccional civil.,,C,verificada,oficial,oficial,examen_oficial,False,,"Examen oficial PN Escala Básica 39a promoción (2022), pregunta 97. T26 - Protección de datos (LO 7/2021, art.4): autoridades","Procedencia: examen oficial PN 39a promoción (2022), pregunta 97. reverificar art.4 LO 7/2021. [Verificación profunda 39a promoción: revisada una a una está sesión.]"
pn-of39-p98,8,ALTA,"José, Policía Nacional acaba de ser padre con su pareja, el bebe nació el día 30 de enero del 2021, José tendrá derecho a: ¡Cuidado! Esta pregunta en su redacción original está actualmente derogada.",Doce semanas de permiso retribuido.,Dieciséis semanas de permiso retribuido que deben ser disfrutadas de forma ininterrumpida después del parto.,Dieciséis semanas de permiso intransferible retribuido.,,C,borrador,oficial,oficial,examen_oficial,False,,"Examen oficial PN Escala Básica 39a promoción (2022), pregunta 98. T8 - PN: permiso por nacimiento","Examen oficial. DEROGADA - NO PUBLICAR (permiso de paternidad: redaccion derogada). Procedencia: examen oficial PN 39a promoción (2022), pregunta 98. MAPA vigencia=derogada. Obs.mapa: PREGUNTA con redacci"
pn-of39-p99,2,ALTA,"Cuál de los siguientes NO fue uno de los siete Diputados que redactaron la actual Constitución Española, comúnmente conocidos como “padres de la Constitución”:",Gabriel Cisneros Laborda.,Jordi Roca Soler.,Gregorio Peces-Barba Martínez.,,B,verificada,oficial,oficial,examen_oficial,False,,"Examen oficial PN Escala Básica 39a promoción (2022), pregunta 99. T2 - CE: 'padres de la Constitución'","Procedencia: examen oficial PN 39a promoción (2022), pregunta 99. Obs.mapa: Dato historico-cultural sobre la CE [Verificación profunda 39a promoción: revisada una a una está sesión.]"
pn-of39-p100,8,ALTA,"De acuerdo con el Reglamento de procesos selectivos y formación de la Policía Nacional (RD 853/2022), en los procesos selectivos por promoción interna, el orden de realización de las pruebas comenzará por las correspondientes a la modalidad de:",Antigüedad selectiva.,Concurso oposición.,"El orden no está definido, dependerá de lo que especifique cada convocatoria. ",,B,verificada,oficial,oficial,examen_oficial,False,,"Examen oficial PN Escala Básica 39a promoción (2022), pregunta 100. T8 - PN: procesos selectivos (RD 853/2022)","Procedencia: examen oficial PN 39a promoción (2022), pregunta 100. RD 853/2022 procesos selectivos; reverificar. [Verificación profunda 39a promoción: revisada una a una está sesión.]"
pn-of40-p01,14,ALTA,Los partes de entrada para el uso de los servicios de hospedaje deberán ser firmados.,"Por toda persona mayor de 14 años que haga uso de estos, conforme al sistema y modelo que se establezca.","Por toda persona mayor de 16 años que haga uso de estos, conforme al sistema y modelo que se establezca.","Por toda persona mayor de 18 años que haga uso de estos, conforme al sistema y modelo que se establezca.",,A,verificada,oficial,oficial,examen_oficial,False,,"Examen oficial PN Escala Básica 40a promoción (2023), pregunta 1. T14 - LO 4/2015: registro documental (hospedaje)","Procedencia: examen oficial PN 40a promoción (2023), pregunta 1. verificar edad de firma del parte de hospedaje (14 vs 16); no confirmado en BOE-600. [Verificación profunda 40a promoción: revisada una a una está sesión.]"
pn-of40-p02,16,ALTA,"Entre las penas que pueden imponerse con arreglo al vigente Código Penal español, la responsabilidad personal subsidiaria por impago de multa está dentro de:",Las penas privativas de derechos.,Las penas accesorias.,Las penas privativas de libertad,,C,verificada,oficial,oficial,examen_oficial,False,,"Examen oficial PN Escala Básica 40a promoción (2023), pregunta 2. T16 - DP general: clases de penas (CP art.35)","Procedencia: examen oficial PN 40a promoción (2023), pregunta 2. [Verificación profunda 40a promoción: revisada una a una está sesión.]"
pn-of40-p03,8,ALTA,"Según el Régimen Disciplinario de la Policía Nacional, cualquier clase de juego que se lleve a cabo en las dependencias policiales, siempre que perjudique la prestación del servicio o menos cabe la imagen policial es:",Una falta leve.,Una falta muy grave.,Una falta grave.,,A,verificada,oficial,oficial,examen_oficial,False,,"Examen oficial PN Escala Básica 40a promoción (2023), pregunta 3. T8 - Régimen disciplinario PN (LO 4/2010)","Procedencia: examen oficial PN 40a promoción (2023), pregunta 3. [Verificación profunda 40a promoción: revisada una a una está sesión.]"
pn-of40-p04,10,ALTA,"La autorización de estancia por estudios autorizará a trabajar por cuenta propia y ajena, siempre que esta actividad laboral sea compatible con la realización de esos estudios, en relación con esta autorización señale la alternativa correcta:",La actividad laboral no podrá ser superior a las treinta horas semanales.,La vigencia de la autorización para trabajar podrá exceder de la duración de la autorización de estancia.,La actividad laboral no podrá ser superior a las treinta y cinco horas semanales,,A,verificada,oficial,BOE,examen_oficial,False,,Reglam. extranjería (estancia por estudios: max 30h/semana),"Procedencia: examen oficial PN 40a promoción (2023), pregunta 4. [Verificación profunda 40a promoción: revisada una a una está sesión.]"
pn-of40-p05,8,ALTA,Dirigir la Oficina Nacional de la lucha contra los delitos de Odio es un cometido que corresponde:,A la Comisaria General de Información de la Dirección General de la Policía.,A la Dirección General de Coordinación y Estudios dependiente de la Secretaría de Estado de Seguridad.,Al Gabinete Técnico del Director General de la Policía ,,B,verificada,oficial,oficial,examen_oficial,False,,"Examen oficial PN Escala Básica 40a promoción (2023), pregunta 5. T8 - DGP: Comisaria General de Información","Procedencia: examen oficial PN 40a promoción (2023), pregunta 5. Obs.mapa: Roza T30 (delitos de odio) [Verificación profunda 40a promoción: revisada una a una está sesión.]"
pn-of40-p06,7,ALTA,"Las relaciones del Ministerio del Interior con las Delegaciones y Subdelegaciones del Gobierno en cuestiones relacionadas con la protección internacional, corresponde a:",Dirección General de Política Interior.,Secretaría General Técnica.,Subsecretario de Interior.,,C,verificada,oficial,oficial,examen_oficial,False,,"Examen oficial PN Escala Básica 40a promoción (2023), pregunta 6. T7 - Ministerio del Interior: Subsecretaria","Procedencia: examen oficial PN 40a promoción (2023), pregunta 6. Obs.mapa: Roza T12 [Verificación profunda 40a promoción: revisada una a una está sesión.]"
pn-of40-p07,17,ALTA,"¿Qué delito comete el funcionario público que, a sabiendas de su injusticia, dictare una resolución arbitraria en un asunto administrativo?",Prevaricación.,Cohecho.,Tráfico de influencias.,,A,verificada,oficial,oficial,examen_oficial,False,,"Examen oficial PN Escala Básica 40a promoción (2023), pregunta 7. T17 - DP especial: prevaricación","Procedencia: examen oficial PN 40a promoción (2023), pregunta 7. Obs.mapa: [Plano2] Delitos contra la Admon pública (prevaricación): no tienen tema propio; mejor encaje en T17 (parte especial) [Verificación profunda 40a promoción: revisada una a una está sesión.]"
pn-of40-p08,16,ALTA,Está exento de responsabilidad penal:,"El que obre por causas o estímulos tan poderosos que hayan producido arrebato, obcecación u otro estado pasional de entidad semejante.","El que, por sufrir alteraciones en la percepción desde el nacimiento o desde la infancia, tenga alterada gravemente la conciencia de la realidad.","El que actúe a causa de su grave adicción al consumo de bebidas alcohólicas, drogas tóxicas, estupefacientes, o sustancias psicotrópicas.",,B,verificada,oficial,oficial,examen_oficial,False,,"Examen oficial PN Escala Básica 40a promoción (2023), pregunta 8. T16 - DP general: eximentes (CP art.20.3)","Procedencia: examen oficial PN 40a promoción (2023), pregunta 8. [Verificación profunda 40a promoción: revisada una a una está sesión.]"
pn-of40-p09,8,ALTA,En la Comisaria Provincial que sea a su vez sede de la Jefatura Superior de Policía ¿Quién es el encargado de coordinar las operaciones policiales que lleven a cabo sus unidades operativas territoriales?,La Unidad de Coordinación Operativa Provincial..,El Jefe Provincial de Operaciones.,La Unidad de Coordinación Operativa Territorial.,,A,verificada,oficial,oficial,examen_oficial,False,,"Examen oficial PN Escala Básica 40a promoción (2023), pregunta 9. T8 - DGP territorial: Comisaria Provincial","Procedencia: examen oficial PN 40a promoción (2023), pregunta 9. [Verificación profunda 40a promoción: revisada una a una está sesión.]"
pn-of40-p10,41,ALTA,"¿Cómo se denomina la técnica que consiste en mandar mensajes «estafa» a medida, a objetivos concretos de los que se estudian sus hábitos, bien sea a un grupo de trabajadores de una misma empresa, bien sea a una única persona?",Ransonware.,Spear phising.,Spoofing.,,B,verificada,oficial,oficial,examen_oficial,False,,"Examen oficial PN Escala Básica 40a promoción (2023), pregunta 10. T41 - Ciberdelincuencia: spear phishing","Procedencia: examen oficial PN 40a promoción (2023), pregunta 10. [Verificación profunda 40a promoción: revisada una a una está sesión.]"
pn-of40-p11,35,ALTA,"Con la expresión «satisfacer las necesidades del presente sin comprometer la capacidad de las futuras generaciones para satisfacer las propias», la Organización de las Naciones Unidas se está refiriendo a:",Lucha contra el cambio climático.,El desarrollo sostenible.,Preservar los recursos naturales por encima de todo.,,B,verificada,oficial,oficial,examen_oficial,False,,"Examen oficial PN Escala Básica 40a promoción (2023), pregunta 11. T35 - Desarrollo sostenible (definición ONU)","Procedencia: examen oficial PN 40a promoción (2023), pregunta 11. [Verificación profunda 40a promoción: revisada una a una está sesión.]"
pn-of40-p12,40,ALTA,Para la Oficina de las Naciones Unidas contra la Droga y el Delito (UNDOC) la siguiente definición «Cualquier tipo de información con valor adicional que puede ser utilizado por los agentes del orden para combatir la delincuencia» hace referencia a:,La «inteligencia criminal».,La «inteligencia forense».,La «inteligencia operativa». ,,A,verificada,oficial,oficial,examen_oficial,False,,"Examen oficial PN Escala Básica 40a promoción (2023), pregunta 12. T40 - Inteligencia: inteligencia criminal (UNODC)","Procedencia: examen oficial PN 40a promoción (2023), pregunta 12. [Verificación profunda 40a promoción: revisada una a una está sesión.]"
pn-of40-p13,29,ALTA,"Uno de los instrumentos de medida más utilizados en los estudios sobre personalidad autoritaria en los años 60, creada por Theodor W. Adorno junto con otros colaboradores, a finales de los años 40 es:",La escala F.,La escala R.,La escala A,,A,verificada,oficial,oficial,examen_oficial,False,,"Examen oficial PN Escala Básica 40a promoción (2023), pregunta 13. T29 - Personalidad autoritaria (Adorno)","Procedencia: examen oficial PN 40a promoción (2023), pregunta 13. [Verificación profunda 40a promoción: revisada una a una está sesión.]"
pn-of40-p14,16,ALTA,"Eduardo y Miguel, de 14 años, han difundido imágenes de alto contenido sexual creadas mediante inteligencia artificial utilizando el rostro de Marina, compañera de su clase. Señale cuál es la respuesta ante su conducta:",Se le aplicará lo dispuesto en las normas sobre protección de menores previstas en el Código Civil y demás disposiciones vigentes.,Podría imponerse una medida de internamiento en régimen cerrado.,Se les aplicará lo dispuesto en la Ley Orgánica 4/2000.,,A,verificada,oficial,oficial,examen_oficial,False,,"Examen oficial PN Escala Básica 40a promoción (2023), pregunta 14. T16 - DP: régimen penal del menor (LO 5/2000)","Procedencia: examen oficial PN 40a promoción (2023), pregunta 14. Obs.mapa: [Plano2] Régimen del menor (LO 5/2000): se ubica en T16 (imputabilidad/consecuencias). Delito base (libertad sexual) en T17 [Verificación profunda 40a promoción: revisada una a una está sesión.]"
pn-of40-p15,3,ALTA,"El plazo de presentación del recurso de amparo contra los actos de los órganos ejecutivos colegiados de las comunidades autónomas, de sus autoridades, funcionarios o agentes es de:",20 días siguientes a la notificación de la resolución recaída en el proceso judicial previo.,30 días a partir de la notificación de la resolución recaída en el proceso judicial previo.,"3 meses desde que, con arreglo a las normas internas de las Cámaras o Asambleas, dichos actos sean firmes.",,A,verificada,oficial,oficial,examen_oficial,False,,"Examen oficial PN Escala Básica 40a promoción (2023), pregunta 15. T3 - TC: recurso de amparo (LOTC art.43)","Procedencia: examen oficial PN 40a promoción (2023), pregunta 15. Obs.mapa: Roza T2 (garantías) [Verificación profunda 40a promoción: revisada una a una está sesión.]"
pn-of40-p16,4,ALTA,¿Cuál de las siguientes alternativas es cierta en relación a los Jueces del Tribunal de Justicia de la Unión Europea?,Serán designados de común acuerdo por los Gobiernos de los Estados miembros por un período de seis años.,Cada tres años tendrá lugar una renovación parcial de los jueces en las condiciones establecidas en el Estatuto del Tribunal de Justicia de la Unión Europea. Los jueces salientes podrán ser nombrados de nuevo.,Las alternativas a) y b) son correctas.,,C,verificada,oficial,oficial,examen_oficial,False,,"Examen oficial PN Escala Básica 40a promoción (2023), pregunta 16. T4 - UE: jueces del TJUE","Procedencia: examen oficial PN 40a promoción (2023), pregunta 16. [Verificación profunda 40a promoción: revisada una a una está sesión.]"
pn-of40-p17,10,ALTA,"A qué familiar, nacional de un tercer Estado, NO se le aplica el régimen comunitario sobre el derecho a la libre circulación:","Al hijo de 25 años de la mujer de un ciudadano francés, que vive a su cargo.",A la pareja con la que mantenga una unión análoga a la conyugal no inscrita en un registro público establecido.,Al hijo de 18 años de la pareja de hecho debidamente registrada de un ciudadano alemán.,,B,verificada,oficial,oficial,examen_oficial,False,,"Examen oficial PN Escala Básica 40a promoción (2023), pregunta 17. T10 - Extranjería: libre circulación (familiares)","Procedencia: examen oficial PN 40a promoción (2023), pregunta 17. [Verificación profunda 40a promoción: revisada una a una está sesión.]"
pn-of40-p18,41,ALTA,"¿Cómo es conocido en los ámbitos delincuenciales y, por extensión, policialmente el virustroyano «ransomware»*?",Bloker.,Shutter.,Crasher. ,,A,verificada,oficial,oficial,examen_oficial,False,,"Examen oficial PN Escala Básica 40a promoción (2023), pregunta 18. T41 - Ciberdelincuencia: malware (ransomware)","Procedencia: examen oficial PN 40a promoción (2023), pregunta 18. [Verificación profunda 40a promoción: revisada una a una está sesión.]"
pn-of40-p19,13,ALTA,"Indique la función que es específica de los jefes de seguridad, en el ámbito de la empresa de seguridad en cuya plantilla están integrados:",La supervisión de la observancia de la normativa de seguridad privada aplicable.,"La comprobación de que los sistemas de seguridad privada instalados y las empresas de seguridad privada contratadas, cumplen con las exigencias de homologación de los organismos competentes.","La identificación, análisis y evaluación de situaciones de riesgo que puedan afectar a la vida e integridad de las personas y al patrimonio.",,A,verificada,oficial,oficial,examen_oficial,False,,"Examen oficial PN Escala Básica 40a promoción (2023), pregunta 19. T13 - Seguridad privada (Ley 5/2014): jefes de seguridad","Procedencia: examen oficial PN 40a promoción (2023), pregunta 19. [Verificación profunda 40a promoción: revisada una a una está sesión.]"
pn-of40-p20,3,ALTA,Cuál de estas aseveraciones es correcta:,Las Cámaras se reunirán en sesión conjunta para ejercer las competencias legislativas que el Título II atribuye expresamente a las Cortes Generales,Las Cámaras se reunirán en sesión conjunta para ejercer las competencias no legislativas que el Título II atribuye expresamente a las Cortes Generales.,Las Cámaras se reunirán en sesión conjunta para ejercer las competencias legislativas que el Título III atribuye expresamente a las Cortes Generales.,,B,verificada,oficial,oficial,examen_oficial,False,,"Examen oficial PN Escala Básica 40a promoción (2023), pregunta 20. T3 - Cortes Generales (CE art.74): sesión conjunta","Procedencia: examen oficial PN 40a promoción (2023), pregunta 20. [Verificación profunda 40a promoción: revisada una a una está sesión.]"
pn-of40-p21,5,ALTA,En la organización territorial de la Administración General del Estado ¿Qué nivel tendrán los Subdelegados del Gobierno en las provincias?,De Subdirectores generales.,De Subsecretarios.,De Directores generales.,,A,verificada,oficial,oficial,examen_oficial,False,,"Examen oficial PN Escala Básica 40a promoción (2023), pregunta 21. T5 - AGE territorial: Subdelegados del Gobierno","Procedencia: examen oficial PN 40a promoción (2023), pregunta 21. [Verificación profunda 40a promoción: revisada una a una está sesión.]"
pn-of40-p22,9,ALTA,"«Impedir, en el ejercicio de su actuación profesional, cualquier práctica abusiva, arbitraria o discriminatoria que entrañe violencia física o moral», se encuentra recogido en uno de los siguientes principios básico de actuación:",Adecuación al ordenamiento jurídico.,Relaciones con la comunidad.,Dedicación profesional.,,B,verificada,oficial,oficial,examen_oficial,False,,"Examen oficial PN Escala Básica 40a promoción (2023), pregunta 22. T9 - LO 2/1986: principios basicos (relaciones con la comunidad)","Procedencia: examen oficial PN 40a promoción (2023), pregunta 22. [Verificación profunda 40a promoción: revisada una a una está sesión.]"
pn-of40-p23,36,ALTA,La Real Academia de la Lengua define como verbo incoativo al verbo que:,Indica el comienzo de una acción.,Se construye sin complemento directo.,Expresa una acción que se compone de acciones repetidas.,,A,verificada,oficial,oficial,examen_oficial,False,,"Examen oficial PN Escala Básica 40a promoción (2023), pregunta 23. T36 - Gramatica: verbo incoativo (RAE)","Procedencia: examen oficial PN 40a promoción (2023), pregunta 23. [Verificación profunda 40a promoción: revisada una a una está sesión.]"
pn-of40-p24,17,ALTA,Si se causa a una persona una lesión que solo necesita una primera asistencia facultativa para su curación:,Es un delito de lesiones.,Es un delito leve de lesiones.,No daría lugar a acción penal alguna.,,B,verificada,oficial,oficial,examen_oficial,False,,"Examen oficial PN Escala Básica 40a promoción (2023), pregunta 24. T17 - DP especial: lesiones","Procedencia: examen oficial PN 40a promoción (2023), pregunta 24. [Verificación profunda 40a promoción: revisada una a una está sesión.]"
pn-of40-p25,28,ALTA,"Dentro de los autores más importantes de la globalización, que autor introduce el término «ciudad global»:",Theodore Levitt.,Marshall Mcluhan.,Saskia Sassen. ,,C,verificada,oficial,oficial,examen_oficial,False,,"Examen oficial PN Escala Básica 40a promoción (2023), pregunta 25. T28 - Globalización: 'ciudad global' (Saskia Sassen)","Procedencia: examen oficial PN 40a promoción (2023), pregunta 25. Obs.mapa: Roza T32 (ciudad) [Verificación profunda 40a promoción: revisada una a una está sesión.]"
pn-of40-p26,39,ALTA,¿Cuál es la capa encargada de realizar el encaminamiento o enrutamiento de los paquetes a través de las redes de datos en el modelo OSI?,La capa de red.,La capa de enlace.,La capa de transporte.,,A,verificada,oficial,oficial,examen_oficial,False,,"Examen oficial PN Escala Básica 40a promoción (2023), pregunta 26. T39 - Redes: modelo OSI","Procedencia: examen oficial PN 40a promoción (2023), pregunta 26. [Verificación profunda 40a promoción: revisada una a una está sesión.]"
pn-of40-p27,42,ALTA,"Según el nuevo RD726/2020 que modifica al RD 137/1993 del reglamento de armas, son piezas esenciales de un arma corta de fuego:","Armazón, cañón, tambor, cerrojo y corredera.","Armazón, cañón, cerrojo, y mecanismos de cierre.","Armazón, cañón, tambor, cerrojo, corredera y mecanismos de cierre",,A,verificada,oficial,oficial,examen_oficial,False,,"Examen oficial PN Escala Básica 40a promoción (2023), pregunta 27. T42 - Reglamento de Armas (RD 726/2020): piezas esenciales","Procedencia: examen oficial PN 40a promoción (2023), pregunta 27. [Verificación profunda 40a promoción: revisada una a una está sesión.]"
pn-of40-p28,13,ALTA,No es un establecimiento obligado a disponer de medidas de seguridad:,Las farmacias.,Las gasolineras.,Los estancos,,C,verificada,oficial,oficial,examen_oficial,False,,"Examen oficial PN Escala Básica 40a promoción (2023), pregunta 28. T13 - Seguridad privada: establecimientos obligados","Procedencia: examen oficial PN 40a promoción (2023), pregunta 28. [Verificación profunda 40a promoción: revisada una a una está sesión.]"
pn-of40-p29,8,ALTA,"Atendiendo al Real Decreto 94/2022 de 1 de febrero, de la Dirección General de Relaciones Internacionales y Extranjería depende de:",La Subdirección General de Cooperación Policial Internacional.,La Subdirección General de Innovación Europea.,La Subdirección General de Coordinación Policial Internacional.,,A,verificada,oficial,oficial,examen_oficial,False,,"Examen oficial PN Escala Básica 40a promoción (2023), pregunta 29. T8 - DGP: cooperación internacional (RD 94/2022)","Procedencia: examen oficial PN 40a promoción (2023), pregunta 29. Obs.mapa: Roza T4; reverificar ubicación orgánica reverificar ubicación orgánica (RD 94/2022). [Verificación profunda 40a promoción: revisada una a una está sesión.]"
pn-of40-p30,8,ALTA,Con respecto a la expedición del pasaporte es cierto lo siguiente:,En el extranjero corresponde a las Representaciones Diplomáticas y Consulares de España.,La Subdirección General de Innovación Europea.,La Subdirección General de Coordinación Policial Internacional.,,A,verificada,oficial,BOE,examen_oficial,False,,"LO 4/2015, art. 12.1.b (pasaporte: en el extranjero, Representaciones Diplomaticas y Consulares; en territorio nacional, DGP)","Procedencia: examen oficial PN 40a promoción (2023), pregunta 30. Correcta A confirmada contra LO 4/2015 art.12.1.b (verificado BOE-600). Las opciones b y c se comparten con la Q29 por construcción del examen (distractores reutilizados a proposito), confirmado. [Verificación profunda 40a promoción.]"
pn-of40-p31,16,ALTA,¿Qué nombre reciben aquellas normas penales cuyo supuesto de hecho se configura por remisión a una norma de carácter no penal?,Normas penales completas.,Normas penales en blanco.,Normas penales incompletas o dependientes.,,B,verificada,oficial,oficial,examen_oficial,False,,"Examen oficial PN Escala Básica 40a promoción (2023), pregunta 31. T16 - DP general: norma penal en blanco","Procedencia: examen oficial PN 40a promoción (2023), pregunta 31. [Verificación profunda 40a promoción: revisada una a una está sesión.]"
pn-of40-p32,8,ALTA,"En relación a la Ley Orgánica 9/2015, ¿en cuál de las siguientes situaciones administrativas tiene derecho un Policía Nacional a la reserva de su puesto de trabajo durante al menos dos años?",Excedencia por cuidado de familiares.,Excedencia por agrupación familiar.,Excedencia por prestación de servicio en el sector público.,,A,verificada,oficial,oficial,examen_oficial,False,,"Examen oficial PN Escala Básica 40a promoción (2023), pregunta 32. T8 - PN (LO 9/2015): situaciones administrativas","Procedencia: examen oficial PN 40a promoción (2023), pregunta 32. [Verificación profunda 40a promoción: revisada una a una está sesión.]"
pn-of40-p33,23,ALTA,"Atendiendo al artículo 3 de la Ley 4/2023, de 28 de febrero, para la igualdad real y efectiva de las personas trans y para la garantía de los derechos de las personas LGTBI, la vivencia interna e individual del sexo tal y como cada persona la siente y autodefine pudiendo no corresponder con el sexo asignado al nacer, es la definición de:",Expresión de género.,Identidad sexual.,Orientación sexual. ,,B,verificada,oficial,oficial,examen_oficial,False,,"Examen oficial PN Escala Básica 40a promoción (2023), pregunta 33. T23 - Igualdad (Ley 4/2023, art.3): identidad sexual","Procedencia: examen oficial PN 40a promoción (2023), pregunta 33. [Verificación profunda 40a promoción: revisada una a una está sesión.]"
pn-of40-p34,31,ALTA,La Organización Internacional para las Migraciones (OIM) es creada en:,1950.,1951.,1952.,,B,verificada,oficial,oficial,examen_oficial,False,,"Examen oficial PN Escala Básica 40a promoción (2023), pregunta 34. T31 - Inmigración: OIM (creación)","Procedencia: examen oficial PN 40a promoción (2023), pregunta 34. [Verificación profunda 40a promoción: revisada una a una está sesión.]"
pn-of40-p35,10,ALTA,Un extranjero que entre en España con la finalidad de cursar o ampliar estudios en nuestro país estará sometido al régimen de:,Residencia temporal si el curso para el que estén matriculados dura más de 90 días.,Residencia de larga duración cuando se trate de estudios universitarios que se desarrollan en varios cursos,Régimen de estancia con una duración inicial igual a la del curso para el que está matriculado.,,C,verificada,oficial,oficial,examen_oficial,False,,"Examen oficial PN Escala Básica 40a promoción (2023), pregunta 35. T10 - Extranjería: estudios","Procedencia: examen oficial PN 40a promoción (2023), pregunta 35. [Verificación profunda 40a promoción: revisada una a una está sesión.]"
pn-of40-p36,44,ALTA,Si nos referimos en un vehículo al «EDR» hacemos mención a:,Los elementos obligatorios en el vehículo en el transporte de mercancías peligrosas.,Una especie de «caja negra» encargada de recabar información para esclarecer las posibles causas de un siniestro.,"Una solución de seguridad diseñada para detectar y bloquear amenazas, actuando como si fuera el antivirus para evitar intrusiones informáticas en el vehículo.",,B,verificada,oficial,oficial,examen_oficial,False,,"Examen oficial PN Escala Básica 40a promoción (2023), pregunta 36. T44 - Seguridad del vehículo: EDR","Procedencia: examen oficial PN 40a promoción (2023), pregunta 36. Obs.mapa: Roza T43 [Verificación profunda 40a promoción: revisada una a una está sesión.]"
pn-of40-p37,6,ALTA,El procedimiento mediante el cual se mide y valora la conducta profesional y el rendimiento o el logro de resultados de los funcionarios públicos es:,La evaluación del desempeño.,La estadística laboral.,La carrera profesional,,A,verificada,oficial,oficial,examen_oficial,False,,"Examen oficial PN Escala Básica 40a promoción (2023), pregunta 37. T6 - Funcionarios (TREBEP): evaluación del desempeno","Procedencia: examen oficial PN 40a promoción (2023), pregunta 37. [Verificación profunda 40a promoción: revisada una a una está sesión.]"
pn-of40-p38,1,ALTA,Señale la opción correcta sobre la vecindad civil:,"Se adquiere por residencia continuada durante un año, siempre que el interesado manifieste esa voluntad.",El matrimonio no altera la vecindad civil.,"En caso de duda, prevalecerá la vecindad civil que corresponda al lugar de residencia.",,B,verificada,oficial,oficial,examen_oficial,False,,"Examen oficial PN Escala Básica 40a promoción (2023), pregunta 38. T1 - Vecindad civil (CC)","Procedencia: examen oficial PN 40a promoción (2023), pregunta 38. [Verificación profunda 40a promoción: revisada una a una está sesión.]"
pn-of40-p39,26,ALTA,"La L.O. 7/2021 de protección de datos personales tratados para fines de prevención, detección, investigación y enjuiciamiento de infracciones penales y de ejecución de sanciones penales, en su artículo tercero hace alusión a los datos de personas fallecidas. En caso de fallecimiento de menores, cuando sea el Ministerio Fiscal el que ejerza las facultades establecidas, podrá actuar.",De oficio o a instancia de cualquier persona interesada.,"De oficio o a instancia de parte, cuando se trate de familiares de segundo grado.","De oficio o a instancia de parte, cuando se trate del representante legal del menor.",,A,verificada,oficial,oficial,examen_oficial,False,,"Examen oficial PN Escala Básica 40a promoción (2023), pregunta 39. T26 - Protección de datos (LO 7/2021, art.3): fallecidos","Procedencia: examen oficial PN 40a promoción (2023), pregunta 39. [Verificación profunda 40a promoción: revisada una a una está sesión.]"
pn-of40-p40,21,ALTA,¿Cuál de las siguientes NO es un Área Especializada del Ministerio Fiscal?,Medio Ambiente.,Trata de Personas y Extranjería.,Siniestralidad Laboral. ,,B,verificada,oficial,oficial,examen_oficial,False,,Especialidades del Ministerio Fiscal (EOMF): Medio Ambiente y Siniestralidad Laboral son areas; no existe un area llamada Trata de Personas y Extranjería,"Procedencia: examen oficial PN 40a promoción (2023), pregunta 40. Obs.mapa: Reverificar el catalogo de areas/fiscalias del MF RESUELTA: B correcta. Medio Ambiente y Siniestralidad Laboral son areas del MF; el area es Extranjería (incluye trata), no Trata de Personas y Extranjería. [Verificación profunda 40a promoción: revisada una a una está sesión.]"
pn-of40-p41,42,ALTA,"Según se establece en el Reglamento de Armas, cuál de las siguientes afirmaciones es correcta con respecto al arma de repetición:",Arma de fuego que se recarga antes de cada disparo.,Arma de fuego sin depósito de municiones.,"Arma de fuego que se recarga después de cada disparo, mediante un mecanismo accionado por el tirador que introduce en el cañón un cartucho colocado previamente en el depósito de municiones.",,C,verificada,oficial,oficial,examen_oficial,False,,"Examen oficial PN Escala Básica 40a promoción (2023), pregunta 41. T42 - Reglamento de Armas: arma de repetición","Procedencia: examen oficial PN 40a promoción (2023), pregunta 41. [Verificación profunda 40a promoción: revisada una a una está sesión.]"
pn-of40-p42,2,ALTA,"Las quejas ante el Defensor del Pueblo, ¿Cuándo pueden ser presentadas?","En el plazo máximo de dos años, contados a partir del momento en que tuviera conocimiento de los hechos objeto de la misma","En el plazo máximo de un año, contado a partir del momento en que tuviera conocimiento de los hechos objeto de la misma.","En el plazo máximo de tres años, contados a partir del momento en que se hubieran producido los hechos objeto de la misma.",,B,verificada,oficial,BOE,examen_oficial,False,,"LO 3/1981, art. 15 (Defensor del Pueblo: plazo un año)","Procedencia: examen oficial PN 40a promoción (2023), pregunta 42. [Verificación profunda 40a promoción: revisada una a una está sesión.]"
pn-of40-p43,19,ALTA,¿Cuál de los siguientes delitos NO está incardinado en el código penal como delito contra el orden público?,Delito de rebelión.,Delito de desórdenes públicos.,"Delito de atentado contra la autoridad, sus agentes y los funcionarios públicos.",,A,verificada,oficial,oficial,examen_oficial,False,,"Examen oficial PN Escala Básica 40a promoción (2023), pregunta 43. T19 - DP orden público","Procedencia: examen oficial PN 40a promoción (2023), pregunta 43. Obs.mapa: La rebelión es delito contra la Constitución [Verificación profunda 40a promoción: revisada una a una está sesión.]"
pn-of40-p44,2,ALTA,La suspensión de los derechos de reunión y manifestación podrá acordase:,"En el supuesto de declaración de los estados de alarma, excepción o sitio.",Solo en los supuestos de declaración del estado de alarma o excepción.,Solo en el supuesto de declaración del estado de excepción o de sitio.,,C,verificada,oficial,BOE,examen_oficial,False,,CE art. 55.1 (suspensión de reunión en excepción o sitio),"Procedencia: examen oficial PN 40a promoción (2023), pregunta 44. Obs.mapa: Roza T3 (estados excepcionales) [Verificación profunda 40a promoción: revisada una a una está sesión.]"
pn-of40-p45,13,ALTA,"Dentro de una empresa de seguridad, en cuya plantilla están integrados ¿Quién realiza las funciones de organización, dirección e inspección del personal y servicios de seguridad privada?",Directores de seguridad.,Jefes de seguridad.,Vigilantes de seguridad.,,B,verificada,oficial,oficial,examen_oficial,False,,"Examen oficial PN Escala Básica 40a promoción (2023), pregunta 45. T13 - Seguridad privada: jefes de seguridad","Procedencia: examen oficial PN 40a promoción (2023), pregunta 45. [Verificación profunda 40a promoción: revisada una a una está sesión.]"
pn-of40-p46,37,ALTA,¿Cuál de estas frases está escrita correctamente?,No sabemos los porqués de su expulsión del equipo.,"Tras el desafortunado accidente, falleció debido a la inhalación de gases tóxicos.",La gravedad del delito determinó que el juez le infringiera una dura pena de prisión.,,A,verificada,oficial,oficial,examen_oficial,False,,"Examen oficial PN Escala Básica 40a promoción (2023), pregunta 46. T37 - Ortografia","Procedencia: examen oficial PN 40a promoción (2023), pregunta 46. [Verificación profunda 40a promoción: revisada una a una está sesión.]"
pn-of40-p47,26,ALTA,"En aplicación de la Ley Orgánica 3/2018, de 5 de diciembre, de Protección de Datos Personales y garantía de los derechos digitales. Los titulares de la patria potestad podrán ejercitar los derechos de acceso, rectificación, cancelación, oposición o cualesquiera otros que pudieran corresponderles.",En nombre y representación de los menores de catorce años.,En nombre y representación de los menores de dieciséis años.,En nombre y representación de los menores de dieciocho años. ,,A,verificada,oficial,BOE,examen_oficial,False,,"LO 3/2018, art. 7 (menores de catorce años)","Procedencia: examen oficial PN 40a promoción (2023), pregunta 47. [Verificación profunda 40a promoción: revisada una a una está sesión.]"
pn-of40-p48,18,ALTA,"El que ocupare una vivienda, sin la debida autorización o se mantuviere en ella en contra la voluntad de su titular, cometera un delito de usurpación:",Cuando la vivienda constituya morada.,Cuando la vivienda no constituva morada.,"Al tratarse de una vivienda cometerá en todo caso, un delito de allanamiento de morada.",,B,verificada,oficial,oficial,examen_oficial,False,,"Examen oficial PN Escala Básica 40a promoción (2023), pregunta 48. T18 - DP patrimonio: usurpación (ocupación)","Procedencia: examen oficial PN 40a promoción (2023), pregunta 48. [Verificación profunda 40a promoción: revisada una a una está sesión.]"
pn-of40-p49,20,ALTA,"«A» mediante un Killer USB inutiliza el ordenador de «» al obieto de dejar sus programas informáticos inoperativos, provocando que se suspendiese el servicio de metro en la hora punta. «A» responderá de:",Delito de daños informático.,Delito básico de daños.,Delito de daños informático agravado,,C,verificada,oficial,oficial,examen_oficial,False,,"Examen oficial PN Escala Básica 40a promoción (2023), pregunta 49. T20 - Delitos informaticos: danos (Killer USB, servicio público)","Procedencia: examen oficial PN 40a promoción (2023), pregunta 49. Obs.mapa: Roza T18 (danos, patrimonio) [Verificación profunda 40a promoción: revisada una a una está sesión.]"
pn-of40-p50,9,ALTA,"En las Comunidades Autónomas que dispongan de Cuerpos de Policía propios, la misión de coordinar la actuación de las Fuerzas y Cuerpos de Seguridad del Estado y de los Cuerpos de Policía de la Comunidad Autónoma corresponde a:",La Junta de Seguridad.,El Consejo de Política de Seguridad.,La Junta autonómica de Seguridad.,,A,verificada,oficial,oficial,examen_oficial,False,,"Examen oficial PN Escala Básica 40a promoción (2023), pregunta 50. T9 - LO 2/1986: Junta de Seguridad","Procedencia: examen oficial PN 40a promoción (2023), pregunta 50. [Verificación profunda 40a promoción: revisada una a una está sesión.]"
pn-of40-p51,8,ALTA,"Conforme a la Orden INT/839/2023 de 21 de julio, por la que se desarrolla la estructura orgánica y funciones de los servicios centrales y territoriales de la Dirección General de la Policía, la Banda de Música de la Policía Nacional dependerá:",Servicio de Protocolo de la Dirección General de la Policía incardinado en el área de Coordinación Institucional e Identidad Corporativa.,Oficina de Marca de incardinado en el área de Coordinación Institucional e Identidad Corporativa.,Unidad de Planificación Estratégica y Coordinación.,,A,verificada,oficial,oficial,examen_oficial,False,,"Examen oficial PN Escala Básica 40a promoción (2023), pregunta 51. T8 - DGP: estructura (Banda de Musica)","Procedencia: examen oficial PN 40a promoción (2023), pregunta 51. [Verificación profunda 40a promoción: revisada una a una está sesión.]"
pn-of40-p52,18,ALTA,"En el actual Código Penal, el hurto será castigado con la pena de prisión de uno a tres años, conteste a la respuesta correcta:","Cuando se trate de cosas de necesidad, pero no cause una situación de desabastecimiento.","Cuando se sustraigan cosas de valor artístico, histórico, cultural o científico.",Cuando se utilice a menores de dieciocho años para la comisión del delito.,,B,verificada,oficial,oficial,examen_oficial,False,,"Examen oficial PN Escala Básica 40a promoción (2023), pregunta 52. T18 - DP patrimonio: hurto agravado","Procedencia: examen oficial PN 40a promoción (2023), pregunta 52. [Verificación profunda 40a promoción: revisada una a una está sesión.]"
pn-of40-p53,2,ALTA,"¿Quién declara la vacante en el cargo del Defensor del Pueblo por muerte, renuncia o expiración del plazo del mandato?",El presidente del Congreso de los Diputados.,Las tres quintas partes de los componentes de cada cámara.,El presidente del Senado.,,A,verificada,oficial,oficial,examen_oficial,False,,"Examen oficial PN Escala Básica 40a promoción (2023), pregunta 53. T2 - CE: Defensor del Pueblo (vacante)","Procedencia: examen oficial PN 40a promoción (2023), pregunta 53. [Verificación profunda 40a promoción: revisada una a una está sesión.]"
pn-of40-p54,10,ALTA,"La carencia de la autorización de residencia y trabajo, sin perjuicio de las responsabilidades del empresario a que de lugar, incluidas las de Seguridad Social:",Invalidará el contrato de trabajo con respecto a los derechos del trabajador extranjero.,No invalidará el contrato de trabajo con respecto a los derechos del trabajador extranjero.,"Será obstáculo para la obtención de las prestaciones derivadas de supuestos contemplados por los convenios internacionales de protección de los trabajadores u otras que pudieran corresponderle, siempre que sean compatibles con su situación. ",,B,verificada,oficial,oficial,examen_oficial,False,,"Examen oficial PN Escala Básica 40a promoción (2023), pregunta 54. T10 - Extranjería: trabajo sin autorización (efectos)","Procedencia: examen oficial PN 40a promoción (2023), pregunta 54. [Verificación profunda 40a promoción: revisada una a una está sesión.]"
pn-of40-p55,14,ALTA,"En el artículo 16 de la Ley Orgánica 4/2015, de 30 de marzo, de protección de la seguridad ciudadana se establece, en cuanto a la identificación de personas, que se llevará un libroregistro en el que sólo se practicarán asientos relacionados con la seguridad ciudadana, ¿a qué autoridad y con qué periodicidad deberá remitir el órgano competente de la Administración extracto de las diligencias de identificación con expresión del tiempo utilizado en cada una de ellas?:",Al Ministerio Fiscal trimestralmente.,A la Autoridad Judicial mensualmente.,Al Ministerio Fiscal mensualmente.,,C,verificada,oficial,BOE,examen_oficial,False,,"LO 4/2015, art. 16 (extracto mensual al Ministerio Fiscal)","Procedencia: examen oficial PN 40a promoción (2023), pregunta 55. [Verificación profunda 40a promoción: revisada una a una está sesión.]"
pn-of40-p56,39,ALTA,"El sistema de nombres de dominio, o DNS (Domain Name System) es un conjunto de protocolos y servicios que nació con la finalidad de evitar a las personas usuarias el esfuerzo de tener que recordar una dirección IP. Atendiendo a sus funciones, ¿Qué tipos hay de servidores DNS?","Maestros, esclavos y locales.",Directos e indirectos.,"Prioritarios, anterior y posterior.",,A,verificada,oficial,oficial,examen_oficial,False,,"Examen oficial PN Escala Básica 40a promoción (2023), pregunta 56. T39 - Redes: DNS (tipos de servidores)","Procedencia: examen oficial PN 40a promoción (2023), pregunta 56. [Verificación profunda 40a promoción: revisada una a una está sesión.]"
pn-of40-p57,20,ALTA,"Cuando hablamos del derecho a la intimidad, su vulneración mediante la intercepción de las comunicaciones o utilizando artificios técnicos de escucha, transmisión, grabación o reproducción del sonido o de la imagen, o de cualquier otra señal de comunicación, requerirá:",Denuncia de la persona agraviada o de su representante legal,Querella de la persona agraviada o de su representante legal,Se podrá proceder de oficio en todos los casos,,A,verificada,oficial,oficial,examen_oficial,False,,"Examen oficial PN Escala Básica 40a promoción (2023), pregunta 57. T20 - Intimidad: intercepción de comunicaciones (CP art.201)","Procedencia: examen oficial PN 40a promoción (2023), pregunta 57. [Verificación profunda 40a promoción: revisada una a una está sesión.]"
pn-of40-p58,13,ALTA,Los informes de investigación elaborados por un detective privado deberá conservarse:,Por un periodo máximo de cinco años,Durante al menos tres años,Hasta su entrega al cliente que los hubiera solicitado,,B,verificada,oficial,oficial,examen_oficial,False,,"Examen oficial PN Escala Básica 40a promoción (2023), pregunta 58. T13 - Seguridad privada: detectives (conservación)","Procedencia: examen oficial PN 40a promoción (2023), pregunta 58. [Verificación profunda 40a promoción: revisada una a una está sesión.]"
pn-of40-p59,4,ALTA,El Tribunal de Justicia de la Unión Europea está compuesto por:,Un Juez por Estado Miembro y está asimismo asistido por 27 abogados generales,Dos Jueces por Estado miembro y están asimismo asistidos por 27 abogados generales,Un Juez por Estado Miembro y está asimismo asistido por 11 abogados generales,,C,verificada,oficial,oficial,examen_oficial,False,,"Examen oficial PN Escala Básica 40a promoción (2023), pregunta 59. T4 - UE: composición del TJUE","Procedencia: examen oficial PN 40a promoción (2023), pregunta 59. [Verificación profunda 40a promoción: revisada una a una está sesión.]"
pn-of40-p60,32,ALTA,"Al valor de densidad de población, que se obtiene de dividir el número de habitantes entre la superficie en km2 de territorio, se le denomina también:",Saldo vegetativo.,Población relativa.,Población absoluta.,,B,verificada,oficial,oficial,examen_oficial,False,,"Examen oficial PN Escala Básica 40a promoción (2023), pregunta 60. T32 - Demografia: densidad de población","Procedencia: examen oficial PN 40a promoción (2023), pregunta 60. [Verificación profunda 40a promoción: revisada una a una está sesión.]"
pn-of40-p61,7,ALTA,La coordinación de los Centros de Cooperación Policial y Aduanera le corresponde a:,La Dirección General de Relaciones Internacionales y Extranjería.,La Dirección General de Coordinación y Estadios.,La Subdirección General de Cooperación Internacional. ,,B,verificada,oficial,oficial,examen_oficial,False,,"Examen oficial PN Escala Básica 40a promoción (2023), pregunta 61. T7 - SES: Dirección General de Coordinación y Estudios","Procedencia: examen oficial PN 40a promoción (2023), pregunta 61. Obs.mapa: Roza T4 (cooperación internacional) [Verificación profunda 40a promoción: revisada una a una está sesión.]"
pn-of40-p62,20,ALTA,"Se está efectuando un registro domiciliario, con mandamiento de entrada y registro, por un presunto delito de explotación sexual. En el transcurso del registro y sin que hubiera previsión de ello, aparece un dispositivo de almacenamiento masivo de información digital que pudieran contener pruebas relevantes para los investigadores. ¿Cómo procederán los policías?:","Consignarán en el acta la recogida del dispositivo para su posterior análisis, pues ya cuentan con el correspondiente mandamiento de entrada y registro.","Necesitarán solicitar otra autorización al Juez competente para poder acceder al contenido de los datos del dispositivo, dado que en el mandamiento inicial no solicitaron este extremo.","Como quiera que el mandamiento no contemplaba esta posibilidad, el ordenador no se podrá recoger.",,B,verificada,oficial,oficial,examen_oficial,False,,"Examen oficial PN Escala Básica 40a promoción (2023), pregunta 62. T20 - Prueba digital: registro de dispositivos (LECrim art.588 sexies)","Procedencia: examen oficial PN 40a promoción (2023), pregunta 62. Obs.mapa: Roza T21 (registro domiciliario) [Verificación profunda 40a promoción: revisada una a una está sesión.]"
pn-of40-p63,23,ALTA,"Cuando una persona o grupo en que se integra, debido a su relación con otra sobre la que concurra alguna de las causas de discriminación por razón de orientación e identidad sexual, expresión de género o características sexuales, es objeto de un trato discriminatorio, conforme a la Ley 4/2023, para la igualdad real y efectiva de las personas trans y para la garantía de los derechos de las personas LGTBI ¿de qué tipo de discriminación se trata?",Discriminación indirecta.,Discriminación por asociación.,Discriminación por error.,,B,verificada,oficial,oficial,examen_oficial,False,,"Examen oficial PN Escala Básica 40a promoción (2023), pregunta 63. T23 - Igualdad (Ley 4/2023): discriminación por asociación","Procedencia: examen oficial PN 40a promoción (2023), pregunta 63. [Verificación profunda 40a promoción: revisada una a una está sesión.]"
pn-of40-p64,9,ALTA,"Las Comunidades Autónomas podrán solicitar del Gobierno de la Nación, a través del Ministerio del Interior, la adscripción de Unidades del Cuerpo Nacional de Policía. Dicha adscripción deberá respetar, entre otros, el siguiente principio:","En cualquier momento podrán ser reemplazadas por otras, por decisión de las Autoridades estatales.",Dichas Unidades actuarán siempre bajo el mando de sus Jefes naturales.,"Las Unidades adscritas dependerán, orgánicamente, de las Autoridades de la Comunidad Autónoma, y funcionalmente del Ministerio del Interior.",,B,verificada,oficial,oficial,examen_oficial,False,,"Examen oficial PN Escala Básica 40a promoción (2023), pregunta 64. T9 - LO 2/1986: unidades del CNP adscritas a CCAA","Procedencia: examen oficial PN 40a promoción (2023), pregunta 64. [Verificación profunda 40a promoción: revisada una a una está sesión.]"
pn-of40-p65,33,ALTA,"A finales de los años 70, Lawrence E. Cohen y Marcus Felson, establecieron que el delito se produce cuando coinciden tres elementos: el delincuente tiene una motivación para realizarlo, la víctima es algo alcanzable y el control social que protegería a la víctima falla. Esta teoría se llama:",Teoría de las ventanas rotas.,Teoría de las actividades cotidianas o rutinarias.,Teoría de la elección racional.,,B,verificada,oficial,oficial,examen_oficial,False,,"Examen oficial PN Escala Básica 40a promoción (2023), pregunta 65. T33 - Teorias de la delincuencia (Cohen y Felson)","Procedencia: examen oficial PN 40a promoción (2023), pregunta 65. [Verificación profunda 40a promoción: revisada una a una está sesión.]"
pn-of40-p66,17,ALTA,"La provocación, la conspiración y la proposición para cometer delitos NO está penada expresamente en:",Los delitos de lesiones.,Los delitos de detención ilegal y secuestro.,Los delitos de agresiones sexuales.,,C,verificada,oficial,oficial,examen_oficial,False,,"Examen oficial PN Escala Básica 40a promoción (2023), pregunta 66. T17 - DP especial: actos preparatorios","Procedencia: examen oficial PN 40a promoción (2023), pregunta 66. Obs.mapa: Reverificar contra el CP los actos preparatorios en delitos sexuales verificar actos preparatorios en agresiones sexuales tras LO 10/2022. [Verificación profunda 40a promoción: revisada una a una está sesión.]"
pn-of40-p67,15,ALTA,"Las medidas de vigilancia, prevención, protección o reacción a restar, de forma complementaria a quellas previstas por los operadores críticos en cada una de las infraestructuras críticas, se contemplan en:",Los Planes de Apoyo Operativo.,Los Planes de Seguridad del Operador.,Los Planes de Protección Específicos. ,,A,verificada,oficial,oficial,examen_oficial,False,,"Examen oficial PN Escala Básica 40a promoción (2023), pregunta 67. T15 - Infraestructuras criticas: planes","Procedencia: examen oficial PN 40a promoción (2023), pregunta 67. [Verificación profunda 40a promoción: revisada una a una está sesión.]"
pn-of40-p68,5,ALTA,El Presidente del Gobierno en funciones NO tiene la siguiente facultad:,Aprobar el Proyecto de la Ley de Presupuestos Generales del Estado.,Presentar proyectos de la ley al Senado.,Proponer al Rey la disolución del Senado.,,C,verificada,oficial,oficial,examen_oficial,False,,"Examen oficial PN Escala Básica 40a promoción (2023), pregunta 68. T5 - El Gobierno en funciones (Ley 50/1997)","Procedencia: examen oficial PN 40a promoción (2023), pregunta 68. [Verificación profunda 40a promoción: revisada una a una está sesión.]"
pn-of40-p69,9,ALTA,De las siguientes afirmaciones respecto a la Unidad adscrita a la Policía Nacional de Galicia. ¿Cuál es la correcta?,Depende orgánicamente de las autoridades de la Xunta de Galicia,Depende orgánicamente del Ministerio del Interior,Depende funcionalmente de la Jefatura Superior de Policía de Galicia,,B,verificada,oficial,oficial,examen_oficial,False,,"Examen oficial PN Escala Básica 40a promoción (2023), pregunta 69. T9 - LO 2/1986: unidad adscrita (Galicia)","Procedencia: examen oficial PN 40a promoción (2023), pregunta 69. [Verificación profunda 40a promoción: revisada una a una está sesión.]"
pn-of40-p70,23,ALTA,"Si alguien quiere participar en una media maratón de su ciudad teniendo una marca dentro de la mínima aceptada, pero dado su aspecto enfermizo le es negada la posibilidad de inscribirse en dicha prueba, esto sería considerado:",Discriminación por error.,Discriminación por asociación.,Discriminación interseccional.,,A,verificada,oficial,oficial,examen_oficial,False,,"Examen oficial PN Escala Básica 40a promoción (2023), pregunta 70. T23 - Igualdad: discriminación por error","Procedencia: examen oficial PN 40a promoción (2023), pregunta 70. Obs.mapa: Posible encaje en Ley 15/2022; verificar norma verificar encaje en Ley 15/2022 (discriminación por error). [Verificación profunda 40a promoción: revisada una a una está sesión.]"
pn-of40-p71,7,ALTA,"La dirección y coordinación de las actuaciones relacionadas con los precursores de drogas, los precursores de explosivos y el tratamiento de los datos del Sistema de Registro de Pasajeros (PNR) le corresponde a:",Dirección General de la Policía.,Inspección de Personal y Servicios de Seguridad.,Secretaría de Estado de Seguridad,,C,verificada,oficial,oficial,examen_oficial,False,,"Examen oficial PN Escala Básica 40a promoción (2023), pregunta 71. T7 - SES: precursores y datos PNR","Procedencia: examen oficial PN 40a promoción (2023), pregunta 71. [Verificación profunda 40a promoción: revisada una a una está sesión.]"
pn-of40-p72,25,ALTA,"¿Según el RD 67/2010 sobre adaptación de la Prevención de Riesgos Laborales en la Administración General del Estado, el órgano específico de participación y negociación de las organizaciones sindicales en materia de prevención de riesgos laborales será:",El Comité de Seguridad y Salud en el Trabajo.,La Inspección de Personal y Servicios de Seguridad.,La Comisión Técnica de Prevención de Riesgos Laborales.,,C,verificada,oficial,oficial,examen_oficial,False,,"Examen oficial PN Escala Básica 40a promoción (2023), pregunta 72. T25 - PRL en la AGE (RD 67/2010)","Procedencia: examen oficial PN 40a promoción (2023), pregunta 72. [Verificación profunda 40a promoción: revisada una a una está sesión.]"
pn-of40-p73,34,ALTA,"“El proceso a través del cual una determinada dosis de droga va produciendo un efecto progresivamente menor a medida que se va repitiendo su administración o, lo que es lo mismo, un proceso que obliga a ir aumentando progresivamente la dosis según se repiten las administraciones para producir el efecto original” define, según Bandres, Compas y Valencoso (1986):",La tolerancia.,La dependencia.,La adicción.,,A,verificada,oficial,oficial,examen_oficial,False,,"Examen oficial PN Escala Básica 40a promoción (2023), pregunta 73. T34 - Drogodependencias: tolerancia","Procedencia: examen oficial PN 40a promoción (2023), pregunta 73. [Verificación profunda 40a promoción: revisada una a una está sesión.]"
pn-of40-p74,21,ALTA,¿Quién de las siguientes personas está obligado a denunciar?:,"El cónyuge del delincuente no separado legalmente o de hecho o la persona que conviva con él en análoga relación de afectividad, cuando se trate de un delito de robo con fuerza.",El descendiente cuando se trate de un delito contra la hacienda pública.,El ascendiente cuando se trate de un delito contra la trata de seres humanos. ,,B,borrador,oficial,oficial,examen_oficial,False,,"Examen oficial PN Escala Básica 40a promoción (2023), pregunta 74. T21 - Proc. penal: obligación de denunciar (LECrim art.261)","Examen oficial PN 40a (2023) p74. DEFECTUOSA - NO PUBLICAR. La plantilla marca B (descendiente/hacienda publica), pero el art. 261 LECrim exime de denunciar a ascendientes/descendientes/conyuge salvo delitos graves (vida, homicidio, lesiones 149/150, maltrato habitual, libertad/indemnidad sexual o trata) Y victima menor/discapacidad. Hacienda publica y robo con fuerza no estan en la lista; la unica opcion cuyo delito si aparece es C (trata) pero exige ademas victima menor/discapacidad. Plantilla incoherente con el art. 261. Verificado 3x."
pn-of40-p75,21,ALTA,¿Qué tipo de denuncia NO está regulada por la Ley de Enjuiciamiento Criminal?,Denuncia verbal.,Denuncia anónima o delación.,Denuncia por mandato o representante.,,B,verificada,oficial,oficial,examen_oficial,False,,"Examen oficial PN Escala Básica 40a promoción (2023), pregunta 75. T21 - Proc. penal: clases de denuncia","Procedencia: examen oficial PN 40a promoción (2023), pregunta 75. [Verificación profunda 40a promoción: revisada una a una está sesión.]"
pn-of40-p76,6,ALTA,"¿Cómo se denomina al empleado público que solo realiza funciones expresamente calificadas como de confianza y asesoramiento especial, siendo retribuido con cargo a los créditos presupuestarios consignados para este fin?",Funcionario interino.,Personal laboral.,Personal eventual.,,C,verificada,oficial,oficial,examen_oficial,False,,"Examen oficial PN Escala Básica 40a promoción (2023), pregunta 76. T6 - Empleados públicos: personal eventual","Procedencia: examen oficial PN 40a promoción (2023), pregunta 76. [Verificación profunda 40a promoción: revisada una a una está sesión.]"
pn-of40-p77,1,ALTA,"Para la concesión de la nacionalidad española por residencia, se requiere para las personas que hayan obtenido la condición de refugiado una permanencia en España de:",Diez años,Cinco años,Tres años,,B,verificada,oficial,oficial,examen_oficial,False,,"Examen oficial PN Escala Básica 40a promoción (2023), pregunta 77. T1 - Nacionalidad por residencia (CC art.22)","Procedencia: examen oficial PN 40a promoción (2023), pregunta 77. [Verificación profunda 40a promoción: revisada una a una está sesión.]"
pn-of40-p78,6,ALTA,¿Cuál es la edad máxima de permanencia en el servicio activo de un funcionario público?:,"La correspondiente a la jubilación forzosa, sesenta y cinco años.",Se podrá permanecer en servicio activo como máximo hasta los a setenta y dos años edad en los términos que se establezcan en las leyes de la función pública.,"Según la legislación vigente, un funcionario público podrá jubilarse máximo a los setenta años siempre que lo solicite y le sea concedido.",,C,verificada,oficial,oficial,examen_oficial,False,,"Examen oficial PN Escala Básica 40a promoción (2023), pregunta 78. T6 - Funcionarios: permanencia en servicio activo","Procedencia: examen oficial PN 40a promoción (2023), pregunta 78. Obs.mapa: Reverificar matiz de jubilación forzosa (65/70/72) reverificar jubilación forzosa (TREBEP art. 67: 65, prorrogable a 70). [Verificación profunda 40a promoción: revisada una a una está sesión.]"
pn-of40-p79,8,ALTA,"Los funcionarios sancionados con traslado forzoso no podrán obtener un destino por ningún procedimiento en el centro, unidad o plantilla de la que fueron trasladados, en el período de:",Tres años,Uno a tres años,Un año,,B,verificada,oficial,oficial,examen_oficial,False,,"Examen oficial PN Escala Básica 40a promoción (2023), pregunta 79. T8 - Régimen disciplinario PN: efectos del traslado forzoso","Procedencia: examen oficial PN 40a promoción (2023), pregunta 79. [Verificación profunda 40a promoción: revisada una a una está sesión.]"
pn-of40-p80,26,ALTA,"Con relación a la Ley Orgánica 7/2021 y con carácter general, ¿Cuál es el plazo máximo para la supresión de los datos de carácter personal por parte de las autoridades competentes?:",Tres años,Dos años,Veinte años,,C,verificada,oficial,oficial,examen_oficial,False,,"Examen oficial PN Escala Básica 40a promoción (2023), pregunta 80. T26 - Protección de datos (LO 7/2021): supresión","Procedencia: examen oficial PN 40a promoción (2023), pregunta 80. [Verificación profunda 40a promoción: revisada una a una está sesión.]"
pn-of40-p81,14,ALTA,"Indique, según la LO 4/2015 de protección de la seguridad ciudadana, qué tipo de infracción es la celebración de espectáculos públicos o actividades recreativas quebrantando la prohibición o suspensión ordenada por la autoridad correspondiente por razones de seguridad pública:",Leve,Grave,Muy grave,,C,verificada,oficial,oficial,examen_oficial,False,,"Examen oficial PN Escala Básica 40a promoción (2023), pregunta 81. T14 - LO 4/2015: infracción muy grave","Procedencia: examen oficial PN 40a promoción (2023), pregunta 81. [Verificación profunda 40a promoción: revisada una a una está sesión.]"
pn-of40-p82,27,ALTA,El Consejo Asesor del Mecanismo Nacional de Prevención de la Tortura se reunirá:,Al menos una vez al año,Al menos dos veces al año,Al menos una vez al trimestre ,,B,verificada,oficial,oficial,examen_oficial,False,,"Examen oficial PN Escala Básica 40a promoción (2023), pregunta 82. T27 - DDHH: Consejo Asesor del MNP de la Tortura","Procedencia: examen oficial PN 40a promoción (2023), pregunta 82. [Verificación profunda 40a promoción: revisada una a una está sesión.]"
pn-of40-p83,25,ALTA,Entre los principios generales de la acción preventiva de riesgos laborales está:,Adoptar medidas que antepongan la protección individual a la colectiva,Evaluar los riesgos que no se puedan evitar,"Combatir los riesgos cuando se originan, adaptando la persona al puesto de trabajo",,B,verificada,oficial,oficial,examen_oficial,False,,"Examen oficial PN Escala Básica 40a promoción (2023), pregunta 83. T25 - PRL (Ley 31/1995): acción preventiva","Procedencia: examen oficial PN 40a promoción (2023), pregunta 83. [Verificación profunda 40a promoción: revisada una a una está sesión.]"
pn-of40-p84,45,ALTA,"La presidencia del Consejo Superior de Tráfico, Seguridad Vial y Movilidad Sostenible corresponde al:",Secretario de Estado de Seguridad,Subsecretario del Interior,Ministro del Interior,,C,verificada,oficial,oficial,examen_oficial,False,,"Examen oficial PN Escala Básica 40a promoción (2023), pregunta 84. T45 - Seguridad vial: Consejo Superior de Tráfico, SV y Movilidad","Procedencia: examen oficial PN 40a promoción (2023), pregunta 84. Obs.mapa: Organismo de la DGT; encaje en el bloque vial; reverificar tema Consejo Superior de Tráfico: presidencia del Ministro del Interior; reverificar. [Verificación profunda 40a promoción: revisada una a una está sesión.]"
pn-of40-p85,42,ALTA,"En relación a las armas y armas de fuego reglamentadas, cuya adquisición, tenencia y uso pueden ser autorizados o permitidos con arreglo a lo dispuesto en la normativa vigente dentro de la categoría 7a encontramos:",Armas acústicas y de salvas,Las armas de sistema «Flobert»,Las armas blancas y en general las de hoja cortante o punzante no prohibidas,,B,verificada,oficial,oficial,examen_oficial,False,,"Examen oficial PN Escala Básica 40a promoción (2023), pregunta 85. T42 - Reglamento de Armas: categorias (7a)","Procedencia: examen oficial PN 40a promoción (2023), pregunta 85. [Verificación profunda 40a promoción: revisada una a una está sesión.]"
pn-of40-p86,22,ALTA,"¿Cuál de las siguientes aseveraciones es cierta a las disposiciones de la Ley 4/2015, de 27 abril, del Estatuto de la víctima del delito?:","Serán aplicables a las víctimas de delitos cometidos en España o que puedan ser perseguidos en España, con independencia de su nacionalidad, de si son mayores o menores de edad o de si disfrutan o no de residencia legal.",Las víctimas residentes en España no podrán presentar ante las autoridades españolas denuncias correspondientes a hechos delictivos que hubieran sido cometidos en el territorio de otros países de la Unión Europea.,Para que sus disposiciones puedan ser aplicables a las víctimas de delitos cometidos en España o que puedan ser perseguidos en España se exige que las mismas tengan residencia legal en la,,A,verificada,oficial,oficial,examen_oficial,False,,"Examen oficial PN Escala Básica 40a promoción (2023), pregunta 86. T22 - Estatuto de la victima (Ley 4/2015): ambito","Procedencia: examen oficial PN 40a promoción (2023), pregunta 86. [Verificación profunda 40a promoción: revisada una a una está sesión.]"
pn-of40-p87,25,ALTA,Como miembro de la Policía Nacional es citado por el Servicio de Prevención de Riesgos Laborales de la Dirección General de la Policía para realizarle un reconocimiento médico. A este respecto ¿cuál de las afirmaciones siguientes es correcta?,Los reconocimientos médicos requeridos por el Servicio de Prevención de Riesgos Laborales son de obligada asistencia.,Las conclusiones de los reconocimientos médicos serán comunicadas a los responsables de la Dirección General de la Policía.,Los resultados de las pruebas realizadas en el reconocimiento médico serán comunicados al funcionario a través de su responsable inmediato.,,B,verificada,oficial,oficial,examen_oficial,False,,"Examen oficial PN Escala Básica 40a promoción (2023), pregunta 87. T25 - PRL en el CNP (RD 2/2006): reconocimientos medicos","Procedencia: examen oficial PN 40a promoción (2023), pregunta 87. Obs.mapa: Confidencialidad de la vigilancia de la salud: reverificar redacción confidencialidad de la vigilancia de la salud: reverificar redacción. [Verificación profunda 40a promoción: revisada una a una está sesión.]"
pn-of40-p88,11,ALTA,"Jennifer es colombiana y se encuentra trabajando en España sin haber solicitado autorización administrativa para trabajar por cuenta propia, pero cuenta con permiso de residencia temporal. En aplicación de la Ley Orgánica 4/2000, de 11 de enero, sobre derechos y libertades de los extranjeros en España y su integración social. ¿Qué tipo de infracción administrativa comete Jennifer?",Infracción leve,Infracción grave,Infracción muy grave ,,A,verificada,oficial,BOE,examen_oficial,False,,"LO 4/2000, art. 53 (trabajar sin autorización = grave)","Procedencia: examen oficial PN 40a promoción (2023), pregunta 88. [Verificación profunda 40a promoción: revisada una a una está sesión.]"
pn-of40-p89,1,ALTA,"En relación a la nacionalidad española, en el artículo 20 del Código Civil se establece que tienen derecho a optar a la misma:",Aquellas cuyos parientes cercanos hubieren sido originariamente españoles.,Las personas que estén o hayan estado sujetas a la patria potestad de un español.,Aquellas cuyo padre o madre hubiere sido originariamente español y nacido en el extranjero.,,B,verificada,oficial,oficial,examen_oficial,False,,"Examen oficial PN Escala Básica 40a promoción (2023), pregunta 89. T1 - Nacionalidad: derecho de opción (CC art.20)","Procedencia: examen oficial PN 40a promoción (2023), pregunta 89. [Verificación profunda 40a promoción: revisada una a una está sesión.]"
pn-of40-p90,8,ALTA,"A Miguel, funcionario de policía, se le está instruyendo un expediente disciplinario por falta grave ¿Cuál será el plazo máximo para que el instructor del expediente ordene la práctica de cuantas diligencias considere oportunas para su resolución?",20 días,15 días,10 días,,B,verificada,oficial,oficial,examen_oficial,False,,"Examen oficial PN Escala Básica 40a promoción (2023), pregunta 90. T8 - Régimen disciplinario PN: instrucción","Procedencia: examen oficial PN 40a promoción (2023), pregunta 90. [Verificación profunda 40a promoción: revisada una a una está sesión.]"
pn-of40-p91,22,ALTA,"Según la Ley 4/2015, los Abogados NO podrán dirigirse a las víctimas de catástrofes, calamidades públicas u otros sucesos que hubieran producido un número elevado de víctimas y que puedan constituir delito para ofrecerles sus servicios profesionales, hasta transcurridos:",25 días desde el hecho,25 días desde que los servicios profesionales son solicitados por la víctima,Esta prohibición quedará sin efecto si los servicios profesionales han sido expresamente solicitados por la víctima,,C,verificada,oficial,oficial,examen_oficial,False,,"Examen oficial PN Escala Básica 40a promoción (2023), pregunta 91. T22 - Estatuto de la victima (Ley 4/2015): abogados","Procedencia: examen oficial PN 40a promoción (2023), pregunta 91. [Verificación profunda 40a promoción: revisada una a una está sesión.]"
pn-of40-p92,21,ALTA,"En el ámbito del tribunal del Jurado, para declarar la culpabilidad del acusado son necesarios:",9 votos,5 votos,7 votos,,C,verificada,oficial,oficial,examen_oficial,False,,"Examen oficial PN Escala Básica 40a promoción (2023), pregunta 92. T21 - Tribunal del Jurado: votación","Procedencia: examen oficial PN 40a promoción (2023), pregunta 92. [Verificación profunda 40a promoción: revisada una a una está sesión.]"
pn-of40-p93,14,ALTA,"Los asientos del libro-registro de identificaciones que se tienen en las dependencias policiales a que hace referencia el artículo 16.2 de la LO 4/2015, de 30 de marzo, de protección de seguridad ciudadana, se cancelarán de oficio:",Al año,A los 3 años,A los 5 años,,B,verificada,oficial,oficial,examen_oficial,False,,"Examen oficial PN Escala Básica 40a promoción (2023), pregunta 93. T14 - LO 4/2015 (art.16.2): cancelación del libro-registro","Procedencia: examen oficial PN 40a promoción (2023), pregunta 93. [Verificación profunda 40a promoción: revisada una a una está sesión.]"
pn-of40-p94,10,ALTA,Según el Acervo Schengen un ciudadano francés que llegue al aeropuerto de Madrid-Barajas procedente de Bolivia:,Pasará un control sistemático,Pasará una inspección minuciosa,Pasará una inspección mínima,,B,verificada,oficial,oficial,examen_oficial,False,,"Examen oficial PN Escala Básica 40a promoción (2023), pregunta 94. T10 - Entrada/Schengen: control de fronteras","Procedencia: examen oficial PN 40a promoción (2023), pregunta 94. Obs.mapa: Roza T4 (Schengen) [Verificación profunda 40a promoción: revisada una a una está sesión.]"
pn-of40-p95,17,ALTA,"El delito de lesiones al feto según nuestro Código Penal, puede darse por:",Por imprudencia grave,Por imprudencia menos grave,Sólo por dolo ,,A,verificada,oficial,oficial,examen_oficial,False,,"Examen oficial PN Escala Básica 40a promoción (2023), pregunta 95. T17 - DP especial: lesiones al feto","Procedencia: examen oficial PN 40a promoción (2023), pregunta 95. [Verificación profunda 40a promoción: revisada una a una está sesión.]"
pn-of40-p96,18,ALTA,"Carmen va a pasar las navidades a una casa antigua familiar, al llegar se da cuenta de que no tiene luz y decide ponerse en contacto con su sobrino Juan, el «manitas» de la familia. Juan, tras realizar distintas alteraciones en los cables exteriores e instalar un dispositivo cerca de los contadores, consigue arreglarlo, sin darse cuenta de que se ha enganchado a la luz de la casa vecina. ¿Podría darse un delito de defraudación de fluido eléctrico?:","No, se necesita dolo.","Sí, se ha instalado un dispositivo con el fin de «engancharse» a la luz y es en beneficio propio.","Sí, además de lo anterior, causa un perjuicio económico a la casa vecina.",,A,verificada,oficial,oficial,examen_oficial,False,,"Examen oficial PN Escala Básica 40a promoción (2023), pregunta 96. T18 - DP patrimonio: defraudación de fluido electrico (CP art.255)","Procedencia: examen oficial PN 40a promoción (2023), pregunta 96. [Verificación profunda 40a promoción: revisada una a una está sesión.]"
pn-of40-p97,8,ALTA,"Según la orden INT/859/2023,, que desarrolla la estructura orgánica y funciones de los servicios centrales y territoriales de la Dirección General de la Policía, ¿a qué unidad está adscrito el Interlocutor Policial Nacional Sanitario?",Unidad de Prevención de Riesgos Laborales.,Unidad de Protección Socio Sanitaria.,Unidad Central de Seguridad Privada.,,C,verificada,oficial,oficial,examen_oficial,False,,"Examen oficial PN Escala Básica 40a promoción (2023), pregunta 97. T8 - DGP: estructura (Interlocutor Policial Nacional Sanitario)","Procedencia: examen oficial PN 40a promoción (2023), pregunta 97. Obs.mapa: Reverificar adscripción orgánica reverificar adscripción orgánica (Orden INT/859/2023). [Verificación profunda 40a promoción: revisada una a una está sesión.]"
pn-of40-p98,2,ALTA,"A tenor de lo dispuesto en el texto de la Carta Magna, España se constituye en un Estado social y democrático de Derecho, que propugna como valores superiores de su ordenamiento jurídico:","La libertad, la solidaridad y la justicia.","La libertad, la igualdad y la justicia.","La libertad, la solidaridad y el pluralismo político.",,B,verificada,oficial,oficial,examen_oficial,False,,"Examen oficial PN Escala Básica 40a promoción (2023), pregunta 98. T2 - CE (art.1.1): valores superiores","Procedencia: examen oficial PN 40a promoción (2023), pregunta 98. [Verificación profunda 40a promoción: revisada una a una está sesión.]"
pn-of40-p99,11,ALTA,La expulsión llevará consigo la prohibición de entrada en territorio español. La duración de la prohibición se determinará en consideración a las circunstancias que concurran en cada caso y su vigencia no excederá de:,Dos años.,Tres años.,Cinco años.,,C,verificada,oficial,BOE,examen_oficial,False,,"LO 4/2000, art. 58 (prohibición de entrada hasta cinco años)","Procedencia: examen oficial PN 40a promoción (2023), pregunta 99. [Verificación profunda 40a promoción: revisada una a una está sesión.]"
pn-of40-p100,37,ALTA,¿Cuál de las siguientes frases está escrita correctamente?,Los hechos acaecidos ayer no han echo más que crear confusión.,"Durante la conciliación, fuimos capaces de hallar la solución del problema.",En la feria de arte habían muchas personas admirando las obras expuestas.,,B,verificada,oficial,oficial,examen_oficial,False,,Ortografia/gramatica (RAE): a) echo->hecho; c) habian->habia (haber impersonal); b) correcta,"Procedencia: examen oficial PN 40a promoción (2023), pregunta 100. Texto reconstruido con las opciones limpias (el PDF habia duplicado b/c). Correcta B. [Verificación profunda 40a promoción.]"
pn-of41-p01,4,ALTA,"El Tratado de Funcionamiento de la Unión Europea dispone que para ejercer las competencias de la Unión, las instituciones adoptarán:","Reglamentos, directivas y decisiones.","Reglamentos, directivas, decisiones, recomendaciones y dictámenes.","Reglamentos, directivas, decisiones y dictámenes.",,B,verificada,oficial,oficial,examen_oficial,False,,"Examen oficial PN Escala Básica 41a promoción (2024), pregunta 1. T4 - UE: Derecho derivado (TFUE)","Procedencia: examen oficial PN 41a promoción (2024), pregunta 1. [Verificación profunda 41a promoción: revisada una a una está sesión.]"
pn-of41-p02,28,ALTA,"¿Qué movimiento social surge como rechazo a la propuesta de una Acuerdo Multilateral de Inversiones, realizada en el marco de la OCDE a comienzos de 1998, que debía ser firmado por los países más ricos del mundo con la pretensión de constituirse una especie de Constitución Mundial del Capital?",El Movimiento Antiglobalización.,El Fórum Social Mundial.,El Foro de Davos.,,B,verificada,oficial,oficial,examen_oficial,False,,"Examen oficial PN Escala Básica 41a promoción (2024), pregunta 2. T28 - Antiglobalización: rechazo al AMI (OCDE, 1998)","Procedencia: examen oficial PN 41a promoción (2024), pregunta 2. Obs.mapa: Plantilla marca B (Forum Social Mundial); el rechazo al AMI suele atribuirse al movimiento antiglobalización (opción A). Reverificar criterio [Verificación profunda 41a promoción: revisada una a una está sesión.]"
pn-of41-p03,3,ALTA,"¿Por cuántas salas está integrado el Tribunal Supremo, en virtud de lo establecido en la LO 6/85 del Poder Judicial?",5.,4.,3.,,A,verificada,oficial,oficial,examen_oficial,False,,"Examen oficial PN Escala Básica 41a promoción (2024), pregunta 3. T3 - Poder Judicial (LOPJ): Tribunal Supremo","Procedencia: examen oficial PN 41a promoción (2024), pregunta 3. [Verificación profunda 41a promoción: revisada una a una está sesión.]"
pn-of41-p04,30,ALTA,¿Qué fobia predica el rechazo a la mezcla y a la convivencia intercultural y en consecuencia defiende sociedades limpias?,Disfobia.,Mesofobia.,Bifobia.,,B,verificada,oficial,oficial,examen_oficial,False,,"Examen oficial PN Escala Básica 41a promoción (2024), pregunta 4. T30 - Contravalores/intolerancia: fobias","Procedencia: examen oficial PN 41a promoción (2024), pregunta 4. Obs.mapa: Roza T31 (inmigración); encaje principal en contravalores [Verificación profunda 41a promoción: revisada una a una está sesión.]"
pn-of41-p05,25,ALTA,¿Quién se encarga de realizar las auditorías y evaluaciones del sistema de prevención de riesgos de la Policía Nacional?,La Unidad Central de Planificación Estratégica y Coordinación.,La Inspección de Personal y Servicios de Seguridad.,La Unidad de Planificación de Recursos Humanos. ,,B,verificada,oficial,oficial,examen_oficial,False,,"Examen oficial PN Escala Básica 41a promoción (2024), pregunta 5. T25 - PRL en el CNP (RD 2/2006): auditorias del sistema","Procedencia: examen oficial PN 41a promoción (2024), pregunta 5. Obs.mapa: Órgano (Inspección de Personal y Servicios de Seguridad, SES) roza T7; reverificar órgano competente [Verificación profunda 41a promoción: revisada una a una está sesión.]"
pn-of41-p06,22,ALTA,"En relación con la medida de protección consistente en evitar el contacto visual entre la víctima y el supuesto autor de los hechos, incluso durante la práctica de la prueba, para lo cual podrá hacerse uso de las tecnologías de la comunicación, ¿durante qué fase podrán ser adoptadas según la Ley 4/2015?",Durante la fase de investigación.,Durante la fase de ejecución.,Durante la fase de enjuiciamiento.,,C,verificada,oficial,oficial,examen_oficial,False,,"Examen oficial PN Escala Básica 41a promoción (2024), pregunta 6. T22 - Estatuto de la victima (Ley 4/2015): medidas de protección","Procedencia: examen oficial PN 41a promoción (2024), pregunta 6. Obs.mapa: OJO: Ley 4/2015 = Estatuto de la victima (27 abril); NO confundir con LO 4/2015 de seguridad ciudadana (30 marzo) [Verificación profunda 41a promoción: revisada una a una está sesión.]"
pn-of41-p07,9,ALTA,¿Qué principio básico de actuación de los miembros de las Fuerzas y Cuerpos de Seguridad encuadraría dentro de la «Adecuación al ordenamiento jurídico»?,"Actuar con integridad y dignidad. En particular, deberán de abstenerse de todo acto de corrupción y oponerse a él resueltamente.","Impedir, en el ejercicio de su actuación profesional, cualquier práctica abusiva, arbitraria o discriminatoria que entrañe violencia física o moral.",Los miembros de las Fuerzas y Cuerpos de Seguridad deberán identificarse debidamente como tales en el momento de efectuar la detención.,,A,verificada,oficial,oficial,examen_oficial,False,,"Examen oficial PN Escala Básica 41a promoción (2024), pregunta 7. T9 - LO 2/1986: principios basicos (adecuación al ordenamiento)","Procedencia: examen oficial PN 41a promoción (2024), pregunta 7. [Verificación profunda 41a promoción: revisada una a una está sesión.]"
pn-of41-p08,3,ALTA,El artículo 78 de la Constitución Española dice que en cada Cámara habrá una Diputación Permanente compuesta por:,"Un máximo de veintiún miembros, que representarán a los grupos parlamentarios en proporción a su importancia numérica.","Un mínimo de veintiún miembros, que representarán a los grupos parlamentarios en proporción a su importancia numérica.","Un mínimo de veintiún miembros, que representarán de forma paritaria a los grupos paramentarios.",,B,verificada,oficial,oficial,examen_oficial,False,,"Examen oficial PN Escala Básica 41a promoción (2024), pregunta 8. T3 - Cortes Generales (CE art.78): Diputación Permanente","Procedencia: examen oficial PN 41a promoción (2024), pregunta 8. [Verificación profunda 41a promoción: revisada una a una está sesión.]"
pn-of41-p09,16,ALTA,"Conforme dispone el Código Penal, es una de las circunstancias que atenúa la responsabilidad criminal:","Obrar por causas o estímulos tan poderosos que hayan producido arrebato, obcecación u otro estado pasional de entidad semejante.",Obrar superado por miedo insuperable.,"El que al tiempo de cometer la infracción penal se halle en estado de intoxicación plena por el consumo de bebidas alcohólicas, drogas tóxicas, estupefacientes, sustancias psicotrópicas u otras que produzcan efectos análogos, siempre que no haya sido buscado con el propósito de cometerla o no se hubiese previsto o debido prever su comisión, o se halle bajo la influencia de un síndrome de abstinencia, a causa de su dependencia de tales sustancias, que le impida comprender la ilicitud del hecho o actuar conforme a esa comprensión.",,A,verificada,oficial,oficial,examen_oficial,False,,"Examen oficial PN Escala Básica 41a promoción (2024), pregunta 9. T16 - DP general: circunstancias atenuantes (CP art.21)","Procedencia: examen oficial PN 41a promoción (2024), pregunta 9. [Verificación profunda 41a promoción: revisada una a una está sesión.]"
pn-of41-p10,8,ALTA,"Según la Orden INT/859/2023, de 21 de julio, por la que se desarrolla la estructura orgánica y funciones de los servicios centrales y territoriales de la Dirección General de la Policía, ¿de quién depende la Brigada Central de Fraudes Informáticos?",De la Unidad de Investigación Tecnológica.,De la Unidad Central de Ciberdelincuencia.,De la División de Operaciones y Transformación Digital.,,B,verificada,oficial,oficial,examen_oficial,False,,"Examen oficial PN Escala Básica 41a promoción (2024), pregunta 10. T8 - DGP (Orden INT/859/2023): estructura orgánica","Procedencia: examen oficial PN 41a promoción (2024), pregunta 10. [Verificación profunda 41a promoción: revisada una a una está sesión.]"
pn-of41-p11,2,ALTA,"Tal y como dispone el artículo 116.4 de la Constitución Española, el estado de sitio será declarado:","Por la mayoría absoluta del Congreso de Diputados, a propuesta exclusiva del Presidente del Gobierno.","Por el Gobierno mediante Decreto acordado en Consejo de Ministros, previa autorización del Congreso de Diputados.","Por la mayoría absoluta del Congreso de los Diputados, a propuesta exclusiva del Gobierno. ",,C,verificada,oficial,oficial,examen_oficial,False,,"Examen oficial PN Escala Básica 41a promoción (2024), pregunta 11. T2 - CE: estados excepcionales (art.116.4) estado de sitio","Procedencia: examen oficial PN 41a promoción (2024), pregunta 11. Obs.mapa: Estados excepcionales: encaje habitual en CE(I); art.116 está en Título V (roza T3) [Verificación profunda 41a promoción: revisada una a una está sesión.]"
pn-of41-p12,44,ALTA,"Dentro de los sistemas de seguridad en el vehículo, ¿Cuál no pertenece al sistema de seguridad pasiva?",Control de tracción.,Airbag.,Sistemas eCall de llamada de emergencia.,,A,verificada,oficial,oficial,examen_oficial,False,,"Examen oficial PN Escala Básica 41a promoción (2024), pregunta 12. T44 - Seguridad pasiva del vehículo","Procedencia: examen oficial PN 41a promoción (2024), pregunta 12. [Verificación profunda 41a promoción: revisada una a una está sesión.]"
pn-of41-p13,13,ALTA,"¿Qué competencias, respecto al control y servicios privados de seguridad, de las expuestas pueden ser desarrolladas en la comunidad autónoma de Cataluña por su policía autonómica?","Ninguna, ya que el control y servicios privados de seguridad es competencia exclusiva de la Policía Nacional.","La habilitación de la uniformidad, distintivos y medios de defensa del personal de seguridad.",La inspección y sanción de los centros de formación del personal de seguridad privada que tengan su sede en la comunidad autónoma de Cataluña.,,C,verificada,oficial,oficial,examen_oficial,False,,"Examen oficial PN Escala Básica 41a promoción (2024), pregunta 13. T13 - Seguridad privada (Ley 5/2014): competencias autonómicas","Procedencia: examen oficial PN 41a promoción (2024), pregunta 13. Obs.mapa: Roza T9 (policias de las CCAA) [Verificación profunda 41a promoción: revisada una a una está sesión.]"
pn-of41-p14,5,ALTA,"Según lo dispuesto en el artículo 29 de la Ley 50/1997, de 27 de noviembre, del Gobierno, ¿Cuál de las siguientes opciones no es correcta?",El Gobierna está sujeto a la Constitución y al resto del ordenamiento jurídico en toda su actuación.,Todos los actos y omisiones del Gobierno están sometidos al control político de las Cortes Generales.,Los actos que constituyan una vía de hecho del Gobierno y de los órganos y autoridades regulados en la presente Ley son impugnables ante el Tribunal Constitucional.,,C,verificada,oficial,oficial,examen_oficial,False,,"Examen oficial PN Escala Básica 41a promoción (2024), pregunta 14. T5 - El Gobierno (Ley 50/1997, art.29): control","Procedencia: examen oficial PN 41a promoción (2024), pregunta 14. Obs.mapa: La vía de hecho se impugna ante la jurisdicción C-A, no el TC; roza T3 [Verificación profunda 41a promoción: revisada una a una está sesión.]"
pn-of41-p15,18,ALTA,"El que, sin hallarse autorizado, distrajere las aguas de uso público o privativo de su curso, o de su embalse natural o artificial, será castigado por un:",Delito contra los recursos naturales.,Delito contra el medio ambiente.,Delito de usurpación.,,C,verificada,oficial,oficial,examen_oficial,False,,"Examen oficial PN Escala Básica 41a promoción (2024), pregunta 15. T18 - DP patrimonio: usurpación (distracción de aguas)","Procedencia: examen oficial PN 41a promoción (2024), pregunta 15. [Verificación profunda 41a promoción: revisada una a una está sesión.]"
pn-of41-p16,13,ALTA,"Las empresas de seguridad privada deberán obtener autorización administrativa para la prestación de servicios de seguridad privada, que tendrá una validez de:",Cinco años.,Diez años.,Indefinida.,,C,verificada,oficial,oficial,examen_oficial,False,,"Examen oficial PN Escala Básica 41a promoción (2024), pregunta 16. T13 - Seguridad privada (Ley 5/2014): empresas","Procedencia: examen oficial PN 41a promoción (2024), pregunta 16. [Verificación profunda 41a promoción: revisada una a una está sesión.]"
pn-of41-p17,7,ALTA,Ejerce la coordinación de los Centros de Cooperación Policial y de Cooperación Policial y Aduanera:,La Dirección General de Relaciones Internacionales y Extranjería.,La Subdirección General de Cooperación Policial Internacional.,La Dirección General de Coordinación y Estudios.,,C,verificada,oficial,oficial,examen_oficial,False,,"Examen oficial PN Escala Básica 41a promoción (2024), pregunta 17. T7 - SES: Dirección General de Coordinación y Estudios","Procedencia: examen oficial PN 41a promoción (2024), pregunta 17. Obs.mapa: Roza T4 (cooperación policial internacional) [Verificación profunda 41a promoción: revisada una a una está sesión.]"
pn-of41-p18,41,ALTA,"¿Cómo se denomina la técnica por la cual un ciberdelincuente realiza una suplantación de identidad por nombre de dominio, la cual consiste en una relación falsa entre IP y nombre de dominio?",Scareware.,Session Hijacking.,DNS spoofing. ,,C,verificada,oficial,oficial,examen_oficial,False,,"Examen oficial PN Escala Básica 41a promoción (2024), pregunta 18. T41 - Ciberdelincuencia: spoofing","Procedencia: examen oficial PN 41a promoción (2024), pregunta 18. [Verificación profunda 41a promoción: revisada una a una está sesión.]"
pn-of41-p19,30,ALTA,"Los ejes de actuación del Observatorio Español del Racismo y la Xenofobia se encuadran en la Estrategia Integral contra el racismo, la discriminación racial, la xenofobia y otras formas conexas de intolerancia, siendo las Fuerzas y Cuerpos de Seguridad uno de los ejes prioritarios donde se lleva a cabo varios proyectos, entre los que no se halla:",PROXIMITY.,FIRIR.,PANDORA.,,C,verificada,oficial,oficial,examen_oficial,False,,"Examen oficial PN Escala Básica 41a promoción (2024), pregunta 19. T30 - Racismo/xenofobia: OBERAXE (proyectos con las FCS)","Procedencia: examen oficial PN 41a promoción (2024), pregunta 19. [Verificación profunda 41a promoción: revisada una a una está sesión.]"
pn-of41-p20,25,ALTA,"La Ley 31/1995, de prevención de riesgos laborales, establece que el empresario aplicará las medidas que integran el deber general de prevención con arreglo a una serie de principios generales, ¿Cuál de los siguientes es uno de estos principios de la acción preventiva?",Evaluar los riesgos que se puedan evitar.,Adoptar medidas que antepongan la protección individual a la colectiva.,Dar las debidas instrucciones a los trabajadores.,,C,verificada,oficial,oficial,examen_oficial,False,,"Examen oficial PN Escala Básica 41a promoción (2024), pregunta 20. T25 - PRL (Ley 31/1995, art.15): acción preventiva","Procedencia: examen oficial PN 41a promoción (2024), pregunta 20. Obs.mapa: Trampa clasica: 'evaluar los riesgos que se puedan evitar' (lo correcto es evitarlos) [Verificación profunda 41a promoción: revisada una a una está sesión.]"
pn-of41-p21,7,ALTA,"Conforme dispone el artículo 6 del Real Decreto 207/2024, de 27 de febrero, por el que se desarrolla la estructura orgánica básica del Ministerio del Interior, ¿Cuál es el órgano de apoyo y asesoramiento a través del cual la persona titular de la Secretaría de Estado de Seguridad ejerce su función de coordinación y supervisión de la actuación de las Fuerzas y Cuerpos de Seguridad del Estado y de colaboración con las Policías Autonómicas y las Policías Locales?",La Dirección General de Coordinación y Estudios.,La Dirección General de Política Interior.,La Secretaría General Técnica.,,A,verificada,oficial,BOE,examen_oficial,False,,"RD 207/2024, art. 6 (Dirección General de Coordinación y Estudios)","Procedencia: examen oficial PN 41a promoción (2024), pregunta 21. [Verificación profunda 41a promoción: revisada una a una está sesión.]"
pn-of41-p22,34,ALTA,"Conforme a las publicaciones del Plan Nacional sobre Drogas, ¿Cuáles de las nuevas sustancias psicoactivas, asociadas a prácticas sexuales de riesgo, es un potente depresor del sistema nervioso central que inicialmente puede producir sensación de bienestar y euforia, es hidrosoluble y es conocido como «éxtasis líquido»?",GHB.,Ketamina.,Poppers,,A,verificada,oficial,oficial,examen_oficial,False,,"Examen oficial PN Escala Básica 41a promoción (2024), pregunta 22. T34 - Drogodependencias: nuevas sustancias psicoactivas","Procedencia: examen oficial PN 41a promoción (2024), pregunta 22. [Verificación profunda 41a promoción: revisada una a una está sesión.]"
pn-of41-p23,42,ALTA,"El artículo 4 del Real Decreto 137/1993, de 29 de enero, por el que se aprueba el Reglamento de Armas, prohíbe la fabricación, importación, circulación, publicidad, compraventa, tenencia y uso de las siguientes armas o de sus imitaciones:",Las ballestas.,Las pistolas y revólveres que lleven adaptado un culatín.,Las armas inutilizadas.,,B,verificada,oficial,oficial,examen_oficial,False,,"Examen oficial PN Escala Básica 41a promoción (2024), pregunta 23. T42 - Reglamento de Armas (RD 137/1993, art.4): prohibidas","Procedencia: examen oficial PN 41a promoción (2024), pregunta 23. [Verificación profunda 41a promoción: revisada una a una está sesión.]"
pn-of41-p24,6,ALTA,"Según las clases de empleados públicos que efectúa el artículo 8 del Real Decreto Legislativo 5/2015, de 30 de octubre, por el que se aprueba el texto refundido de la Ley del Estatuto Básico del Empleado Público, se clasifican en:","Funcionario laboral fijo, funcionario eventual y funcionario fijo-discontinuo.","Funcionarios de carrera, funcionarios interinos, personal laboral y personal eventual.","Funcionarios de carrera, personal laboral, personal de Cuerpos Generales y personal del Cuerpo Superior de la Administración. ",,B,verificada,oficial,oficial,examen_oficial,False,,"Examen oficial PN Escala Básica 41a promoción (2024), pregunta 24. T6 - Empleados públicos (TREBEP art.8): clases","Procedencia: examen oficial PN 41a promoción (2024), pregunta 24. [Verificación profunda 41a promoción: revisada una a una está sesión.]"
pn-of41-p25,8,ALTA,La Oficina de Marca de la Policía Nacional está incardinada en:,La Subdirección General de Recursos Humanos y Formación.,La Subdirección General de Logística e Innovación.,El Gabinete Técnico.,,C,verificada,oficial,oficial,examen_oficial,False,,"Examen oficial PN Escala Básica 41a promoción (2024), pregunta 25. T8 - DGP: estructura (Gabinete Técnico)","Procedencia: examen oficial PN 41a promoción (2024), pregunta 25. [Verificación profunda 41a promoción: revisada una a una está sesión.]"
pn-of41-p26,14,ALTA,"Atendiendo a la Ley Orgánica 4/2015, de 30 marzo, de protección de la seguridad ciudadana, al realizar un registro corporal externo se respetarán los principios de:","Proporcionalidad, igualdad de trato, no discriminación e injerencia mínima.","Necesidad, idoneidad, proporcionalidad, no discriminación.","Proporcionalidad, igualdad de trato y necesidad.",,A,verificada,oficial,BOE,examen_oficial,False,,"LO 4/2015, art. 20 (registro corporal externo)","Procedencia: examen oficial PN 41a promoción (2024), pregunta 26. [Verificación profunda 41a promoción: revisada una a una está sesión.]"
pn-of41-p27,25,ALTA,"Según dispone el artículo 14 del Real Decreto 39/1997, por el que se aprueba el Reglamento de los Servicios de Prevención, el empresario deberá constituir un servicio de prevención propio cuando se trate de empresas que cuenten con más de:",150 trabajadores.,250 trabajadores.,500 trabajadores.,,C,verificada,oficial,oficial,examen_oficial,False,,"Examen oficial PN Escala Básica 41a promoción (2024), pregunta 27. T25 - PRL (RD 39/1997, art.14): servicio de prevención propio","Procedencia: examen oficial PN 41a promoción (2024), pregunta 27. Obs.mapa: Trampa frecuente: 250 (limite de otras obligaciones) vs 500 (servicio de prevención propio) [Verificación profunda 41a promoción: revisada una a una está sesión.]"
pn-of41-p28,15,ALTA,La Comisión Nacional para la Protección de las Infraestructuras Críticas se creó como órgano colegiado adscrito a:,Centro Nacional para la Protección de las Infraestructuras Críticas.,A la Secretaría de Estado de Seguridad.,Al Ministerio del Interior.,,B,verificada,oficial,oficial,examen_oficial,False,,"Examen oficial PN Escala Básica 41a promoción (2024), pregunta 28. T15 - Infraestructuras criticas: Comisión Nacional PIC","Procedencia: examen oficial PN 41a promoción (2024), pregunta 28. Obs.mapa: Roza T7 (SES) [Verificación profunda 41a promoción: revisada una a una está sesión.]"
pn-of41-p29,18,ALTA,"Un individuo que paseando por la calle se encuentra un juego de llaves en el que en el llavero pone su dirección, el hombre se presenta en la dirección indicada, abre la puerta con las llaves que se ha encontrado y sustrae un teléfono móvil de un valor de 400 euros, posteriormente cierra la puerta y abandona el lugar, esta persona ¿Qué delito estaría cometiendo?",Delito de robo con fuerza en las cosas.,Delito de hurto.,Delito leve de hurto.,,A,verificada,oficial,oficial,examen_oficial,False,,"Examen oficial PN Escala Básica 41a promoción (2024), pregunta 29. T18 - DP patrimonio: robo con fuerza (llave hallada)","Procedencia: examen oficial PN 41a promoción (2024), pregunta 29. Obs.mapa: Las llaves perdidas/halladas se reputan llaves falsas (CP art.239) [Verificación profunda 41a promoción: revisada una a una está sesión.]"
pn-of41-p30,7,ALTA,¿A quién corresponde la función de actuar como Unidad Nacional de la Agencia de la Unión Europea para la Formación Policial (CEPOL)?,La División de Formación y Perfeccionamiento de la Dirección General de la Policía.,La Unidad de Coordinación Internacional de la División de Cooperación Internacional de la Dirección General de la Policía.,La Dirección General de Coordinación y Estudios.,,C,verificada,oficial,oficial,examen_oficial,False,,"Examen oficial PN Escala Básica 41a promoción (2024), pregunta 30. T7 - SES: Dirección General de Coordinación y Estudios (CEPOL)","Procedencia: examen oficial PN 41a promoción (2024), pregunta 30. Obs.mapa: Formación policial europea; roza T4 (cooperación) y T8 (División de Formación DGP) [Verificación profunda 41a promoción: revisada una a una está sesión.]"
pn-of41-p31,42,ALTA,"Según la normativa española y el Reglamento de Armas, un arma antigua es aquella arma de fuego cuyo modelo o cuyo año de fabricación es anterior a la siguiente fecha:",1 de enero de 1890.,1 de enero de 1880.,1 de enero de 1870. ,,A,verificada,oficial,BOE,examen_oficial,False,,RD 137/1993 Regl. Armas (arma antigua: anterior a 1-1-1890),"Procedencia: examen oficial PN 41a promoción (2024), pregunta 31. [Verificación profunda 41a promoción: revisada una a una está sesión.]"
pn-of41-p32,2,ALTA,"Según se establece en la Constitución Española, el Defensor del Pueblo es designado para la defensa de los derechos comprendidos en el Título I de la Constitución Española, por:",El Congreso de los Diputados.,El Senado.,Las Cortes Generales.,,C,verificada,oficial,oficial,examen_oficial,False,,"Examen oficial PN Escala Básica 41a promoción (2024), pregunta 32. T2 - CE: Defensor del Pueblo (designación)","Procedencia: examen oficial PN 41a promoción (2024), pregunta 32. [Verificación profunda 41a promoción: revisada una a una está sesión.]"
pn-of41-p33,40,ALTA,"Dentro del ciclo de la información, en la fase de obtención, cuando se refiere al término SIGINT, indique a qué hace referencia dicho término.",Información procedente de fuentes técnicas.,Información procedente de fuentes humanas.,Información procedente del análisis de imágenes e información geográfica.,,A,verificada,oficial,oficial,examen_oficial,False,,"Examen oficial PN Escala Básica 41a promoción (2024), pregunta 33. T40 - Inteligencia: ciclo (fase de obtención), SIGINT","Procedencia: examen oficial PN 41a promoción (2024), pregunta 33. [Verificación profunda 41a promoción: revisada una a una está sesión.]"
pn-of41-p34,8,ALTA,"¿Quién asume la gestión, asesoramiento y apoyo, a través de la Oficina del Policía, del personal adscrito a la Dirección General de la Policía?",La Secretaría General del Gabinete Técnico.,La Secretaría General de la División de Personal.,La Secretaría General de la Subdirección General de Recursos Humanos y Formación.,,B,verificada,oficial,oficial,examen_oficial,False,,"Examen oficial PN Escala Básica 41a promoción (2024), pregunta 34. T8 - DGP: División de Personal (Oficina del Policía)","Procedencia: examen oficial PN 41a promoción (2024), pregunta 34. [Verificación profunda 41a promoción: revisada una a una está sesión.]"
pn-of41-p35,41,ALTA,"¿Cómo se denomina el fraude basado en la ingeniería social y en la suplantación de identidad, que se realiza a través de llamadas telefónicas, donde el atacante suplanta la identidad de una empresa, organización o incluso de una persona de confianza, con el fin de obtener información personal de sus víctimas?",Smishing.,Phishing.,Vishing.,,C,verificada,oficial,oficial,examen_oficial,False,,"Examen oficial PN Escala Básica 41a promoción (2024), pregunta 35. T41 - Ciberdelincuencia: vishing","Procedencia: examen oficial PN 41a promoción (2024), pregunta 35. [Verificación profunda 41a promoción: revisada una a una está sesión.]"
pn-of41-p36,25,ALTA,La Dirección General de la Policía garantiza la vigilancia periódica de la salud de los funcionarios del Cuerpo Nacional de Policía. Los reconocimientos médicos establecidos para la prevención de los riesgos inherentes a la función policial serán:,Siempre de carácter voluntario y en todo caso se deberá optar por la realización de aquellos reconocimientos o pruebas que causen las menores molestias al funcionario y que sean proporcionales al riesgo.,"Siempre de carácter obligatorio y la negativa injustificada a someterse a reconocimiento médico, prueba de alcoholemia o de detección de drogas tóxicas, estupefacientes o sustancias psicotrópicas, legítimamente ordenadas, a fin de constatar la capacidad psicofísica para prestar servicio, comportará una falta disciplinaria muy grave.","Los reconocimientos médicos serán voluntarios, pudiendo resultar obligatorios en determinados casos.",,C,verificada,oficial,oficial,examen_oficial,False,,"Examen oficial PN Escala Básica 41a promoción (2024), pregunta 36. T25 - PRL en el CNP (RD 2/2006): vigilancia de la salud","Procedencia: examen oficial PN 41a promoción (2024), pregunta 36. Obs.mapa: Plantilla marca C (voluntarios, obligatorios en ciertos casos); la opción B (obligatorios + negativa muy grave, régimen disciplinario) es la trampa. Reverificar redacción del RD 2/2006 [Verificación profunda 41a promoción: revisada una a una está sesión.]"
pn-of41-p37,6,ALTA,"Para adquirirse la condición de funcionario de carrera se debe cumplir unos requisitos de forma sucesiva. Conforme dispone el Real Decreto Legislativo 5/2015, de 30 de octubre, por el que se aprueba el texto refundido de la Ley del Estatuto Básico del Empleado Público, ¿Cuál de las alternativas propuestas es el último de lo requisitos que debe cumplir para ser nombrado como tal?","Nombramiento por el órgano o autoridad competente, que será publicado en el Diario Oficial correspondiente.","Acto de acatamiento de la Constitución, y, en su caso, del Estatuto de Autonomía correspondiente y del resto del ordenamiento jurídico.",Toma de posesión dentro del plazo que se establezca. ,,C,verificada,oficial,oficial,examen_oficial,False,,"Examen oficial PN Escala Básica 41a promoción (2024), pregunta 37. T6 - TREBEP: adquisición de la condición de funcionario de carrera","Procedencia: examen oficial PN 41a promoción (2024), pregunta 37. [Verificación profunda 41a promoción: revisada una a una está sesión.]"
pn-of41-p38,8,ALTA,"Según la pertenencia a las distintas escalas, a los policías nacionales les corresponde el desempeño de las siguientes funciones:","A la escala ejecutiva, la dirección de los servicios policiales.","A la escala superior, el mando de los servicios policiales.","A la escala de subinspección, la supervisión de los servicios policiales.",,C,verificada,oficial,oficial,examen_oficial,False,,"Examen oficial PN Escala Básica 41a promoción (2024), pregunta 38. T8 - PN: escalas y funciones","Procedencia: examen oficial PN 41a promoción (2024), pregunta 38. [Verificación profunda 41a promoción: revisada una a una está sesión.]"
pn-of41-p39,35,ALTA,"La ONU aprobó la Agenda 2030 sobre el Desarrollo Sostenible, una oportunidad para que los países y sus sociedades emprendiesen un nuevo camino con el que mejorar la vida de todos, sin dejar a nadie atrás. ¿Cuál es el número de objetivos de la citada agenda?",15 objetivos.,16 objetivos.,17 objetivos.,,C,verificada,oficial,oficial,examen_oficial,False,,"Examen oficial PN Escala Básica 41a promoción (2024), pregunta 39. T35 - Desarrollo sostenible: Agenda 2030","Procedencia: examen oficial PN 41a promoción (2024), pregunta 39. [Verificación profunda 41a promoción: revisada una a una está sesión.]"
pn-of41-p40,15,ALTA,"El Catálogo Nacional de Infraestructuras Estratégicas tiene, conforme a lo dispuesto en la legislación vigente, la siguiente calificación:",Confidencial.,Reservado.,Secreto.,,C,verificada,oficial,oficial,examen_oficial,False,,"Examen oficial PN Escala Básica 41a promoción (2024), pregunta 40. T15 - Infraestructuras criticas: Catalogo Nacional","Procedencia: examen oficial PN 41a promoción (2024), pregunta 40. [Verificación profunda 41a promoción: revisada una a una está sesión.]"
pn-of41-p41,12,ALTA,"Cuando una persona solicita protección internacional, la intervención que se lleva a cabo a través de un itinerario de acogida se desarrolla en tres fases:","Valoración inicial y derivación, acogida y autonomía.","Actuación inicial y derivación, acogida y protección.","Atención primaria y derivación, acogida e inclusión social.",,A,verificada,oficial,oficial,examen_oficial,False,,"Examen oficial PN Escala Básica 41a promoción (2024), pregunta 41. T12 - Protección internacional: itinerario de acogida","Procedencia: examen oficial PN 41a promoción (2024), pregunta 41. [Verificación profunda 41a promoción: revisada una a una está sesión.]"
pn-of41-p42,16,ALTA,"El aforismo «mullun crimen, nulla poena sine praevia lege» se utiliza en Derecho penal para expresar el principio de:",Intervención mínima.,Proporcionalidad.,Legalidad.,,C,verificada,oficial,oficial,examen_oficial,False,,"Examen oficial PN Escala Básica 41a promoción (2024), pregunta 42. T16 - DP general: principio de legalidad","Procedencia: examen oficial PN 41a promoción (2024), pregunta 42. [Verificación profunda 41a promoción: revisada una a una está sesión.]"
pn-of41-p43,10,ALTA,¿Qué tipo de visado es aquel que habilita a una persona extranjera para trabajar por cuenta ajena hasta nueve meses es un período de doce meses consecutivos?,Visado de estancia.,Visado de residencia y trabajo de temporada.,Visado de tránsito.,,B,verificada,oficial,oficial,examen_oficial,False,,"Examen oficial PN Escala Básica 41a promoción (2024), pregunta 43. T10 - Extranjería: visados de trabajo","Procedencia: examen oficial PN 41a promoción (2024), pregunta 43. [Verificación profunda 41a promoción: revisada una a una está sesión.]"
pn-of41-p44,13,ALTA,"La Ley /2014, de 4 de abril, de Seguridad Privada, regula las obligaciones generales de los despachos de detectives privados, entre los que se encuentra:",Facilitar de forma inmediata a la autoridad gubernativa o a las Fuerzas y Cuerpos de Seguridad competentes las informaciones sobre hechos administrativos de que tuvieren conocimiento en relación con su trabajo.,No informar a sus clientes sobre las incidencias relativas a los asuntos que les hubieren encargado.,"Formalizar por escrito un contrato por cada servicio de investigación que les sea encargado, comunicando su celebración al Ministerio del Interior o, en su caso, al órgano autonómico competente en la forma que reglamentariamente se determine. ",,C,verificada,oficial,oficial,examen_oficial,False,,"Examen oficial PN Escala Básica 41a promoción (2024), pregunta 44. T13 - Seguridad privada (Ley 5/2014): detectives privados","Procedencia: examen oficial PN 41a promoción (2024), pregunta 44. [Verificación profunda 41a promoción: revisada una a una está sesión.]"
pn-of41-p45,18,ALTA,"Aquel que con ánimo de lucro y valiéndose de alguna manipulación informática o artificio semejante, consigan una transferencia no consentida de cualquier activo patrimonial en perjuicio de otro, estará cometiendo un delito de:",Estafa.,Apropiación indebida.,Daños informáticos.,,A,verificada,oficial,oficial,examen_oficial,False,,"Examen oficial PN Escala Básica 41a promoción (2024), pregunta 45. T18 - DP patrimonio: estafa informatica","Procedencia: examen oficial PN 41a promoción (2024), pregunta 45. Obs.mapa: Roza T20 (delitos informaticos) [Verificación profunda 41a promoción: revisada una a una está sesión.]"
pn-of41-p46,10,ALTA,"Conforme dispone el Vigente Real Decreto 629/2022, de 26 de julio, podrán obtener una autorización de residencia, por un período de doce meses, los extranjeros que por arraigo para la formación acrediten la permanencia continuada en España durante un periodo mínimo de:",Un año.,Dos años.,Tres años.,,B,borrador,oficial,oficial,examen_oficial,False,,"Examen oficial PN Escala Básica 41a promoción (2024), pregunta 46. T10 - Extranjería (RD 629/2022): arraigo para la formación","Examen oficial PN 41a (2024) p46. Respuesta 2 años (B) CORRECTA y estable. PERO enunciado DESFASADO: el RD 629/2022 (arraigo para la formacion) fue sustituido por el RD 1155/2024 (arraigo socioformativo, en vigor 20-may-2025), que mantiene el mismo requisito de 2 años de permanencia continuada. DECISION: actualizar el enunciado a RD 1155/2024/arraigo socioformativo (y se podria publicar con B) o excluir. Verificado 3x."
pn-of41-p47,9,ALTA,¿En qué caso tienen los miembros de las Fuerzas y Cuerpos de Seguridad la consideración de autoridad?,En ningún caso.,Siempre que se hallen en el ejercicio de sus funciones.,"Al efecto de su protección penal, cuando se cometa delito de atentado, empleando en su ejecución armas de fuego, explosivos u otros medios de agresión de análoga peligrosidad, que puedan poner en peligro grave la integridad física de los mismos.",,C,verificada,oficial,BOE,examen_oficial,False,,"LO 2/1986, art. 7.2 (consideración de autoridad)","Procedencia: examen oficial PN 41a promoción (2024), pregunta 47. Obs.mapa: Reverificar matiz autoridad (art.7.2, atentado con armas) vs agente de la autoridad (art.7.1): la plantilla marca B ERRATA DE PLANTILLA confirmada (BOE-600): plantilla daba B (=agente de la autoridad, art.7.1); la consideración de AUTORIDAD es el art.7.2 -> correcta C. [Verificación profunda 41a promoción: revisada una a una está sesión.]"
pn-of41-p48,17,ALTA,El Código Penal Español vigente establece que el asesinato será castigado con pena de prisión permanente revisable cuando concurra alguna de las circunstancias siguientes:,Que la víctima sea menor de dieciocho años.,Cuando el reo de asesinato hubiera sido condenado por la muerte de dos personas.,Que el hecho sea subsiguiente a un delito contra la libertad sexual que el autor hubiere cometido sobre la víctima.,,C,verificada,oficial,BOE,examen_oficial,False,,"Código Penal, art. 140.1.2a","Procedencia: examen oficial PN 41a promoción (2024), pregunta 48. Obs.mapa: Reverificar matices del art.140 CP: 'menor de 16' (no 18) y 'más de dos personas' (no dos) ERRATA DE PLANTILLA confirmada (BOE-600): plantilla daba B; el art.140 CP dice ""más de dos"" y ""menor de 16""; la que encaja literal es la C (art.140.1.2a). [Verificación profunda 41a promoción: revisada una a una está sesión.]"
pn-of41-p49,8,ALTA,"En los supuestos de vacante, ausencia o enfermedad de la persona titular de la Dirección Adjunta Operativa, corresponde a la suplencia en primer lugar a:",La persona titular del Gabinete Técnico.,La persona titular de la Subdirección General de Logística e Innovación.,La persona titular de la Subdirección General de Recursos Humanos y Formación.,,C,verificada,oficial,oficial,examen_oficial,False,,"Examen oficial PN Escala Básica 41a promoción (2024), pregunta 49. T8 - DGP: suplencia de la Dirección Adjunta Operativa","Procedencia: examen oficial PN 41a promoción (2024), pregunta 49. [Verificación profunda 41a promoción: revisada una a una está sesión.]"
pn-of41-p50,43,ALTA,"Los vehículos celulares para el transporte de detenidos, presos y penados de hasta nueve plazas, incluido el conductor y escolta, deberán estar dotados de:","Un extintor de polvo de 6 kilogramos, situado de forma que sea fácilmente accesible a los miembros de la escolta.","Un extintor de polvo de 8 kilogramos, situado de forma que sea fácilmente accesible a los miembros de la escolta.","Un extintor de polvo de 12 kilogramos, situado de forma que sea fácilmente accesible a los miembros de la escolta.",,A,verificada,oficial,oficial,examen_oficial,False,,"Examen oficial PN Escala Básica 41a promoción (2024), pregunta 50. T43 - Vehículos: vehículo celular (Orden INT/2573/2015)","Procedencia: examen oficial PN 41a promoción (2024), pregunta 50. [Verificación profunda 41a promoción: revisada una a una está sesión.]"
pn-of41-p51,8,ALTA,"En la organización central de la Dirección General de la Policía se encuentra la Comisaría Especial del Senado, que se enmarca dentro de la:",Comisaría General de Seguridad Ciudadana.,División de Operaciones y Transformación Digital.,División de Personal. ,,B,verificada,oficial,oficial,examen_oficial,False,,"Examen oficial PN Escala Básica 41a promoción (2024), pregunta 51. T8 - DGP: organización central","Procedencia: examen oficial PN 41a promoción (2024), pregunta 51. [Verificación profunda 41a promoción: revisada una a una está sesión.]"
pn-of41-p52,8,ALTA,"Según dispone el artículo 10 de la Ley Orgánica 4/2010, de 20 de mayo, del Régimen disciplinario del Cuerpo Nacional de Policía, la sanción de traslado forzoso puede imponerse:",Sólo por la comisión de una falta muy grave.,"Por la comisión de una falta grave o muy grave, en función de las circunstancias concurrentes.",Sólo por la comisión de una falta grave.,,A,verificada,oficial,oficial,examen_oficial,False,,"Examen oficial PN Escala Básica 41a promoción (2024), pregunta 52. T8 - Régimen disciplinario PN (LO 4/2010, art.10)","Procedencia: examen oficial PN 41a promoción (2024), pregunta 52. [Verificación profunda 41a promoción: revisada una a una está sesión.]"
pn-of41-p53,4,ALTA,¿Qué país forma parte de la Unión Europea?,Irlanda.,Turquía.,Escocia.,,A,verificada,oficial,oficial,examen_oficial,False,,"Examen oficial PN Escala Básica 41a promoción (2024), pregunta 53. T4 - UE: Estados miembros","Procedencia: examen oficial PN 41a promoción (2024), pregunta 53. [Verificación profunda 41a promoción: revisada una a una está sesión.]"
pn-of41-p54,19,ALTA,"Se impondrán las mismas penas del delito de atentado a quienes acometan, empleen violencia o intimiden gravemente a:","Personal de seguridad privada, debidamente identificado, que desarrolle actividades de seguridad privada en cooperación y bajo el mando de las Fuerzas y Cuerpos de Seguridad.","Bomberos que estuvieran interviniendo con ocasión de un siniestro, calamidad pública o situación de emergencia, con la finalidad de atentar contra su integridad física.","Miembros del persona sanitario que estuvieran interviniendo con ocasión de un siniestro, calamidad pública o situación de emergencia, con la finalizad de atenta contra su integridad física o moral.",,B,verificada,oficial,oficial,examen_oficial,False,,"Examen oficial PN Escala Básica 41a promoción (2024), pregunta 54. T19 - DP orden público: atentado (sujetos asimilados)","Procedencia: examen oficial PN 41a promoción (2024), pregunta 54. [Verificación profunda 41a promoción: revisada una a una está sesión.]"
pn-of41-p55,28,ALTA,"El Foro Social Mundial es un evento internacional que busca promover el diálogo y la reflexión crítica sobre las alternativas al modelo económico neoliberal. Desde su primera edición, ha reunido movimientos sociales y organizaciones de todo el Mundo. ¿Dónde y el qué año se celebró el primer Foro Social Mundial?","Bombay, India (2004).","Porto Alegre, Brasil (2001).","Salvador, Brasil (2018).",,B,verificada,oficial,oficial,examen_oficial,False,,"Examen oficial PN Escala Básica 41a promoción (2024), pregunta 55. T28 - Foro Social Mundial (primera edición)","Procedencia: examen oficial PN 41a promoción (2024), pregunta 55. [Verificación profunda 41a promoción: revisada una a una está sesión.]"
pn-of41-p56,12,ALTA,"En virtud de lo establecido en el artículo 23 Ley 12/2009, de 30 de octubre, reguladora del derecho de asilo y la protección subsidiaria, el órgano competente para la tramitación de las solicitudes de protección internacional es:",La Oficina de Protección Internacional.,La Oficina de Asilo y Refugio.,La Oficina de Extranjería.,,B,verificada,oficial,BOE,examen_oficial,False,,"Ley 12/2009, art. 23 (Oficina de Asilo y Refugio)","Procedencia: examen oficial PN 41a promoción (2024), pregunta 56. [Verificación profunda 41a promoción: revisada una a una está sesión.]"
pn-of41-p57,27,ALTA,"Visitar los lugares donde se encuentren o pudieran encontrarse personas privadas de su libertad en cada Estado Parte y hacer recomendaciones a los Estados Partes en cuanto a la protección de las personas privadas de su libertad contra la tortura y otros tratos o penas crueles, inhumanos o degradantes, constituye un mandato de:",El Subcomité para la Prevención de la Tortura.,Amnistía Internacional.,El Defensor del Pueblo.,,A,verificada,oficial,oficial,examen_oficial,False,,"Examen oficial PN Escala Básica 41a promoción (2024), pregunta 57. T27 - DDHH: Subcomite para la Prevención de la Tortura","Procedencia: examen oficial PN 41a promoción (2024), pregunta 57. [Verificación profunda 41a promoción: revisada una a una está sesión.]"
pn-of41-p58,8,ALTA,"El Sr. Pérez, Oficial de Policía, destinado en un puesto de seguridad, no va provisto en el acto de servicio con el arma reglamentaria. Transcurridas varias horas realizando el servicio, el Comisario, Jefe de la Dependencia, se percata de la situación, no mediando autorización alguna para no portar el arma. Según la Ley Orgánica 4/2010 de 20 de mayo, del Régimen Disciplinario del Cuerpo Nacional de Policía, ¿Qué infracción disciplinaria está cometiendo el Sr. Pérez?",Una falta leve.,Una falta grave.,Una falta muy grave. ,,B,verificada,oficial,oficial,examen_oficial,False,,"Examen oficial PN Escala Básica 41a promoción (2024), pregunta 58. T8 - Régimen disciplinario PN (LO 4/2010): falta grave","Procedencia: examen oficial PN 41a promoción (2024), pregunta 58. [Verificación profunda 41a promoción: revisada una a una está sesión.]"
pn-of41-p59,8,ALTA,"¿Qué unidad, dentro de la Comisaría General de Policía Científica, será la encargada de la realización de los informes periciales en materia de falsificación documental?",La Unidad Central de Análisis Científicos.,La Unidad Central de Identificación.,La Unidad Central de Criminalística.,,C,verificada,oficial,oficial,examen_oficial,False,,"Examen oficial PN Escala Básica 41a promoción (2024), pregunta 59. T8 - DGP: Comisaria General de Policía Científica","Procedencia: examen oficial PN 41a promoción (2024), pregunta 59. [Verificación profunda 41a promoción: revisada una a una está sesión.]"
pn-of41-p60,3,ALTA,¿Por quién es nombrado el Presidente del Tribunal Constitucional?,Por mayoría del Tribunal en pleno.,Por el Rey.,Por el Consejo General del Poder Judicial.,,B,verificada,oficial,oficial,examen_oficial,False,,"Examen oficial PN Escala Básica 41a promoción (2024), pregunta 60. T3 - Tribunal Constitucional: Presidente","Procedencia: examen oficial PN 41a promoción (2024), pregunta 60. [Verificación profunda 41a promoción: revisada una a una está sesión.]"
pn-of41-p61,23,ALTA,"En virtud de los dispuesto en la Ley Orgánica 3/2007, de 22 de marzo, para la igualdad efectiva de mujeres y hombres, la situación en la que se encuentra una persona que sea, haya sido o pudiera ser tratada, en atención a su sexo, de manera menos favorable que otra en situación comparable, se considera:",Discriminación interseccional por razón de sexo.,Discriminación directa por razón de sexo.,Discriminación indirecta por razón de sexo.,,B,verificada,oficial,oficial,examen_oficial,False,,"Examen oficial PN Escala Básica 41a promoción (2024), pregunta 61. T23 - Igualdad (LO 3/2007): tipos de discriminación","Procedencia: examen oficial PN 41a promoción (2024), pregunta 61. [Verificación profunda 41a promoción: revisada una a una está sesión.]"
pn-of41-p62,18,ALTA,"El delito de estafa incardinado dentro de los delitos contra el patrimonio y contra el orden socioeconómico, constituirá un tipo agravado que será castigado con penas de prisión de uno a seis años y multa de seis a doce meses, cuando el valor de la defraudación supere la cantidad de:",25.000 euros.,30.000 euros.,50.000 euros.,,C,verificada,oficial,oficial,examen_oficial,False,,"Examen oficial PN Escala Básica 41a promoción (2024), pregunta 62. T18 - DP patrimonio: estafa agravada (CP art.250)","Procedencia: examen oficial PN 41a promoción (2024), pregunta 62. [Verificación profunda 41a promoción: revisada una a una está sesión.]"
pn-of41-p63,17,ALTA,"Respecto al delito de lesiones, ¿Cuál de las afirmaciones que se exponen es la correcta?","En los delitos de lesiones, si ha mediado consentimiento de la víctima menor de edad, se impondrá la pena inferior en uno o dos grados.",Se considerarán cometidas por imprudencia grave las lesiones causadas por el que conduzca un vehículo a motor a una velocidad superior en sesenta kilómetros por hora en vía urbana.,"La provocación, la conspiración y la proposición para cometer un delito de lesiones no está prevista en el código penal.",,B,verificada,oficial,oficial,examen_oficial,False,,"Examen oficial PN Escala Básica 41a promoción (2024), pregunta 63. T17 - DP especial: lesiones","Procedencia: examen oficial PN 41a promoción (2024), pregunta 63. Obs.mapa: Reverificar redacción del tipo imprudente del CP [Verificación profunda 41a promoción: revisada una a una está sesión.]"
pn-of41-p64,19,ALTA,"La tenencia de armas de fuego reglamentadas, careciendo de las licencias o permisos necesarios, será castigada:",Más gravemente si se tratara de armas cortas.,"Se castigará con la misma pena, independientemente se trate de armas cortas o armas largas.","En el caso de las armas largas, su tenencia no constituye infracción penal, sino administrativa.",,A,verificada,oficial,oficial,examen_oficial,False,,"Examen oficial PN Escala Básica 41a promoción (2024), pregunta 64. T19 - DP orden público: tenencia ilicita de armas (CP art.564)","Procedencia: examen oficial PN 41a promoción (2024), pregunta 64. Obs.mapa: Roza T42 (clasificación de armas) [Verificación profunda 41a promoción: revisada una a una está sesión.]"
pn-of41-p65,12,ALTA,"Conforme dispone el Real Decreto 865/2001, de 20 de julio, por el que se aprueba el Reglamento de reconocimiento del estatuto de apátrida, cuando la solicitud de reconocimiento del estatuto de apátrida se inicie por el interesado, será presentada ante:",La Oficina de Asilo y Refugio.,La Oficina de Asilo y Refugio o las Oficinas de Extranjería.,"La Oficina de Asilo y Refugio, las Oficinas de Extranjería o Comisarías de Policía. ",,C,verificada,oficial,oficial,examen_oficial,False,,"Examen oficial PN Escala Básica 41a promoción (2024), pregunta 65. T12 - Apatridas (RD 865/2001): solicitud","Procedencia: examen oficial PN 41a promoción (2024), pregunta 65. [Verificación profunda 41a promoción: revisada una a una está sesión.]"
pn-of41-p66,37,ALTA,¿Cuál de las siguientes frases está escrita correctamente?,Los lugareños veneran con devoción una antigua imagen de la Virgen albergada en la hermita.,Los investigadores descubrieron una nueva especie de planta durante la expedición del onceavo mes.,"Las reacciones químicas exotérmicas liberan energía en forma de calor, mientras que las endotérmicas absorben energía del entorno.",,C,verificada,oficial,oficial,examen_oficial,False,,"Examen oficial PN Escala Básica 41a promoción (2024), pregunta 66. T37 - Ortografia","Procedencia: examen oficial PN 41a promoción (2024), pregunta 66. [Verificación profunda 41a promoción: revisada una a una está sesión.]"
pn-of41-p67,43,ALTA,"Conforme regula la Orden INT/2573/2015, los vehículos celulares para el transporte de detenidos, presos y penados de hasta nueve plazas, incluido el conductor y escolta irán provistos de una climatización que permita mantener una temperatura aproximada en los distintos habitáculos entre:",15 ºC y 25ºC.,18 ºC y 28ºC.,20ºC y 30ºC.,,B,verificada,oficial,oficial,examen_oficial,False,,"Examen oficial PN Escala Básica 41a promoción (2024), pregunta 67. T43 - Vehículos: vehículo celular (Orden INT/2573/2015)","Procedencia: examen oficial PN 41a promoción (2024), pregunta 67. [Verificación profunda 41a promoción: revisada una a una está sesión.]"
pn-of41-p68,14,ALTA,"Un varón de 21 años de edad es detectado, por dos policías que están prestando servicio, fumando cannabis a las 16.00 horas en un parque situado en el Distrito de Chamartín. Acorde con la Ley Orgánica 4/2015, de 30 de marzo, de protección de seguridad ciudadana, ¿Qué tipo de infracción constituyen tales hechos?",Infracción leve.,Infracción menos grave.,Infracción grave.,,C,verificada,oficial,oficial,examen_oficial,False,,"Examen oficial PN Escala Básica 41a promoción (2024), pregunta 68. T14 - LO 4/2015: infracción grave (consumo de drogas)","Procedencia: examen oficial PN 41a promoción (2024), pregunta 68. [Verificación profunda 41a promoción: revisada una a una está sesión.]"
pn-of41-p69,9,ALTA,¿Cuál es una de las funciones del Consejo de Policía?,La emisión de informes en los expedientes disciplinarios que se instruyan por faltas graves contra cualquier miembro de la Policía Nacional.,La participación en el establecimiento de los criterios generales de la acción sindical.,El estudio de los datos relativos al personal que pasa a las situaciones de segunda actividad y jubilación por lesiones sufridas en acto de servicio.,,A,verificada,oficial,oficial,examen_oficial,False,,"Examen oficial PN Escala Básica 41a promoción (2024), pregunta 69. T9 - Consejo de Policía: funciones","Procedencia: examen oficial PN 41a promoción (2024), pregunta 69. Obs.mapa: [Plano3] Plantilla marcaba 'G' (inexistente). Verificado contra art.94 LO 9/2015: la respuesta correcta es A (el Consejo emite informes en expedientes disciplinarios). Las opciones b y c no son funciones del Consejo La plantilla original del PDF marcaba ""G"" (inexistente); corregida a A (art.94 LO 9/2015). Respuesta A. [Verificación profunda 41a promoción: revisada una a una está sesión.]"
pn-of41-p70,34,ALTA,¿Qué tipo de droga es la mescalina?,Perturbadora / alucinógena.,Depresora.,Estimulante.,,A,verificada,oficial,oficial,examen_oficial,False,,"Examen oficial PN Escala Básica 41a promoción (2024), pregunta 70. T34 - Drogodependencias: clasificación","Procedencia: examen oficial PN 41a promoción (2024), pregunta 70. [Verificación profunda 41a promoción: revisada una a una está sesión.]"
pn-of41-p71,5,ALTA,"Según el artículo 55 de la Ley 40/2015 de Régimen Jurídico del Sector Público, se consideran órganos superiores en la organización central de la Administración General del Estado:","Los Ministros, los Secretarios de Estado y los Subsecretarios.","Los Ministros, los Secretarios de Estado y los Directores Generales.",Los Ministros y los Secretarios de Estado.,,C,verificada,oficial,BOE,examen_oficial,False,,"Ley 40/2015, art. 55 (órganos superiores)","Procedencia: examen oficial PN 41a promoción (2024), pregunta 71. [Verificación profunda 41a promoción: revisada una a una está sesión.]"
pn-of41-p72,3,ALTA,"Conforme figura en la Constitución Española, y concretamente en el artículo 162.1 a), están legitimados para interponer el recurso de inconstitucionalidad:","Toda persona natural o jurídica que invoque un interés legítimo, así como el Defensor del Pueblo y el Ministerio Fiscal.","El Defensor del Pueblo, el Ministerio Fiscal así como Jueces y Magistrados.","El Presidente del Gobierno, el Defensor del Pueblo, 50 Diputados, 50 Senadores, los órganos colegiados ejecutivos de las Comunidades Autónomas y, en su caso, las Asambleas de las mismas. ",,C,verificada,oficial,oficial,examen_oficial,False,,"Examen oficial PN Escala Básica 41a promoción (2024), pregunta 72. T3 - TC (CE art.162.1.a): recurso de inconstitucionalidad","Procedencia: examen oficial PN 41a promoción (2024), pregunta 72. [Verificación profunda 41a promoción: revisada una a una está sesión.]"
pn-of41-p73,27,ALTA,"El Defensor del Pueblo, que ejercerá funciones del Mecanismo Nacional de Prevención de la Tortura, dará cuenta ante las Cortes Generales de las gestiones realizadas, en un informe que presentará ante las mismas de forma:",Semestral.,Anual.,Bianual.,,B,verificada,oficial,oficial,examen_oficial,False,,"Examen oficial PN Escala Básica 41a promoción (2024), pregunta 73. T27 - DDHH: Mecanismo Nacional de Prevención de la Tortura","Procedencia: examen oficial PN 41a promoción (2024), pregunta 73. Obs.mapa: El MNP lo ejerce el Defensor del Pueblo (roza T2) [Verificación profunda 41a promoción: revisada una a una está sesión.]"
pn-of41-p74,1,ALTA,"Siempre que el interesado manifieste ser esa su voluntad, ¿Cómo se adquiere la vecindad civil?",Por residencia continuada durante un año.,Por residencia continuada durante dos años.,Por residencia continuada durante cinco años.,,B,verificada,oficial,oficial,examen_oficial,False,,"Examen oficial PN Escala Básica 41a promoción (2024), pregunta 74. T1 - Vecindad civil (CC art.14)","Procedencia: examen oficial PN 41a promoción (2024), pregunta 74. [Verificación profunda 41a promoción: revisada una a una está sesión.]"
pn-of41-p75,1,ALTA,"El nacimiento determina la personalidad, pero el concebido se tiene por nacido para todos los efectos que le sean favorables, siempre que nazca con las condiciones que expresa el Código Civil, concretamente en su artículo 30, que dice:",Se reputará nacido el feto que tuviere figura humana y viviere veinticuatro horas enteramente desprendido del claustro materno.,"Para los efectos civiles, sólo se reputará nacido el feto que viviere veinticuatro horas enteramente deprendido del seno materno.","La personalidad se adquiere en el momento del nacimiento con vida, una vez producido el entero desprendimiento del seno materno.",,C,verificada,oficial,oficial,examen_oficial,False,,"Examen oficial PN Escala Básica 41a promoción (2024), pregunta 75. T1 - La persona (CC art.30): nacimiento","Procedencia: examen oficial PN 41a promoción (2024), pregunta 75. [Verificación profunda 41a promoción: revisada una a una está sesión.]"
pn-of41-p76,25,ALTA,"¿Qué organismo recogido en el RD 2/2006, de 16 de enero, por el que se establecen normas sobre prevención de riesgos laborales en la actividad de los funcionarios del Cuerpo Nacional de Policía tiene la función de promover iniciativas sobre métodos y procedimientos para la efectiva prevención de los riesgos, proponiendo la mejora de las condiciones o la corrección de la existentes?",La Comisión de seguridad y salud laboral policial.,El Comité de seguridad y salud.,El Servicio de prevención de riesgos laborales.,,A,verificada,oficial,oficial,examen_oficial,False,,"Examen oficial PN Escala Básica 41a promoción (2024), pregunta 76. T25 - PRL en el CNP (RD 2/2006): órganos","Procedencia: examen oficial PN 41a promoción (2024), pregunta 76. [Verificación profunda 41a promoción: revisada una a una está sesión.]"
pn-of41-p77,27,ALTA,"Tal y como figura en el artículo 5 del Instrumento de ratificación del Protocolo facultativo a la Convención contra la tortura y otros tratos o penas crueles, inhumanos o degradantes, ¿de cuántos miembros estará compuesto el Subcomité para la Prevención, una vez que se haya registrado la quincuagésima ratificación del presente Protocolo o adhesión a él?",10 miembros.,15 miembros.,25 miembros.,,C,verificada,oficial,oficial,examen_oficial,False,,"Examen oficial PN Escala Básica 41a promoción (2024), pregunta 77. T27 - DDHH: Protocolo facultativo (Subcomite)","Procedencia: examen oficial PN 41a promoción (2024), pregunta 77. [Verificación profunda 41a promoción: revisada una a una está sesión.]"
pn-of41-p78,21,ALTA,El Tribunal del Jurado será competente para el conocimiento y fallo de las causas por los delitos tipificados en el Código Penal:,Negociaciones prohibidas a funcionarios públicos.,Prevaricación.,"Atentado a la Autoridad, funcionarios públicos o sus agentes. ",,A,verificada,oficial,oficial,examen_oficial,False,,"Examen oficial PN Escala Básica 41a promoción (2024), pregunta 78. T21 - Proc. penal: Tribunal del Jurado (competencia)","Procedencia: examen oficial PN 41a promoción (2024), pregunta 78. Obs.mapa: La prevaricación NO está en el catalogo del Jurado (LO 5/1995) [Verificación profunda 41a promoción: revisada una a una está sesión.]"
pn-of41-p79,14,ALTA,"Las infracciones tipificadas en la Ley Orgánica 4/2015 de protección de seguridad ciudadana se clasifican en muy graves, graves y leves. Entre las infracciones graves se encuentra:","La proyección de haces de luz, mediante cualquier tipo de dispositivo, sobre los pilotos o conductores de medios de transporte que puedan deslumbrarles o distraer su atención y provocar accidentes.",La celebración de espectáculos públicos o actividades recreativas quebrantando la prohibición o suspensión ordenada por al autoridad correspondiente por razones de seguridad pública.,"La perturbación del desarrollo de una reunión o manifestación lícita, cuando no constituya infracción penal.",,C,verificada,oficial,oficial,examen_oficial,False,,"Examen oficial PN Escala Básica 41a promoción (2024), pregunta 79. T14 - LO 4/2015: infracciones graves","Procedencia: examen oficial PN 41a promoción (2024), pregunta 79. [Verificación profunda 41a promoción: revisada una a una está sesión.]"
pn-of41-p80,23,ALTA,¿Cuál de las siguientes leyes hace referencia a la Ley de promoción de la autonomía personal y atención a las personas en situación de dependencia?,Ley 39/2006.,Ley 40/2006.,Ley 41/2006.,,A,verificada,oficial,oficial,examen_oficial,False,,"Examen oficial PN Escala Básica 41a promoción (2024), pregunta 80. T23 - Dependencia (Ley 39/2006)","Procedencia: examen oficial PN 41a promoción (2024), pregunta 80. [Verificación profunda 41a promoción: revisada una a una está sesión.]"
pn-of41-p81,1,ALTA,"Para la concesión de la nacionalidad por residencia, bastará el tiempo de residencia de un año:",Para aquellos que hayan obtenido la condición de refugiado.,Para el que no haya ejercitado oportunamente la facultad de optar.,Para el que haya estado sujeto legalmente a la tutela de un ciudadano o institución españoles durante cinco años consecutivos.,,B,verificada,oficial,oficial,examen_oficial,False,,"Examen oficial PN Escala Básica 41a promoción (2024), pregunta 81. T1 - Nacionalidad por residencia (CC art.22)","Procedencia: examen oficial PN 41a promoción (2024), pregunta 81. [Verificación profunda 41a promoción: revisada una a una está sesión.]"
pn-of41-p82,4,ALTA,El Tribunal de Justicia de la Unión Europea tiene su sede en:,La Haya.,Luxemburgo.,Estrasburgo.,,B,verificada,oficial,oficial,examen_oficial,False,,"Examen oficial PN Escala Básica 41a promoción (2024), pregunta 82. T4 - UE: TJUE (sede)","Procedencia: examen oficial PN 41a promoción (2024), pregunta 82. [Verificación profunda 41a promoción: revisada una a una está sesión.]"
pn-of41-p83,29,ALTA,"El concepto relativo a «una imagen mental muy simplificada y generalizada basada en creencias compartidas y suelen exagerar un determinado rasgo que se cree que tiene el grupo en cuestión», corresponde a definición de:",Prejuicio.,Estereotipo.,Dogmatismo.,,B,verificada,oficial,oficial,examen_oficial,False,,"Examen oficial PN Escala Básica 41a promoción (2024), pregunta 83. T29 - Actitudes y valores: estereotipos","Procedencia: examen oficial PN 41a promoción (2024), pregunta 83. [Verificación profunda 41a promoción: revisada una a una está sesión.]"
pn-of41-p84,14,ALTA,"Según el artículo 16.2 de la LO 4/2015, de 30 de marzo, de protección de seguridad ciudadana, cuando no fuera posible la identificación por cualquier medio, los agentes, para impedir la comisión de un delito o al objeto de sancionar una infracción, podrán requerir a quienes no pudieran ser identificados que les acompañen a las dependencias policiales más próximas en las que se disponga de los medios adecuados para la práctica de esta diligencia, a los solo efectos de su identificación y por el tiempo estrictamente necesario, que en ningún caso podrá superar:",6 horas.,8 horas.,9 horas. ,,A,verificada,oficial,BOE,examen_oficial,False,,"LO 4/2015, art. 16.2 (máximo seis horas)","Procedencia: examen oficial PN 41a promoción (2024), pregunta 84. [Verificación profunda 41a promoción: revisada una a una está sesión.]"
pn-of41-p85,38,ALTA,Android es un sistema operativo que se diseñó especialmente para ser utilizado en dispositivos móviles ¿En qué sistema operativo está basado?,Windows.,Núcleo Linux.,Mac Os.,,B,verificada,oficial,oficial,examen_oficial,False,,"Examen oficial PN Escala Básica 41a promoción (2024), pregunta 85. T38 - Sistemas operativos","Procedencia: examen oficial PN 41a promoción (2024), pregunta 85. [Verificación profunda 41a promoción: revisada una a una está sesión.]"
pn-of41-p86,37,ALTA,Indique cuál de las siguientes frases está escrita correctamente:,El reciclaje adecuado de deshechos electrónicos reduce la contaminación por metales pesados.,"Tras un largo día de trabajo, finalmente se sentó en el sillón y pudo disfrutar agusto de la tranquilidad del hogar.",La genialidad de Salvador Dalí es un caso aparte en la historia del arte.,,C,verificada,oficial,oficial,examen_oficial,False,,"Examen oficial PN Escala Básica 41a promoción (2024), pregunta 86. T37 - Ortografia","Procedencia: examen oficial PN 41a promoción (2024), pregunta 86. [Verificación profunda 41a promoción: revisada una a una está sesión.]"
pn-of41-p87,11,ALTA,"¿Qué tipo de infracción constituye el hecho de consentir la inscripción de un extranjero en el Padrón Municipal por parte del titular de una vivienda habilitado para tal fin, cuando dicha vivienda no constituya el domicilio real del extranjero?",Infracción leve.,Infracción grave.,Infracción muy grave.,,B,verificada,oficial,BOE,examen_oficial,False,,"LO 4/2000, art. 53 (infracción grave)","Procedencia: examen oficial PN 41a promoción (2024), pregunta 87. [Verificación profunda 41a promoción: revisada una a una está sesión.]"
pn-of41-p88,40,ALTA,¿Cómo se denomina el sesgo cognitivo por el que un analista de inteligencia tiende a confiar más en la primera información que ha recibido para la toma posterior de decisiones en detrimento de otras?,Sesgo de punto ciego.,Sesgo de efecto anclaje.,Sesgo de compensación de riesgo.,,B,verificada,oficial,oficial,examen_oficial,False,,"Examen oficial PN Escala Básica 41a promoción (2024), pregunta 88. T40 - Inteligencia: sesgos cognitivos","Procedencia: examen oficial PN 41a promoción (2024), pregunta 88. [Verificación profunda 41a promoción: revisada una a una está sesión.]"
pn-of41-p89,20,ALTA,"Señale cuál de las siguientes alternativas constituiría una agravante respecto del delito del descubrimiento y revelación de secretos, por parte de aquel que, sin consentimiento alguno, descubra los secretos o vulnere la intimidad de un tercero:","Se cometa por persona encargadas o responsables de los ficheros, soportes informáticos, electrónicos o telemáticos, archivos o registros.","Aquel que, sin estar autorizado, se apodere, utilice o modifique, en perjuicio de un tercero, datos reservados de carácter personal o familiar de otro que se hallen registrados en ficheros o soportes informáticos, electrónicos o telemáticos, o en cualquier otro tipo de archivo o registro público.","Aquel que, sin estar autorizado, acceda por cualquier medio datos reservados de carácter personal o los altere o utilice en perjuicio del titular de los datos o de un tercero.",,A,verificada,oficial,oficial,examen_oficial,False,,"Examen oficial PN Escala Básica 41a promoción (2024), pregunta 89. T20 - Intimidad: descubrimiento/revelación de secretos (CP art.197)","Procedencia: examen oficial PN 41a promoción (2024), pregunta 89. Obs.mapa: ATENCION coherencia: en la Promo 42 las preguntas de intimidad (P4, P34) se clasificaron en T17; conviene armonizar el criterio (intimidad = T20) [Verificación profunda 41a promoción: revisada una a una está sesión.]"
pn-of41-p90,9,ALTA,"De acuerdo con lo establecido en la Instrucción número 1/2024 de la Secretaría de Estado de Seguridad por la que se aprueba el «procedimiento integral de la detención policial», en relación con el empleo de la fuerza en la detención, ¿Qué principio debe entenderse como «… la necesidad o no de recurrir a la coacción física en la detención, de acuerdo con los datos conocidos sobre la situación y el sujeto en cuestión»? :",Oportunidad.,Congruencia.,Proporcionalidad. ,,A,verificada,oficial,oficial,examen_oficial,False,,"Examen oficial PN Escala Básica 41a promoción (2024), pregunta 90. T9 - LO 2/1986: principios del uso de la fuerza","Procedencia: examen oficial PN 41a promoción (2024), pregunta 90. Obs.mapa: Principios del empleo de la fuerza (T9); soporte normativo en la Instrucción de detención (roza T21) [Verificación profunda 41a promoción: revisada una a una está sesión.]"
pn-of41-p91,20,ALTA,"La Ley de Enjuiciamiento Criminal, en su artículo 588 septies a, dice que el juez competente podrá autorizar la utilización de datos de identificación y códigos, así como la instalación de un software, que permitan, de forma remota y telemática, el examen a distancia y sin conocimiento del titular o usuario del contenido de un ordenador, dispositivo electrónico, sistema informático, instrumento de almacenamiento masivo de datos informáticos o base de datos, en la investigación de los siguientes delitos :",Delitos contra menores o personas con capacidad modificada judicialmente.,Delitos contra la libertad e indemnidad sexual.,Delitos contra el orden público.,,A,verificada,oficial,web,examen_oficial,False,,"LECrim art. 588 septies a.1 (registro remoto: organizaciones criminales, terrorismo, contra menores o personas con capacidad modificada, contra la Constitución/traición/defensa nacional, instrumentos informáticos)","Examen oficial PN 41a (2024) p91. ERRATA DE PLANTILLA corregida C->A: ""orden público"" NO figura en el art. 588 septies a LECrim; la unica opcion del listado es A (delitos contra menores o personas con capacidad modificada judicialmente). Verificado 3x contra LECrim art. 588 septies a."
pn-of41-p92,12,ALTA,"En virtud de lo dispuesto en la Ley 12/2009 de 30 de octubre, ¿Quién podrá no admitir a trámite una solicitud de protección internacional presentada en un puesto fronterizo de aquella persona extranjeras que no reúna los requisitos necesarios para entrar en territorio español?",El Ministro del Interior.,El Jefe del Puesto Fronterizo.,El Director General de la Policía.,,A,verificada,oficial,BOE,examen_oficial,False,,"Ley 12/2009, art. 21.1 (Ministro del Interior)","Procedencia: examen oficial PN 41a promoción (2024), pregunta 92. [Verificación profunda 41a promoción: revisada una a una está sesión.]"
pn-of41-p93,40,ALTA,"¿Qué herramienta OSINT permite visualizar de manera gráfica las relaciones entre personas, empresas, páginas web, documentos a partir de información pública?",Theharvester.,Maltego.,Cree.py.,,B,verificada,oficial,oficial,examen_oficial,False,,"Examen oficial PN Escala Básica 41a promoción (2024), pregunta 93. T40 - OSINT: herramientas","Procedencia: examen oficial PN 41a promoción (2024), pregunta 93. [Verificación profunda 41a promoción: revisada una a una está sesión.]"
pn-of41-p94,1,ALTA,"Conforme a la figura en el Código Civil, ¿Para qué personas NO será suficiente la residencia por dos años para la concesión de la nacionalidad española por residencia?",Nacionales de origen de Andorra.,Nacionales de origen de Portugal.,Nacionales de origen de Mónaco.,,C,verificada,oficial,oficial,examen_oficial,False,,"Examen oficial PN Escala Básica 41a promoción (2024), pregunta 94. T1 - Nacionalidad por residencia (CC art.22)","Procedencia: examen oficial PN 41a promoción (2024), pregunta 94. [Verificación profunda 41a promoción: revisada una a una está sesión.]"
pn-of41-p95,8,ALTA,"Dentro de la Comisaría General de Seguridad Ciudadana, la Oficina Nacional de Deportes, encargada entre otras cosas, de todas las funciones relacionadas con la prevención de la violencia en el deporte, depende de:",Secretaría General.,Unidad Central de Coordinación Operativa y Técnica.,Unidad de Control Organizativo.,,B,verificada,oficial,oficial,examen_oficial,False,,"Examen oficial PN Escala Básica 41a promoción (2024), pregunta 95. T8 - DGP: CG de Seguridad Ciudadana (Oficina Nacional de Deportes)","Procedencia: examen oficial PN 41a promoción (2024), pregunta 95. [Verificación profunda 41a promoción: revisada una a una está sesión.]"
pn-of41-p96,2,ALTA,"Según el artículo 21 de la Constitución, que reconoce el derecho de reunión:",El ejercicio del derecho de reunión pacifica y sin armas necesitará autorización previa.,La reuniones deberán inscribirse en un registro a los solos efectos de publicidad.,En el caso de reuniones en lugares de tránsito público y manifestaciones se dará comunicación previa a la autoridad.,,C,verificada,oficial,oficial,examen_oficial,False,,"Examen oficial PN Escala Básica 41a promoción (2024), pregunta 96. T2 - CE (art.21): derecho de reunión","Procedencia: examen oficial PN 41a promoción (2024), pregunta 96. [Verificación profunda 41a promoción: revisada una a una está sesión.]"
pn-of41-p97,4,ALTA,"¿En virtud de qué Tratado se prevé el intercambio entre las Partes contratantes de perfiles de ADN, datos dactiloscópicos, registros de matriculación de vehículos y datos personales y no personales relacionados con la cooperación policial transfronteriza?",Tratado de Prüm.,Tratado de Lisboa.,Tratado de Maastricht. ,,A,verificada,oficial,oficial,examen_oficial,False,,"Examen oficial PN Escala Básica 41a promoción (2024), pregunta 97. T4 - UE: cooperación policial (Tratado de Prum)","Procedencia: examen oficial PN 41a promoción (2024), pregunta 97. Obs.mapa: Roza T8 (estructura de cooperación en la DGP) [Verificación profunda 41a promoción: revisada una a una está sesión.]"
pn-of41-p98,3,ALTA,"Según se establece en el artículo 167.1 de la Constitución Española, los proyectos de reforma constitucional deberán ser aprobados por:",Mayoría absoluta de cada una de las Cámaras.,Mayoría de tres quintos de cada una de las Cámaras.,Mayoría de dos tercios de cada una de las Cámaras.,,B,verificada,oficial,oficial,examen_oficial,False,,"Examen oficial PN Escala Básica 41a promoción (2024), pregunta 98. T3 - Reforma constitucional (CE art.167.1)","Procedencia: examen oficial PN 41a promoción (2024), pregunta 98. [Verificación profunda 41a promoción: revisada una a una está sesión.]"
pn-of41-p99,21,ALTA,"En el cumplimiento de sus funciones, los funcionarios adscritos a Unidades de Policía Judicial dependen:",Orgánicamente del Ministerio del Interior.,Orgánicamente del Ministerio de Justicia.,"Orgánicamente de los Jueces, Tribunales o Ministerio Fiscal que estén conociendo del asunto objeto de su investigación.",,A,verificada,oficial,oficial,examen_oficial,False,,"Examen oficial PN Escala Básica 41a promoción (2024), pregunta 99. T21 - Policía Judicial: dependencia orgánica","Procedencia: examen oficial PN 41a promoción (2024), pregunta 99. [Verificación profunda 41a promoción: revisada una a una está sesión.]"
pn-of41-p100,8,ALTA,"Conforme a lo dispuesto en la Orden INT/859/2023, por la que se desarrolla la estructura orgánica y funciones de los servicios centrales y territoriales de la Dirección General de la Policía, ¿Qué Unidad de la División de Cooperación Internacional se constituye como punto de contacto nacional designado para el intercambio de datos post-hit de perfiles de ADN y datos dactiloscópicos?:",Oficina Central Nacional de Interpol.,Unidad Nacional de Europol.,Oficina Sirene. ,,C,verificada,oficial,BOE,examen_oficial,False,,"Orden INT/859/2023, de 21 de julio (estructura DGP), apartado de la Oficina Sirene (punto de contacto post-hit ADN/dactiloscopicos segun Convenio de Prum). BOE-A-2023-17072","Examen oficial PN 41a (2024) p100. Correcta C (Oficina Sirene), CONFIRMADA contra BOE-A-2023-17072 (Orden INT/859/2023). NOTA: el examen citaba ""Orden INT/859/2003"" (errata de año; en 2003 Prum no existia) -> corregido a 2023, la norma que asigna a Sirene el punto de contacto Prum post-hit. Verificado 3x."
pn-of42-p01,9,ALTA,"Los poderes públicos promoverán las condiciones más favorables para una adecuada promoción profesional, social y humana de los miembros de las Fuerzas y Cuerpos de Seguridad de acuerdo con los principios de:","Objetividad, igualdad de oportunidades, mérito y capacidad.","Objetividad, mérito, igualdad de oportunidades y antigüedad.","Igualdad de oportunidades, mérito, objetividad y antigüedad.",,A,verificada,oficial,BOE,examen_oficial,False,,"LO 2/1986, art. 6.2","Procedencia: examen oficial PN 42a promoción (2025), pregunta 1."
pn-of42-p02,9,ALTA,La seguridad pública es competencia exclusiva del Estado. Su mantenimiento corresponde:,Al Congreso de los Diputados.,Al Gobierno de la Nación.,Al Senado.,,B,verificada,oficial,oficial,examen_oficial,False,,"Examen oficial PN Escala Básica 42a promoción (2025), pregunta 2. T9 - LO 2/1986 / seguridad pública","Procedencia: examen oficial PN 42a promoción (2025), pregunta 2."
pn-of42-p03,2,ALTA,"Los ciudadanos tienen el derecho a participar en los asuntos públicos, directamente o por medio de representantes, libremente elegidos en elecciones periódicas por:",Sufragio voluntario.,Sufragio universal.,Sufragio censitario.,,B,verificada,oficial,oficial,examen_oficial,False,,"Examen oficial PN Escala Básica 42a promoción (2025), pregunta 3. T2 - CE: derechos fundamentales (art.23)","Procedencia: examen oficial PN 42a promoción (2025), pregunta 3."
pn-of42-p04,20,ALTA,"Un policía nacional sospecha que su pareja mantiene una relación con otra persona. Para asegurarse de la infidelidad, el policía accede sin autorización al correo personal electrónico de su pareja, confirmando sus sospechas tras leer el contenido de los mensajes.",Existe un delito de descubrimiento y revelación de secretos.,Se trata de un delito de violación de secreto profesional.,Cometerá un delito de inviolabilidad de la correspondencia.,,A,verificada,oficial,oficial,examen_oficial,False,,"Examen oficial PN Escala Básica 42a promoción (2025), pregunta 4. T20 - Intimidad: descubrimiento/revelación de secretos (CP art.197)","Procedencia: examen oficial PN 42a promoción (2025), pregunta 4. Obs.mapa: [Plano1] Reubicada de T17 a T20 (intimidad = T20, por coherencia con el corpus)."
pn-of42-p05,12,ALTA,"Ante una solicitud de protección internacional presentada en un puesto fronterizo por una persona extranjera que no reúne los requisitos necesarios para entrar en territorio nacional, el Ministro del Interior deberá de notificar la resolución al interesado en el plazo máximo de:",Dos días desde su presentación.,Cuatro días desde su presentación.,Ocho días desde su presentación.,,B,verificada,oficial,BOE,examen_oficial,False,,"Ley 12/2009, art. 21.1 (cuatro días)","Procedencia: examen oficial PN 42a promoción (2025), pregunta 5. Clave oficial ERRONEA (marcaba A). Correcta B=cuatro días (Ley 12/2009 art.21.1, verificado BOE-600)."
pn-of42-p06,16,ALTA,"Cuando hablamos de la persona o cosa sobre la que recae el comportamiento penal, nos referimos a:",Bien jurídico del delito.,Objeto material del delito.,Instrumento del delito.,,B,verificada,oficial,oficial,examen_oficial,False,,"Examen oficial PN Escala Básica 42a promoción (2025), pregunta 6. T16 - DP general: elementos del delito","Procedencia: examen oficial PN 42a promoción (2025), pregunta 6."
pn-of42-p07,16,ALTA,Es una circunstancia agravante genérica recogida en el artículo 22 del Código Penal:,Prevalerse del carácter privado que tenga el culpable.,Obrar con abuso de confianza.,Causar sufrimiento a la víctima.,,B,verificada,oficial,oficial,examen_oficial,False,,"Examen oficial PN Escala Básica 42a promoción (2025), pregunta 7. T16 - DP general: circunstancias modificativas","Procedencia: examen oficial PN 42a promoción (2025), pregunta 7."
pn-of42-p08,28,ALTA,"El acto fundacional del movimiento antiglobalización que se expresó, entre otras cosas, como resistencia a la globalización capitalista y a las contrarreformas neoliberales en los países imperialistas, se llamó:",Batalla de Gotemburgo.,Batalla de Salzburgo.,Batalla de Seattle.,,C,verificada,oficial,oficial,examen_oficial,False,,"Examen oficial PN Escala Básica 42a promoción (2025), pregunta 8. T28 - Globalización y antiglobalización","Procedencia: examen oficial PN 42a promoción (2025), pregunta 8."
pn-of42-p09,14,ALTA,"Conforme a lo dispuesto en la LO 4/2015, de protección de la seguridad ciudadana, la proyección de haces de luz, mediante cualquier tipo de dispositivo, sobre miembros de las Fuerzas y Cuerpos de Seguridad para impedir o dificultar el ejercicio de sus funciones, constituye:",Una infracción muy grave.,Una infracción grave.,Una infracción leve.,,C,verificada,oficial,BOE,examen_oficial,False,,"LO 4/2015, art. 37.6","Procedencia: examen oficial PN 42a promoción (2025), pregunta 9. Obs.mapa: Verificar calificación (art.35/36/37 LO 4/2015)"
pn-of42-p10,4,ALTA,"La Unión Europea fue fundada en 1951 por seis países tras la Segunda Guerra Mundial, NO siendo uno de ellos:",Luxemburgo,Italia.,Portugal.,,C,verificada,oficial,oficial,examen_oficial,False,,"Examen oficial PN Escala Básica 42a promoción (2025), pregunta 10. T4 - Unión Europea: referencia historica","Procedencia: examen oficial PN 42a promoción (2025), pregunta 10."
pn-of42-p11,22,ALTA,"En el supuesto de que la víctima fuera menor de edad o tuviera la capacidad modificada judicialmente, las comunicaciones relacionadas con sus derechos básicos se harán conforme al Estatuto de la víctima:","Únicamente al menor de edad víctima, en un lenguaje claro, sencillo y accesible.",A su representante o a la persona que le asista.,Las dos alternativas anteriores son incorrectas.,,B,verificada,oficial,oficial,examen_oficial,False,,"Examen oficial PN Escala Básica 42a promoción (2025), pregunta 11. T22 - Estatuto de la victima","Procedencia: examen oficial PN 42a promoción (2025), pregunta 11."
pn-of42-p12,9,ALTA,Las Unidades adscritas a las Comunidades Autónomas dependerán funcionalmente de:,Las autoridades de la Comunidad Autónoma.,La División de Operaciones y Transformación Digital.,Del Ministerio del Interior.,,A,verificada,oficial,oficial,examen_oficial,False,,"Examen oficial PN Escala Básica 42a promoción (2025), pregunta 12. T9 - LO 2/1986: policias de las CCAA","Procedencia: examen oficial PN 42a promoción (2025), pregunta 12. Estructura DGP (RD 207/2024 / Orden INT/859/2023); no contrastable en BOE-600."
pn-of42-p13,26,ALTA,"Según lo dispuesto por la LO 3/2018, de Protección de Datos Personales y garantía de los derechos digitales, ¿cuál es la opción correcta en relación al acceso a los datos personales de una persona fallecida si es solicitado por sus herederos o familiares?",Los herederos del fallecido no podrán solicitar el acceso a los datos personales de aquella.,El fallecido no puede designar a una persona que no sea familiar de primer grado para el acceso a sus datos.,"Aunque el fallecido hubiera prohibido expresamente el acceso a los herederos, estos podrán acceder a los datos de carácter patrimonial del causante.",,C,verificada,oficial,BOE,examen_oficial,False,,"LO 3/2018, art. 3","Procedencia: examen oficial PN 42a promoción (2025), pregunta 13."
pn-of42-p14,26,ALTA,"En la LO 7/2021, de protección de datos personales tratados para fines de prevención, detección, investigación y enjuiciamiento de infracciones penales y de ejecución de sanciones penales ¿se establece alguna figura u órgano de asesoramiento y supervisión de los responsables de la protección de datos?","No, ya que la figura del responsable de protección de datos es la figura más representativa.","Sí, el Delegado de protección de datos.","Sí, el coordinador de protección de datos.",,B,verificada,oficial,BOE,examen_oficial,False,,LO 7/2021 (Delegado PD),"Procedencia: examen oficial PN 42a promoción (2025), pregunta 14."
pn-of42-p15,3,ALTA,"Conforme dispone la Ley Orgánica 2/1979, de 3 de octubre, del Tribunal Constitucional, ¿de cuántas Salas se compone dicho Tribunal?",Cinco Salas.,Tres Salas.,Dos Salas.,,C,verificada,oficial,oficial,examen_oficial,False,,"Examen oficial PN Escala Básica 42a promoción (2025), pregunta 15. T3 - Tribunal Constitucional (LO 2/1979)","Procedencia: examen oficial PN 42a promoción (2025), pregunta 15."
pn-of42-p16,21,ALTA,"David es detenido a las 22:00 horas en su domicilio y este considera que la detención se ha realizado de forma ilegal. Su abogado presenta la solicitud de habeas corpus en tiempo y forma ante el órgano habilitado a las 9:00 horas de la mañana del día siguiente. Desde que sea dictado el auto de incoación, ¿de qué plazo máximo dispondrá la autoridad judicial competente para dictar la resolución?",72 horas.,48 horas.,24 horas.,,C,verificada,oficial,oficial,examen_oficial,False,,"Examen oficial PN Escala Básica 42a promoción (2025), pregunta 16. T21 - Habeas corpus (LO 6/1984)","Procedencia: examen oficial PN 42a promoción (2025), pregunta 16."
pn-of42-p17,21,ALTA,"Según dispone el artículo 554 de la Ley de Enjuiciamiento Criminal, se reputan domicilio los siguientes, NO figurando en dicha relación:","Los Palacios Reales, estén o no habitados por el Monarca al tiempo de la entrada o registro.","El edificio o lugar cerrado, o la parte de él destinada principalmente a la habitación de cualquier español o extranjero residente en España y de su familia.",Los buques de guerra.,,C,verificada,oficial,oficial,examen_oficial,False,,"Examen oficial PN Escala Básica 42a promoción (2025), pregunta 17. T21 - Proc. penal: concepto de domicilio (LECrim 554)","Procedencia: examen oficial PN 42a promoción (2025), pregunta 17."
pn-of42-p18,8,ALTA,"Según el Régimen disciplinario del Cuerpo Nacional de Policía, la sanción de traslado forzoso puede imponerse:",Solo por falta muy grave.,"Por falta grave o muy grave, en función de las circunstancias concurrentes.",Solo por falta grave.,,A,verificada,oficial,BOE,examen_oficial,False,,"LO 4/2010, art. 10.1","Procedencia: examen oficial PN 42a promoción (2025), pregunta 18."
pn-of42-p19,30,ALTA,"Según la clasificación de las sectas que efectuó el sociólogo Bryan Wilson ¿cuál es aquella que se relaciona con el espiritismo, con lo sobrenatural, y el médium u oráculo son figuras fundamentales dentro del grupo?",Sectas reformistas.,Sectas conversionistas.,Sectas taumatúrgicas.,,C,verificada,oficial,oficial,examen_oficial,False,,"Examen oficial PN Escala Básica 42a promoción (2025), pregunta 19. T30 - Contravalores: sectarismo (clasif. B. Wilson)","Procedencia: examen oficial PN 42a promoción (2025), pregunta 19. Obs.mapa: Sectas: encaje principal T30; matiz sociologico"
pn-of42-p20,14,ALTA,¿Cuál es la actual ley que regula la protección a la seguridad ciudadana?,"Ley Ordinaria 4/2015, de 30 mayo, de protección de la seguridad ciudadana.","Ley Orgánica 4/2015, de 30 marzo, de protección de la seguridad ciudadana.","Ley Orgánica 4/2015, de 30 mayo, de protección de la seguridad ciudadana.",,B,verificada,oficial,oficial,examen_oficial,False,,"LO 4/2015, de 30 de marzo","Procedencia: examen oficial PN 42a promoción (2025), pregunta 20. Obs.mapa: ATENCION: la LO 4/2015 es 'de 30 de marzo' (opción B). Posible errata de plantilla; reverificar Clave oficial ERRONEA (marcaba C, 30 mayo). LO 4/2015 es de 30 de MARZO -> correcta B."
pn-of42-p21,14,ALTA,"¿Cuáles de las siguientes personas físicas o jurídicas, que ejerzan actividades relevantes para la seguridad ciudadana, están sujetas a las obligaciones de registro documental e información en los términos que establezcan las disposiciones aplicables según la LO 4/2015, de protección de la seguridad ciudadana?",Centros gestores de residuos metálicos.,Establecimientos de compraventa de joyas y metales.,Ambas son correctas.,,C,verificada,oficial,BOE,examen_oficial,False,,"LO 4/2015, art. 25","Procedencia: examen oficial PN 42a promoción (2025), pregunta 21."
pn-of42-p22,8,ALTA,"La Jefatura de Unidades de Intervención Policial, depende de:",Comisaría General de Seguridad Ciudadana.,División de Operaciones y Transformación Digital a través de la Dirección Adjunta Operativa.,De la Jefatura de Unidades Especiales.,,A,verificada,oficial,oficial,examen_oficial,False,,"Examen oficial PN Escala Básica 42a promoción (2025), pregunta 22. T8 - DGP: estructura orgánica","Procedencia: examen oficial PN 42a promoción (2025), pregunta 22. Estructura DGP (RD 207/2024 / Orden INT/859/2023); no contrastable en BOE-600."
pn-of42-p23,8,ALTA,"El extravío, pérdida o sustracción por simple negligencia, de los distintivos de identificación, del arma reglamentaria o de cualquier otro medio o instrumento, que se hayan recibido o que se utilicen para el ejercicio de la función policial, recogido en Ley Orgánica 4/2010 del Régimen disciplinario del Cuerpo Nacional de Policía, constituye:",Una falta grave.,Una falta leve.,Una falta muy grave.,,B,verificada,oficial,BOE,examen_oficial,False,,"LO 4/2010, art. 9","Procedencia: examen oficial PN 42a promoción (2025), pregunta 23."
pn-of42-p24,11,ALTA,"Dentro del régimen sancionador de la LO 4/2000, de 11 de enero, sobre derechos y libertades de los extranjeros en España y su integración social, encontrarse irregularmente en territorio español por tener caducada la autorización de residencia más de tres meses, siempre que el interesado no hubiese solicitado la renovación de la misma en el plazo previsto reglamentariamente, constituye:",Una infracción leve.,Una infracción menos grave.,Una infracción grave.,,C,verificada,oficial,BOE,examen_oficial,False,,"LO 4/2000, art. 53","Procedencia: examen oficial PN 42a promoción (2025), pregunta 24."
pn-of42-p25,1,ALTA,"En relación a lo dispuesto en el artículo 17 del Código Civil, son españoles de origen (conteste la respuesta más acertada):",Los nacidos en territorio nacional de padres extranjeros en cualquier caso.,Los nacidos de padre o madre españoles.,Los nacidos en territorio nacional.,,B,verificada,oficial,oficial,examen_oficial,False,,"Examen oficial PN Escala Básica 42a promoción (2025), pregunta 25. T1 - Nacionalidad (CC art.17)","Procedencia: examen oficial PN 42a promoción (2025), pregunta 25."
pn-of42-p26,8,ALTA,Es competencia exclusiva de la Policía Nacional:,La conducción interurbana de presos.,El resguardo fiscal del Estado.,La expedición del Documento de Identidad.,,C,verificada,oficial,oficial,examen_oficial,False,,"Examen oficial PN Escala Básica 42a promoción (2025), pregunta 26. T8 - PN: funciones / competencias exclusivas","Procedencia: examen oficial PN 42a promoción (2025), pregunta 26. Obs.mapa: Toca también LO 2/1986 (T9)"
pn-of42-p27,9,ALTA,El máximo órgano de representatividad sindical dentro de la Policía Nacional es:,El Consejo de Policía.,Las Juntas de Seguridad.,La Asamblea de sindicatos representativos.,,A,verificada,oficial,oficial,examen_oficial,False,,"Examen oficial PN Escala Básica 42a promoción (2025), pregunta 27. T9 - LO 2/1986: Consejo de Policía","Procedencia: examen oficial PN 42a promoción (2025), pregunta 27. Obs.mapa: Representación colectiva (roza T8)"
pn-of42-p28,28,ALTA,"Según Fukuyama, ¿qué condiciones previas son necesarias para el crecimiento de la economía capitalista?",Las democracias y los controles aduaneros.,Las dictaduras de todo signo con equilibrio proteccionista,El libre mercado y los sistemas políticos estables.,,C,verificada,oficial,oficial,examen_oficial,False,,"Examen oficial PN Escala Básica 42a promoción (2025), pregunta 28. T28 - Globalización (Fukuyama)","Procedencia: examen oficial PN 42a promoción (2025), pregunta 28."
pn-of42-p29,13,ALTA,"El personal que desempeña funciones de seguridad privada que faltase al respeto a la dignidad o al honor de las personas, en qué infracción incurriría conforme a lo estipulado en la Ley 5/2014, de 4 de abril, de Seguridad Privada:",Infracción leve.,Infracción grave.,Infracción muy grave.,,B,verificada,oficial,oficial,examen_oficial,False,,"Examen oficial PN Escala Básica 42a promoción (2025), pregunta 29. T13 - Seguridad privada (Ley 5/2014)","Procedencia: examen oficial PN 42a promoción (2025), pregunta 29."
pn-of42-p30,21,ALTA,La policia ha detenido a un menor que tiene 15 años por un delito de terrorismo.,Desde el primer momento estará incomunicado e inmediatamente se informará a Fiscalía.,No puede ser objeto de incomunicación al tratarse de un menor de 15 años.,Se le incomunica por el tiempo estrictamente necesario.,,B,verificada,oficial,oficial,examen_oficial,False,,"Examen oficial PN Escala Básica 42a promoción (2025), pregunta 30. T21 - Detención: menor / incomunicación","Procedencia: examen oficial PN 42a promoción (2025), pregunta 30. Obs.mapa: Reverificar régimen del menor; roza DP (T17/legislación del menor)"
pn-of42-p31,13,ALTA,Para habilitarse como guardapesca marítimo será necesario haberlo hecho previamente como:,Vigilante de explosivos.,Guarda rural.,Guarda de caza.,,B,verificada,oficial,oficial,examen_oficial,False,,"Examen oficial PN Escala Básica 42a promoción (2025), pregunta 31. T13 - Seguridad privada: personal","Procedencia: examen oficial PN 42a promoción (2025), pregunta 31."
pn-of42-p32,6,ALTA,"Los efectos económicos plenos, para el funcionario de carrera, comienzan a producirse desde:",Recibir el nombramiento de la autoridad competente.,Prestar el juramento o promesa legalmente establecida.,Tomar posesión del cargo.,,C,verificada,oficial,oficial,examen_oficial,False,,"Examen oficial PN Escala Básica 42a promoción (2025), pregunta 32. T6 - Funcionarios públicos","Procedencia: examen oficial PN 42a promoción (2025), pregunta 32."
pn-of42-p33,7,ALTA,Como órgano de asistencia inmediata a la personal titular de la Secretaría de Estado de Seguridad existe un Gabinete con nivel orgánico de:,Subdirección general.,Dirección general.,Secretaría general técnica.,,A,verificada,oficial,oficial,examen_oficial,False,,"Examen oficial PN Escala Básica 42a promoción (2025), pregunta 33. T7 - Secretaria de Estado de Seguridad","Procedencia: examen oficial PN 42a promoción (2025), pregunta 33. Estructura DGP (RD 207/2024 / Orden INT/859/2023); no contrastable en BOE-600."
pn-of42-p34,20,ALTA,"Una pareja rompe su relación sentimental. Días después, por venganza y sin consentimiento del hombre, la mujer difunde a través del móvil unas imágenes íntimas que la pareja se grabó en fechas anteriores.","La mujer no incurre en responsabilidad penal, ya que la grabación de las imágenes íntimas fue consentida por ambos.","Al difundir las imágenes, comete un delito de sabote informático atenuado por ser grabaciones consentidas.","Hay un delito de descubrimiento y revelación de secretos, al menoscabar gravemente la intimidad del hombre con la divulgación de las imágenes.",,C,verificada,oficial,oficial,examen_oficial,False,,"Examen oficial PN Escala Básica 42a promoción (2025), pregunta 34. T20 - Intimidad: difusión no consentida de imagenes (CP art.197.7)","Procedencia: examen oficial PN 42a promoción (2025), pregunta 34. Obs.mapa: [Plano1] Reubicada de T17 a T20 (intimidad = T20, por coherencia con el corpus)."
pn-of42-p35,8,ALTA,El Centro de Comunicaciones Internacionales de la Policía Nacional está adscrito:,A la Unidad de Coordinación Internacional.,A la Oficina Central Nacional de INTERPOL.,A la Secretaría General de la División de Cooperación Internacional.,,C,verificada,oficial,oficial,examen_oficial,False,,"Examen oficial PN Escala Básica 42a promoción (2025), pregunta 35. T8 - DGP: cooperación internacional","Procedencia: examen oficial PN 42a promoción (2025), pregunta 35. Obs.mapa: Roza cooperación policial internacional (T4) Estructura DGP (RD 207/2024 / Orden INT/859/2023); no contrastable en BOE-600."
pn-of42-p36,5,ALTA,Cuál de las siguientes opciones NO puede ser ejercida por el Presidente del Gobierno en funciones:,Dirigir la política de defensa.,Interponer el recurso de inconstitucionalidad.,Plantear la cuestión de confianza.,,C,verificada,oficial,oficial,examen_oficial,False,,"Examen oficial PN Escala Básica 42a promoción (2025), pregunta 36. T5 - El Gobierno en funciones (Ley 50/1997)","Procedencia: examen oficial PN 42a promoción (2025), pregunta 36. Obs.mapa: Relaciones Gobierno-Cortes (roza T3)"
pn-of42-p37,4,ALTA,¿Cuál de estos países NO forma parte en la actualidad de la Unión Europea?,Portugal.,Estonia.,Noruega.,,C,verificada,oficial,oficial,examen_oficial,False,,"Examen oficial PN Escala Básica 42a promoción (2025), pregunta 37. T4 - Unión Europea: Estados miembros","Procedencia: examen oficial PN 42a promoción (2025), pregunta 37."
pn-of42-p38,23,ALTA,¿En qué ámbito se aplica la orden de protección?,En el ámbito de la violencia de género.,En el ámbito de la violencia doméstica.,En cualquiera de los dos ámbitos mencionados.,,C,verificada,oficial,oficial,examen_oficial,False,,"Examen oficial PN Escala Básica 42a promoción (2025), pregunta 38. T23 - Violencia de genero: orden de protección","Procedencia: examen oficial PN 42a promoción (2025), pregunta 38. Obs.mapa: Protección de la victima (roza T22)"
pn-of42-p39,5,ALTA,El supremo órgano consultivo del Gobierno es:,El Consejo de Gobierno.,El Consejo de Ministros.,El Consejo de Estado.,,C,verificada,oficial,oficial,examen_oficial,False,,"Examen oficial PN Escala Básica 42a promoción (2025), pregunta 39. T5 - AGE / órganos consultivos","Procedencia: examen oficial PN 42a promoción (2025), pregunta 39. Obs.mapa: Órganos constitucionales (roza T3)"
pn-of42-p40,27,ALTA,"La sede del Tribunal Europeo de Derechos Humanos, se encuentra en:",Estrasburgo.,Bruselas.,Lyon.,,A,verificada,oficial,oficial,examen_oficial,False,,"Examen oficial PN Escala Básica 42a promoción (2025), pregunta 40. T27 - DDHH: TEDH (sede)","Procedencia: examen oficial PN 42a promoción (2025), pregunta 40. Obs.mapa: El TEDH también se cita en T4 (UE)"
pn-of42-p41,17,ALTA,"Un ciudadano, tras ser detenido por un presunto delito contra la seguridad vial y que es trasladado inmediatamente a dependencias policiales, no es informado de los derechos y razones de su detención.",El agente no incurre en conducta penal ni disciplinaria ya que es la policía la que decide el momento correcto y adecuado para informar.,"Existe una detención ilegal, siempre que el detenido solicite conocer sus derechos ante la comisión de una infracción contra la seguridad vial.",Comete un delito contra las garantías constitucionales por no informar inmediatamente y de forma comprensible de sus derechos al detenido.,,C,verificada,oficial,oficial,examen_oficial,False,,"Examen oficial PN Escala Básica 42a promoción (2025), pregunta 41. T17 - DP especial: garantías constitucionales","Procedencia: examen oficial PN 42a promoción (2025), pregunta 41. Obs.mapa: Roza derechos del detenido (T21)"
pn-of42-p42,10,ALTA,"En virtud del nuevo Reglamento de extranjería, la duración de la autorización de residencia temporal por razón de arraigo familiar es de:",Un año.,Dos años.,Cinco años.,,C,verificada,oficial,BOE,examen_oficial,False,,RD 1155/2024 (arraigo familiar=5 años),"Procedencia: examen oficial PN 42a promoción (2025), pregunta 42. Obs.mapa: Dato sensible a la reforma del Reglamento de extranjería"
pn-of42-p43,8,ALTA,Al Área de retribuciones le compete gestionar las retribuciones correspondientes al personal de la Dirección General de la Policía y depende de:,La Secretaría General de la División de Personal.,De la Unidad Económica de la División Económica y Técnica.,De la Secretaría General de la Dirección Adjunta Operativa.,,A,verificada,oficial,oficial,examen_oficial,False,,"Examen oficial PN Escala Básica 42a promoción (2025), pregunta 43. T8 - DGP: estructura (División de Personal)","Procedencia: examen oficial PN 42a promoción (2025), pregunta 43. Estructura DGP (RD 207/2024 / Orden INT/859/2023); no contrastable en BOE-600."
pn-of42-p44,17,ALTA,"Un policía quiere castigar a un detenido por un hurto cometido, para ello, baja a los calabozos y tras dejarle semidesnudo le introduce la cabeza en el inodoro varias veces. ¿Tiene responsabilidad penal el policía por estos hechos?","Sí, cometerá un delito de torturas.","Sí, un delito leve de trato degradante.","Sí, un delito de acoso profesional.",,A,verificada,oficial,oficial,examen_oficial,False,,"Examen oficial PN Escala Básica 42a promoción (2025), pregunta 44. T17 - DP especial: torturas/integridad moral","Procedencia: examen oficial PN 42a promoción (2025), pregunta 44."
pn-of42-p45,14,ALTA,"¿En qué supuesto los agentes de la Policía Nacional podrán requerir a un sujeto que les acompañe a dependencias policiales para su identificación conforme a lo dispuesto en la LO 4/2015, de protección de la seguridad ciudadana?",Cuando no porte su Documento Nacional de Identidad en formato físico.,Cuando se niegue a identificarse y no sea posible su identificación por ningún medio.,Las dos alternativas anteriores son falsas.,,B,verificada,oficial,oficial,examen_oficial,False,,"Examen oficial PN Escala Básica 42a promoción (2025), pregunta 45. T14 - LO 4/2015: identificación personal","Procedencia: examen oficial PN 42a promoción (2025), pregunta 45."
pn-of42-p46,16,ALTA,"Tres futbolistas en el vestuario, acuerdan cometer un robo violento en una joyería y resuelven ejecutarlo la mañana siguiente. El entrenador al escuchar todo llama a la policía, la cual, tras comprobar la información en el vestuario, procede a la detención de los tres futbolistas.",La detención es correcta al tratarse de una conspiración para cometer un robo.,Es una provocación y no procede detención al no iniciarse la ejecución del robo.,"Hay proposición, pero no procede detención al no existir disponibilidad sobre las joyas.",,A,verificada,oficial,oficial,examen_oficial,False,,"Examen oficial PN Escala Básica 42a promoción (2025), pregunta 46. T16 - DP general: actos preparatorios","Procedencia: examen oficial PN 42a promoción (2025), pregunta 46. Obs.mapa: Reverificar conspiración/proposición; roza robo (T18)"
pn-of42-p47,38,ALTA,"En el contexto de los sistemas operativos, ¿qué se entiende por «deadlock» (abrazo mortal)?:",Un mecanismo de protección en la ejecución de un programa.,Un estado en el que dos o más procesos no pueden continuar porque cada uno está esperando un recurso que posee otro.,Un tipo de interrupción generada por el hardware.,,B,verificada,oficial,oficial,examen_oficial,False,,"Examen oficial PN Escala Básica 42a promoción (2025), pregunta 47. T38 - Sistemas operativos","Procedencia: examen oficial PN 42a promoción (2025), pregunta 47."
pn-of42-p48,16,ALTA,Las infracciones penales existentes en nuestro ordenamiento jurídico se contemplan:,En el Código Penal únicamente.,En el Código Penal y en el ámbito administrativo como es la Ley Orgánica de protección de seguridad.,En el Código Penal y las leyes penales especiales.,,C,verificada,oficial,oficial,examen_oficial,False,,"Examen oficial PN Escala Básica 42a promoción (2025), pregunta 48. T16 - DP general: fuentes de la infracción penal","Procedencia: examen oficial PN 42a promoción (2025), pregunta 48."
pn-of42-p49,2,ALTA,La Constitución Española se compone de:,"Un Título Preliminar, diez Títulos, 169 artículos, cuatro disposiciones adicionales, nueve transitorias, un derogatoria y una final.","Un Título Preliminar, once Títulos, 169 artículos, cuatro disposiciones adicionales, nueve transitorias, un derogatoria y una final.","Un Título Preliminar, diez Títulos, 169 artículos, cinco disposiciones adicionales, nueve transitorias, un derogatoria y una final.",,A,verificada,oficial,oficial,examen_oficial,False,,"Examen oficial PN Escala Básica 42a promoción (2025), pregunta 49. T2 - CE: estructura y caracteres","Procedencia: examen oficial PN 42a promoción (2025), pregunta 49."
pn-of42-p50,40,ALTA,¿Qué medida de las propuestas NO sirve para limitar la huella digital de una persona en redes sociales?,La navegación en modo incógnito impide en todo caso la recopilación de información por terceros.,Eliminar las cookies del navegador.,Verificar la fiabilidad de las plataformas visitadas.,,A,verificada,oficial,oficial,examen_oficial,False,,"Examen oficial PN Escala Básica 42a promoción (2025), pregunta 50. T40 - OSINT/huella digital","Procedencia: examen oficial PN 42a promoción (2025), pregunta 50. Obs.mapa: Roza ciberseguridad; encaje principal en fuentes/identidad digital"
pn-of42-p51,43,ALTA,"La instalación de aparatos emisores de luces y señales acústicas especiales en vehículos prioritarios, de conformidad con lo dispuesto en las normas reguladoras de los vehículos, requerirá autorización de:",La Jefatura Provincial de Tráfico correspondiente.,La Dirección General de Tráfico.,La Subdirección General de Gestión de la Movilidad y Tecnología.,,B,verificada,oficial,oficial,examen_oficial,False,,"Examen oficial PN Escala Básica 42a promoción (2025), pregunta 51. T43 - Vehículo prioritario","Procedencia: examen oficial PN 42a promoción (2025), pregunta 51."
pn-of42-p52,35,ALTA,"El foro institucional de participación de todas las administraciones públicas, así como de las organizaciones y entidades representativas de intereses sociales y ambientales en la elaboración y seguimiento de las políticas sobre cambio climático promovidas por el Estado Español es:",El Consejo Nacional del Clima.,La Comisión de Coordinación de Políticas de Cambio Climático.,Oficina Española de Cambio Climático.,,A,verificada,oficial,oficial,examen_oficial,False,,"Examen oficial PN Escala Básica 42a promoción (2025), pregunta 52. T35 - Desarrollo sostenible / cambio climatico","Procedencia: examen oficial PN 42a promoción (2025), pregunta 52. Obs.mapa: Roza medio ambiente (T32)"
pn-of42-p53,32,ALTA,"El crecimiento vegetativo es el valor obtenido por la diferencia entre la tasa de natalidad y la tasa de mortalidad de una región determinada en un periodo concreto. Si decimos que en una población el crecimiento vegetativo es negativo, ¿a qué nos referimos?:",A que el número de nacimientos es mayor que el número de muertes.,A que el número de nacimientos es menor que el número de muertes.,Significa que la tasa de natalidad y la tasa de mortalidad tienen el mismo número.,,B,verificada,oficial,oficial,examen_oficial,False,,"Examen oficial PN Escala Básica 42a promoción (2025), pregunta 53. T32 - Demografia: crecimiento vegetativo","Procedencia: examen oficial PN 42a promoción (2025), pregunta 53."
pn-of42-p54,42,ALTA,"Cuando se habla de un arma de fuego que después de cada disparo se recarga automáticamente y con la que solo es posible efectuar un disparo al accionar el disparador cada vez, estamos haciendo referencia a:",Un arma automática.,Un arma semiautomática.,Un arma de repetición.,,B,verificada,oficial,oficial,examen_oficial,False,,"Examen oficial PN Escala Básica 42a promoción (2025), pregunta 54. T42 - Armas de fuego: funcionamiento","Procedencia: examen oficial PN 42a promoción (2025), pregunta 54."
pn-of42-p55,14,ALTA,"Según el artículo 28.2 de la Ley Orgánica 4/2015, de protección de la seguridad ciudadana, la intervención de armas, explosivos, cartuchería y artículos pirotécnicos corresponde al Ministerio del Interior, que la ejerce a través de:",La Dirección General de la Guardia Civil y la Dirección General de la Policía.,La Dirección General de la Guardia Civil.,La Dirección General de la Policía.,,B,verificada,oficial,BOE,examen_oficial,False,,"LO 4/2015, art. 28.2","Procedencia: examen oficial PN 42a promoción (2025), pregunta 55. Obs.mapa: Armas (roza T19/T42)"
pn-of42-p56,27,ALTA,"Visitar los lugares donde se encuentren o pudieran encontrarse personas privadas de su libertad en cada Estado Parte y hacer recomendaciones a los Estados Partes en cuanto a la protección de las personas privadas de su libertad contra la tortura y otros tratos o penas crueles, inhumanos o degradantes, es un mandato de:",El Subcomité para la Prevención de la Tortura.,Amnistía Internacional.,El Defensor del Pueblo.,,A,verificada,oficial,oficial,examen_oficial,False,,"Examen oficial PN Escala Básica 42a promoción (2025), pregunta 56. T27 - DDHH: Subcomite Prevención de la Tortura","Procedencia: examen oficial PN 42a promoción (2025), pregunta 56."
pn-of42-p57,37,ALTA,¿Cuál de las siguientes frases está escrita correctamente?,"El artista se sentó frente al lienzo en blanco, con sus pinceles delante suya, listo para comenzar.",Durante la tormenta varios árboles calleron sobre los coches estacionados.,"Mecano, La Unión y Gabinete Caligari reviven la nostalgia musical de los años 80.",,C,verificada,oficial,oficial,examen_oficial,False,,"Examen oficial PN Escala Básica 42a promoción (2025), pregunta 57. T37 - Ortografia","Procedencia: examen oficial PN 42a promoción (2025), pregunta 57. Comparte encabezado generico de ortografia con p80; preguntas distintas. Deduplicar por external_id."
pn-of42-p58,16,ALTA,La persona que realiza la acción descrita en el tipo penal se denomina:,Autor.,Sujeto activo.,Titular del bien jurídico.,,B,verificada,oficial,oficial,examen_oficial,False,,"Examen oficial PN Escala Básica 42a promoción (2025), pregunta 58. T16 - DP general: sujetos del delito","Procedencia: examen oficial PN 42a promoción (2025), pregunta 58."
pn-of42-p59,9,ALTA,Dentro del Consejo de Política de Seguridad funcionará el Comité de Expertos integrado por ocho representantes:,Cuatro del Estado y cuatro de las Corporaciones Locales.,Cuatro del Estado y cuatro de las Comunidades Autónomas.,Cuatro del Estado y cuatro del Comité Interterritorial.,,B,verificada,oficial,BOE,examen_oficial,False,,LO 2/1986 (Comite Expertos 4+4 CCAA),"Procedencia: examen oficial PN 42a promoción (2025), pregunta 59."
pn-of42-p60,10,ALTA,Los visados para la búsqueda de empleo autorizarán a la persona extranjera a desplazarse al territorio español para la búsqueda de empleo durante un periodo de residencia de:,Tres meses.,Seis meses.,Doce meses.,,C,verificada,oficial,BOE,examen_oficial,False,,"RD 1155/2024, art. 43","Procedencia: examen oficial PN 42a promoción (2025), pregunta 60."
pn-of42-p61,43,ALTA,"¿A qué categoría pertenecen los vehículos celulares para el transporte de detenidos, presos y penados de hasta nueve plazas, incluido el conductor y escolta?",M1.,M2.,M3.,,A,verificada,oficial,oficial,examen_oficial,False,,"Examen oficial PN Escala Básica 42a promoción (2025), pregunta 61. T43 - Vehículos (categorias)","Procedencia: examen oficial PN 42a promoción (2025), pregunta 61. Obs.mapa: Categoria de vehículo; encaje en bloque de vehículos"
pn-of42-p62,3,ALTA,¿Qué Tribunal culmina la organización judicial en el ámbito de la respectiva comunidad autónoma?,Audiencia Provincial.,Tribunal Superior de Justicia.,La Corte Superior de Justicia Autonómica.,,B,verificada,oficial,oficial,examen_oficial,False,,"Examen oficial PN Escala Básica 42a promoción (2025), pregunta 62. T3 - Poder Judicial","Procedencia: examen oficial PN 42a promoción (2025), pregunta 62."
pn-of42-p63,1,ALTA,"Todo precepto general cuyo fin es ordenar la convivencia de la comunidad y cuya observancia puede ser impuesta coactivamente (a la fuerza) por el poder directivo de aquella, esta afirmación hace referencia a:",Norma moral.,Norma jurídica positiva.,Norma ética.,,B,verificada,oficial,oficial,examen_oficial,False,,"Examen oficial PN Escala Básica 42a promoción (2025), pregunta 63. T1 - Las normas jurídicas positivas","Procedencia: examen oficial PN 42a promoción (2025), pregunta 63."
pn-of42-p64,29,ALTA,Según la teoría de las actitudes formulada por Daniel Katz ¿Cuál de las siguientes opciones NO se encuentra entre las cuatro funciones principales formuladas por el autor?,Función de conocimiento.,Función defensiva del yo.,Función de gestión del duelo.,,C,verificada,oficial,oficial,examen_oficial,False,,"Examen oficial PN Escala Básica 42a promoción (2025), pregunta 64. T29 - Actitudes y valores (teoria de Katz)","Procedencia: examen oficial PN 42a promoción (2025), pregunta 64."
pn-of42-p65,8,ALTA,"La Junta de Gobierno, que se halla regulada por la Orden INT/859/2023, de 21 de julio, por la que se desarrolla la estructura orgánica y funciones de los servicios centrales y territoriales de la Dirección General de la Policía, es presidida por:",El Director General de la Policía.,El Director Adjunto Operativo.,La persona titular del Ministerio del Interior.,,A,verificada,oficial,oficial,examen_oficial,False,,"Examen oficial PN Escala Básica 42a promoción (2025), pregunta 65. T8 - DGP (Orden INT/859/2023)","Procedencia: examen oficial PN 42a promoción (2025), pregunta 65. Estructura DGP (RD 207/2024 / Orden INT/859/2023); no contrastable en BOE-600."
pn-of42-p66,15,ALTA,El Plan Nacional de Protección de las Infraestructuras Críticas será revisado por la Secretaría de Estado de Seguridad:,Cada dos años.,Cada tres años.,Cada cinco años.,,C,verificada,oficial,BOE,examen_oficial,False,,Ley 8/2011 (PNPIC cada 5 años),"Procedencia: examen oficial PN 42a promoción (2025), pregunta 66."
pn-of42-p67,6,ALTA,"Según el Real Decreto Legislativo 5/2015 del Estatuto Básico del Empleado Público, ¿en cuál de estas opciones NO será considerado como empleado público?","Personal laboral, ya sea fijo, por tiempo indefinido o temporal.",Funcionario interino.,Personal accidental.,,C,verificada,oficial,oficial,examen_oficial,False,,"Examen oficial PN Escala Básica 42a promoción (2025), pregunta 67. T6 - Funcionarios / empleado público (EBEP)","Procedencia: examen oficial PN 42a promoción (2025), pregunta 67."
pn-of42-p68,18,ALTA,"El cliente de un bar, aprovechando que el dueño se mete en la cocina para preparar un bocadillo, rompe la puerta del comedor y sustrae la caja registradora cerrada con llave. Como no es capaz de romper la cerradura en el local, sale corriendo con ella y la abre en su casa con una sierra mecánica. Responsabilidad penal:",Delito de hurto.,Delito de estafa.,Delito de robo.,,C,verificada,oficial,oficial,examen_oficial,False,,"Examen oficial PN Escala Básica 42a promoción (2025), pregunta 68. T18 - DP patrimonio: robo/hurto","Procedencia: examen oficial PN 42a promoción (2025), pregunta 68. Obs.mapa: Reverificar robo con fuerza vs hurto"
pn-of42-p69,39,ALTA,¿Qué entidad supervisa la asignación global de direcciones IP sistemas autónomos y otros recursos relativos a los protocolos de Internet?,IANA.,IPGA.,IPCA.,,A,verificada,oficial,oficial,examen_oficial,False,,"Examen oficial PN Escala Básica 42a promoción (2025), pregunta 69. T39 - Redes informaticas / direccionamiento IP","Procedencia: examen oficial PN 42a promoción (2025), pregunta 69."
pn-of42-p70,3,ALTA,"Según el artículo 112 de la Constitución española, en cuanto a la cuestión de confianza otorgada cuando vote a favor de la misma:",La mayoría absoluta de los Diputados.,La mayoría simple de los Diputados.,Tres quintas partes de la Cámara Baja.,,B,verificada,oficial,oficial,examen_oficial,False,,"Examen oficial PN Escala Básica 42a promoción (2025), pregunta 70. T3 - Relaciones Gobierno-Cortes (CE art.112)","Procedencia: examen oficial PN 42a promoción (2025), pregunta 70. Obs.mapa: Roza T5 (Gobierno)"
pn-of42-p71,3,ALTA,El Fiscal General del Estado será nombrado por:,"El Presidente del Gobierno, tras haber sido acordado en Consejo de Ministros.","El Rey, a propuesta del Gobierno.",El Consejo General del Poder Judicial.,,B,verificada,oficial,oficial,examen_oficial,False,,"Examen oficial PN Escala Básica 42a promoción (2025), pregunta 71. T3 - Poder Judicial / Ministerio Fiscal","Procedencia: examen oficial PN 42a promoción (2025), pregunta 71."
pn-of42-p72,41,ALTA,¿Cómo se define al malware que tiene como característica principal infectar ficheros ejecutables o sectores de arranque de dispositivos de almacenamiento?,Troyano.,Virus.,Adware.,,B,verificada,oficial,oficial,examen_oficial,False,,"Examen oficial PN Escala Básica 42a promoción (2025), pregunta 72. T41 - Ciberdelincuencia: malware","Procedencia: examen oficial PN 42a promoción (2025), pregunta 72."
pn-of42-p73,26,ALTA,"Según el régimen sancionador de la LO 7/2021, de protección de datos personales tratados para fines de prevención, detección, investigación y enjuiciamiento de infracciones penales y de ejecución de sanciones penales, las infracciones se pueden calificar como:","Graves, menos graves y leves.","Muy graves, menos graves y leves.","Muy graves, graves y leves.",,C,verificada,oficial,BOE,examen_oficial,False,,LO 7/2021,"Procedencia: examen oficial PN 42a promoción (2025), pregunta 73."
pn-of42-p74,21,ALTA,"¿Cuál es la autoridad competente para tramitar un procedimiento de habeas corpus cuando lo solicita un menor de edad, según dispone el artículo 2 de la Ley Orgánica 6/1984 reguladora del procedimiento «Habeas Corpus»?",Juez de Instrucción.,Juez de Menores.,Fiscalía de Menores.,,A,verificada,oficial,oficial,examen_oficial,False,,"Examen oficial PN Escala Básica 42a promoción (2025), pregunta 74. T21 - Habeas corpus (LO 6/1984)","Procedencia: examen oficial PN 42a promoción (2025), pregunta 74."
pn-of42-p75,27,ALTA,"Los países firmantes de la Convención contra la Tortura, se comprometen a que (marque la opción correcta):","No existe justificación alguna para la tortura, salvo situaciones excepcionales como la guerra o la amenaza de guerra.",No podrá invocarse una orden de un funcionario superior.,Cada Estado puede disponer en qué partes de su territorio no sea vinculante este Convenio.,,B,verificada,oficial,oficial,examen_oficial,False,,"Examen oficial PN Escala Básica 42a promoción (2025), pregunta 75. T27 - DDHH: Convención contra la Tortura","Procedencia: examen oficial PN 42a promoción (2025), pregunta 75."
pn-of42-p76,17,ALTA,Un médico que trabaja como funcionario en el hospital provincial finaliza su guardia y abandona su consulta. Mientras abre su vehículo es agredido por un individuo enojado porque no ha firmado el alta hospitalaria a su familiar. Debido al puñetazo recibido el médico pierde la vista de un ojo.,Solo hay un delito de lesiones porque los hechos no ocurren en la consulta hospitalaria.,Comete un delito de resistencia grave a la autoridad en concurso con amenazas.,Podría responder por un delito de atentado y otro delito de lesiones.,,C,verificada,oficial,oficial,examen_oficial,False,,"Examen oficial PN Escala Básica 42a promoción (2025), pregunta 76. T17 - DP especial: lesiones / atentado","Procedencia: examen oficial PN 42a promoción (2025), pregunta 76. Obs.mapa: Concurre atentado (roza T19)"
pn-of42-p77,7,ALTA,La Inspección de Personal y Servicios de Seguridad:,Depende de la Dirección General de Coordinación y Estudios y tiene nivel orgánico de subdirección general.,Depende de la Secretaría de Estado de Seguridad y tiene rango de subsecretaría de Estado.,Depende de la Dirección General de la Policía y tiene nivel orgánico de subdirección general.,,A,verificada,oficial,oficial,examen_oficial,False,,"Examen oficial PN Escala Básica 42a promoción (2025), pregunta 77. T7 - SES: Inspección de Personal y Servicios","Procedencia: examen oficial PN 42a promoción (2025), pregunta 77. Estructura DGP (RD 207/2024 / Orden INT/859/2023); no contrastable en BOE-600."
pn-of42-p78,8,ALTA,La Unidad Nacional de Retirada de Contenidos Ilícitos en Internet (UNECI) depende de:,CITCO.,Brigada Central de Investigación Tecnológica.,Brigada Central de Seguridad Informática.,,A,verificada,oficial,oficial,examen_oficial,False,,"Examen oficial PN Escala Básica 42a promoción (2025), pregunta 78. T8 - DGP / CITCO","Procedencia: examen oficial PN 42a promoción (2025), pregunta 78. Estructura DGP (RD 207/2024 / Orden INT/859/2023); no contrastable en BOE-600."
pn-of42-p79,29,ALTA,¿Qué autor define los valores como «la manera de ser o de obrar que una persona o colectividad juzgan ideales y que hacen deseables o estimables a los seres o a las conductas a los que se atribuye dicho valor»:,Joseph Fichter.,Guy Rocher.,Milton Rokeach.,,B,verificada,oficial,oficial,examen_oficial,False,,"Examen oficial PN Escala Básica 42a promoción (2025), pregunta 79. T29 - Valores sociales (Guy Rocher)","Procedencia: examen oficial PN 42a promoción (2025), pregunta 79."
pn-of42-p80,37,ALTA,¿Cuál de las siguientes frases está escrita correctamente?,En caso de emergencia habrán salidas señalizadas.,Varios trabajadores abandonaron el estudio motu proprio como medida de protesta.,"Los síntomas iniciales pueden ser leves, sobretodo en enfermedades de evolución lenta.",,B,verificada,oficial,oficial,examen_oficial,False,,"Examen oficial PN Escala Básica 42a promoción (2025), pregunta 80. T37 - Ortografia","Procedencia: examen oficial PN 42a promoción (2025), pregunta 80. Comparte encabezado generico de ortografia con p57; preguntas distintas. Deduplicar por external_id."
pn-of42-p81,8,ALTA,"El Área de Innovación Formativa, se encarga de la realización de los planes y proyectos relacionados con el campus virtual de formación de la Policía Nacional, la gestión de las tecnologías, promoviendo la cultura digital en la organización a través de la formación, y depende de la:",Subdirección General de Recursos Humanos y Formación.,Secretaría General de la División de Formación y Perfeccionamiento.,División de Operaciones y Transformación Digital.,,B,verificada,oficial,oficial,examen_oficial,False,,"Examen oficial PN Escala Básica 42a promoción (2025), pregunta 81. T8 - DGP: División de Formación","Procedencia: examen oficial PN 42a promoción (2025), pregunta 81. Estructura DGP (RD 207/2024 / Orden INT/859/2023); no contrastable en BOE-600."
pn-of42-p82,45,ALTA,"Dentro de la Estrategia de Seguridad Vial 2030, ¿cuál es el factor esencial, aunque no siempre explícito, del Sistema Seguro en la seguridad vial?",Factor ambiental.,Factor humano.,Factor vehículo.,,B,verificada,oficial,oficial,examen_oficial,False,,"Examen oficial PN Escala Básica 42a promoción (2025), pregunta 82. T45 - PRL en seguridad vial (Estrategia 2030)","Procedencia: examen oficial PN 42a promoción (2025), pregunta 82."
pn-of42-p83,8,ALTA,De la Unidad de Planificación Estratégica y Coordinación depende:,El Servicio de Planificación y Prospectiva.,"La Sección de Seguimiento, Inteligencia y Coordinación.",El Centro Nacional de Comunicaciones.,,C,verificada,oficial,oficial,examen_oficial,False,,"Examen oficial PN Escala Básica 42a promoción (2025), pregunta 83. T8 - DGP: estructura","Procedencia: examen oficial PN 42a promoción (2025), pregunta 83. Estructura DGP (RD 207/2024 / Orden INT/859/2023); no contrastable en BOE-600."
pn-of42-p84,9,ALTA,"Velar por la integridad física de las personas a quién detuvieren se encuentra recogido dentro de los Principios Básicos de Actuación, en concreto en el apartado:",Adecuación al ordenamiento jurídico.,Relaciones con la comunidad.,Tratamiento de detenidos.,,C,verificada,oficial,oficial,examen_oficial,False,,"Examen oficial PN Escala Básica 42a promoción (2025), pregunta 84. T9 - LO 2/1986: principios basicos de actuación","Procedencia: examen oficial PN 42a promoción (2025), pregunta 84."
pn-of42-p85,38,ALTA,¿Qué tipo de sistema operativo es IBM AIX?,Sistema operativo para dispositivos móviles.,Sistema operativo para servidores.,Sistema operativo multiplataforma.,,B,verificada,oficial,oficial,examen_oficial,False,,"Examen oficial PN Escala Básica 42a promoción (2025), pregunta 85. T38 - Sistemas operativos","Procedencia: examen oficial PN 42a promoción (2025), pregunta 85."
pn-of42-p86,45,ALTA,Los servicios de prevención tendrán carácter:,Interdisciplinario.,Colectivo.,Integral.,,A,verificada,oficial,oficial,examen_oficial,False,,"Examen oficial PN Escala Básica 42a promoción (2025), pregunta 86. T45/T24 - Servicios de prevención","Procedencia: examen oficial PN 42a promoción (2025), pregunta 86. Obs.mapa: PRL: roza marco general (T24/T25)"
pn-of42-p87,8,ALTA,¿Dónde está integrada la Unidad de Prevención de Riesgos Laborales y Protección Socio-Sanitaria de la Policía Nacional?:,En la División de Personal,En la Subdirección General de Logística e Innovación,En la Subdirección General de Recursos Humanos y Formación.,,C,verificada,oficial,oficial,examen_oficial,False,,"Examen oficial PN Escala Básica 42a promoción (2025), pregunta 87. T8 - DGP: Unidad de PRL de la PN","Procedencia: examen oficial PN 42a promoción (2025), pregunta 87. Obs.mapa: Orgánica PN (roza PRL T25) Estructura DGP (RD 207/2024 / Orden INT/859/2023); no contrastable en BOE-600."
pn-of42-p88,29,ALTA,¿Cuál de las siguientes necesidades NO se corresponde con las demás según la pirámide de Maslow?,La respiración.,La amistad.,Las necesidades alimenticias.,,B,verificada,oficial,oficial,examen_oficial,False,,"Examen oficial PN Escala Básica 42a promoción (2025), pregunta 88. T29 - Psicologia social (Maslow)","Procedencia: examen oficial PN 42a promoción (2025), pregunta 88."
pn-of42-p89,41,ALTA,"Aquel ataque de ingeniería social, variante del spear phishing, que se caracteriza porque el fraude está dirigido a miembros de la organización, principalmente ejecutivos de alto nivel, con el objeto de obtener sus claves, contraseñas y todo tipo de información confidencial que permita a los atacantes acceso y control de los sistemas de información de la empresa se denomina:",Smishing.,Whaling.,Spoofing.,,B,verificada,oficial,oficial,examen_oficial,False,,"Examen oficial PN Escala Básica 42a promoción (2025), pregunta 89. T41 - Ciberdelincuencia: spear phishing","Procedencia: examen oficial PN 42a promoción (2025), pregunta 89."
pn-of42-p90,8,ALTA,¿Cuáles son las unidades básicas de la organización policial en las grandes urbes?:,Comisarías de distrito.,Comisarías zonales.,Comisarías locales.,,A,verificada,oficial,oficial,examen_oficial,False,,"Examen oficial PN Escala Básica 42a promoción (2025), pregunta 90. T8 - DGP: organización territorial","Procedencia: examen oficial PN 42a promoción (2025), pregunta 90. Estructura DGP (RD 207/2024 / Orden INT/859/2023); no contrastable en BOE-600."
pn-of42-p91,5,ALTA,"Según la Ley 50/1997, del Gobierno, ¿cuál de las siguientes opciones NO corresponde a las funciones del Consejo de Ministros?","Acordar la negociación y firma de Tratados internacionales, así como su aplicación provisional.","Declarar los estados de excepción y sitio, así como proponer al Congreso de los Diputados la declaración del estado de alarma.","Disponer la emisión de Deuda Pública o contraer crédito, cuando haya sido autorizado por una Ley.",,B,verificada,oficial,oficial,examen_oficial,False,,"Examen oficial PN Escala Básica 42a promoción (2025), pregunta 91. T5 - El Gobierno (Ley 50/1997)","Procedencia: examen oficial PN 42a promoción (2025), pregunta 91."
pn-of42-p92,12,ALTA,"Concluida la instrucción por la Oficina de Asilo y Refugio, ésta elevará la correspondiente propuesta de resolución debidamente motivada e individualizada al Ministro del Interior, a través de la:",Dirección General de Extranjería e Inmigración.,Comisión Interministerial de Inmigración.,Secretaría de Estado de Migraciones.,,B,verificada,oficial,oficial,examen_oficial,False,,"Examen oficial PN Escala Básica 42a promoción (2025), pregunta 92. T12 - Protección internacional (Oficina Asilo)","Procedencia: examen oficial PN 42a promoción (2025), pregunta 92. Obs.mapa: Reverificar el órgano de tramitación La opción nombra mal el órgano: es Comisión Interministerial de ASILO Y REFUGIO (Ley 12/2009 art.24), no de Inmigración. Revisar."
pn-of42-p93,18,ALTA,"Un anciano ha dejado la puerta de su casa abierta mientras riega el jardín. Dos individuos observan la situación y mientras uno distrae al anciano, el otro accede al interior de la vivienda donde rompe la caja fuerte y se apropia de un anillo de oro. Califique la conducta.",Hurto en concurso con allanamiento de morada.,Robo con fuerza.,Estafa a persona desvalida.,,B,verificada,oficial,oficial,examen_oficial,False,,"Examen oficial PN Escala Básica 42a promoción (2025), pregunta 93. T18 - DP patrimonio: robo con fuerza","Procedencia: examen oficial PN 42a promoción (2025), pregunta 93."
pn-of42-p94,34,ALTA,El consumo combinado de heroína y cocaína se le conoce como:,Fire Ball.,Speed Ball.,Candyflip.,,B,verificada,oficial,oficial,examen_oficial,False,,"Examen oficial PN Escala Básica 42a promoción (2025), pregunta 94. T34 - Drogodependencias","Procedencia: examen oficial PN 42a promoción (2025), pregunta 94."
pn-of42-p95,40,ALTA,"Dentro de la multitud de herramientas y servicios útiles a la hora de implementar un sistema OSINT, se halla un buscador especializado que permite entre otras cosas localizar ordenadores, webcams e impresoras, basándose en el software, la dirección IP y la ubicación geográfica, denominado:",Knowem.,Pipl.,Shodan.,,C,verificada,oficial,oficial,examen_oficial,False,,"Examen oficial PN Escala Básica 42a promoción (2025), pregunta 95. T40 - Inteligencia/OSINT","Procedencia: examen oficial PN 42a promoción (2025), pregunta 95."
pn-of42-p96,11,ALTA,"Conforme dispone la LO 4/2000, de 11 enero, sobre derechos y libertades de los extranjeros en España y su integración social, las infracciones graves en materia de extranjería prescribirán a los:",Cuatro años.,Tres años.,Dos años.,,C,verificada,oficial,BOE,examen_oficial,False,,LO 4/2000 (graves prescriben 2 años),"Procedencia: examen oficial PN 42a promoción (2025), pregunta 96."
pn-of42-p97,5,ALTA,¿Cuál de estas funciones corresponde ejercer a un Ayuntamiento?,La trasposición de la normativa emanada del Estado y la Comunidad Autónoma correspond.,El Gobierno y la administración municipal.,La formación política del Municipio.,,B,verificada,oficial,oficial,examen_oficial,False,,"Examen oficial PN Escala Básica 42a promoción (2025), pregunta 97. T5 - AGE / Administración local","Procedencia: examen oficial PN 42a promoción (2025), pregunta 97. Obs.mapa: Encaje en organización administrativa; reverificar tema-cajon"
pn-of42-p98,30,ALTA,"El Observatorio Español de Racismo y Xenofobia ha sido uno de los partícipes, entre otros, del lanzamiento, este año 2025, de una innovadora metodología de monitorización diseñada para la identificación y el análisis a tiempo real de los contenidos de discurso de odio con motivaciones racistas, xenófobas, islamófobas, antisemitas y antigitanas en las principales redes sociales:",Sistema FARO.,Sistema CORS.,Sistema VARS.,,A,verificada,oficial,oficial,examen_oficial,False,,"OBERAXE + LALIGA, Sistema FARO (Filtrado y Analisis de Odio en las Redes Sociales), lanzado 11-mar-2025 (Ministerio de Inclusion, Seguridad Social y Migraciones)","Examen oficial PN 42a (2025) p98. Correcta A (Sistema FARO), CONFIRMADA contra fuente oficial OBERAXE: metodologia de monitorizacion en tiempo real del discurso de odio en redes, lanzada el 11-mar-2025 por OBERAXE y LALIGA. CORS y VARS no existen. Verificado 3x (inclusion.gob.es/OBERAXE)."
pn-of42-p99,31,ALTA,¿Cómo es conocida la iniciativa sobre la ruta migratoria UE-Cuerno de África que se centra en la prevención y la lucha contra el tráfico de migrantes y la trata de personas?,Proceso de Túnez.,Proceso de Jartum.,Proceso de Dakar.,,B,verificada,oficial,oficial,examen_oficial,False,,"Examen oficial PN Escala Básica 42a promoción (2025), pregunta 99. T31 - Inmigración / movimientos migratorios","Procedencia: examen oficial PN 42a promoción (2025), pregunta 99."
pn-of42-p100,45,ALTA,"Conforme regula el Real Decreto 2/2006, de 16 de enero, por el que se establecen normas sobre prevención de riesgos laborales en la actividad de los funcionarios del Cuerpo Nacional de Policía, y de acuerdo con el censo de electores de cada escala para representantes en el Consejo de la Policía, ¿cuántos electores serán necesarios para designar a 8 delegados de prevención?",Más de 5.000 electores.,Más de 6.000 electores.,Más de 7.000 electores.,,C,verificada,oficial,BOE,examen_oficial,False,,"RD 2/2006, art. 14 (>7.000 electores=8 delegados)","Procedencia: examen oficial PN 42a promoción (2025), pregunta 100. Obs.mapa: PRL funcionarios CNP (roza T25) Corrige el error de T45 (escala RD 2/2006 art.14, no Ley 31/1995)."
